# Blender v2.93.18 OBJ File: ''
# www.blender.org
o Cube_Cube.001
v -160.002441 0.000000 149.979492
v -160.002441 2.000000 149.979492
v -160.002441 0.000000 -149.999985
v -160.002441 2.000000 -150.000000
v 160.002441 0.000000 149.979492
v 160.002441 2.000000 149.979492
v 160.002441 0.000000 -150.000000
v 160.002441 2.000000 -150.000000
v 152.197449 0.000000 -150.000000
v 144.392456 0.000000 -150.000000
v 136.587463 0.000000 -150.000000
v 128.782471 0.000000 -150.000000
v 120.977470 0.000000 -150.000000
v 113.172470 0.000000 -150.000000
v 105.367477 0.000000 -150.000000
v 97.562485 0.000000 -150.000000
v 89.757492 0.000000 -150.000000
v 81.952499 0.000000 -150.000000
v 74.147499 0.000000 -150.000000
v 66.342499 0.000000 -150.000000
v 58.537498 0.000000 -150.000000
v 50.732498 0.000000 -150.000000
v 42.927498 0.000000 -150.000000
v 35.122501 0.000000 -150.000000
v 27.317505 0.000000 -150.000000
v 19.512506 0.000000 -150.000000
v 11.707508 0.000000 -150.000000
v 3.902510 0.000000 -150.000000
v -3.902488 0.000000 -150.000000
v -11.707485 0.000000 -150.000000
v -19.512482 0.000000 -150.000000
v -27.317478 0.000000 -150.000000
v -35.122475 0.000000 -150.000000
v -42.927475 0.000000 -150.000000
v -50.732475 0.000000 -150.000000
v -58.537476 0.000000 -150.000000
v -66.342476 0.000000 -150.000000
v -74.147476 0.000000 -150.000000
v -81.952469 0.000000 -150.000000
v -89.757462 0.000000 -150.000000
v -97.562454 0.000000 -150.000000
v -105.367447 0.000000 -150.000000
v -113.172447 0.000000 -150.000000
v -120.977440 0.000000 -150.000000
v -128.782440 0.000000 -150.000000
v -136.587448 0.000000 -150.000000
v -144.392441 0.000000 -150.000000
v -152.197433 0.000000 -149.999985
v -152.197449 2.000000 -150.000000
v -144.392456 2.000000 -150.000000
v -136.587463 2.000000 -150.000000
v -128.782471 2.000000 -150.000000
v -120.977470 2.000000 -150.000000
v -113.172470 2.000000 -150.000000
v -105.367477 2.000000 -150.000000
v -97.562485 2.000000 -150.000000
v -89.757492 2.000000 -150.000000
v -81.952499 2.000000 -150.000000
v -74.147499 2.000000 -150.000000
v -66.342499 2.000000 -150.000000
v -58.537498 2.000000 -150.000000
v -50.732498 2.000000 -150.000000
v -42.927498 2.000000 -150.000000
v -35.122501 2.000000 -150.000000
v -27.317505 2.000000 -150.000000
v -19.512506 2.000000 -150.000000
v -11.707508 2.000000 -150.000000
v -3.902510 2.000000 -150.000000
v 3.902488 2.000000 -150.000000
v 11.707485 2.000000 -150.000000
v 19.512482 2.000000 -150.000000
v 27.317478 2.000000 -150.000000
v 35.122475 2.000000 -150.000000
v 42.927475 2.000000 -150.000000
v 50.732475 2.000000 -150.000000
v 58.537476 2.000000 -150.000000
v 66.342476 2.000000 -150.000000
v 74.147476 2.000000 -150.000000
v 81.952469 2.000000 -150.000000
v 89.757462 2.000000 -150.000000
v 97.562454 2.000000 -150.000000
v 105.367447 2.000000 -150.000000
v 113.172447 2.000000 -150.000000
v 120.977440 2.000000 -150.000000
v 128.782440 2.000000 -150.000000
v 136.587448 2.000000 -150.000000
v 144.392441 2.000000 -150.000000
v 152.197433 2.000000 -150.000000
v -152.197449 0.000000 149.979492
v -144.392456 0.000000 149.979492
v -136.587463 0.000000 149.979492
v -128.782471 0.000000 149.979492
v -120.977470 0.000000 149.979492
v -113.172470 0.000000 149.979492
v -105.367477 0.000000 149.979492
v -97.562485 0.000000 149.979492
v -89.757492 0.000000 149.979492
v -81.952499 0.000000 149.979492
v -74.147499 0.000000 149.979492
v -66.342499 0.000000 149.979492
v -58.537498 0.000000 149.979492
v -50.732498 0.000000 149.979492
v -42.927498 0.000000 149.979492
v -35.122501 0.000000 149.979492
v -27.317505 0.000000 149.979492
v -19.512506 0.000000 149.979492
v -11.707508 0.000000 149.979492
v -3.902510 0.000000 149.979492
v 3.902488 0.000000 149.979492
v 11.707485 0.000000 149.979492
v 19.512482 0.000000 149.979492
v 27.317478 0.000000 149.979492
v 35.122475 0.000000 149.979492
v 42.927475 0.000000 149.979492
v 50.732475 0.000000 149.979492
v 58.537476 0.000000 149.979492
v 66.342476 0.000000 149.979492
v 74.147476 0.000000 149.979492
v 81.952469 0.000000 149.979492
v 89.757462 0.000000 149.979492
v 97.562454 0.000000 149.979492
v 105.367447 0.000000 149.979492
v 113.172447 0.000000 149.979492
v 120.977440 0.000000 149.979492
v 128.782440 0.000000 149.979492
v 136.587448 0.000000 149.979492
v 144.392441 0.000000 149.979492
v 152.197433 0.000000 149.979492
v 152.197449 2.000000 149.979492
v 144.392456 2.000000 149.979492
v 136.587463 2.000000 149.979492
v 128.782471 2.000000 149.979492
v 120.977470 2.000000 149.979492
v 113.172470 2.000000 149.979492
v 105.367477 2.000000 149.979492
v 97.562485 2.000000 149.979492
v 89.757492 2.000000 149.979492
v 81.952499 2.000000 149.979492
v 74.147499 2.000000 149.979492
v 66.342499 2.000000 149.979492
v 58.537498 2.000000 149.979492
v 50.732498 2.000000 149.979492
v 42.927498 2.000000 149.979492
v 35.122501 2.000000 149.979492
v 27.317505 2.000000 149.979492
v 19.512506 2.000000 149.979492
v 11.707508 2.000000 149.979492
v 3.902510 2.000000 149.979492
v -3.902488 2.000000 149.979492
v -11.707485 2.000000 149.979492
v -19.512482 2.000000 149.979492
v -27.317478 2.000000 149.979492
v -35.122475 2.000000 149.979492
v -42.927475 2.000000 149.979492
v -50.732475 2.000000 149.979492
v -58.537476 2.000000 149.979492
v -66.342476 2.000000 149.979492
v -74.147476 2.000000 149.979492
v -81.952469 2.000000 149.979492
v -89.757462 2.000000 149.979492
v -97.562454 2.000000 149.979492
v -105.367447 2.000000 149.979492
v -113.172447 2.000000 149.979492
v -120.977440 2.000000 149.979492
v -128.782440 2.000000 149.979492
v -136.587448 2.000000 149.979492
v -144.392441 2.000000 149.979492
v -152.197433 2.000000 149.979492
v -160.002441 0.000000 -142.500488
v -160.002441 0.000000 -135.001007
v -160.002441 0.000000 -127.501518
v -160.002441 0.000000 -120.002029
v -160.002441 0.000000 -112.502548
v -160.002441 0.000000 -105.003052
v -160.002441 0.000000 -97.503571
v -160.002441 0.000000 -90.004082
v -160.002441 0.000000 -82.504593
v -160.002441 0.000000 -75.005119
v -160.002441 0.000000 -67.505630
v -160.002441 0.000000 -60.006142
v -160.002441 0.000000 -52.506653
v -160.002441 0.000000 -45.007172
v -160.002441 0.000000 -37.507698
v -160.002441 0.000000 -30.008209
v -160.002441 0.000000 -22.508728
v -160.002441 0.000000 -15.009247
v -160.002441 0.000000 -7.509750
v -160.002441 0.000000 -0.010269
v -160.002441 0.000000 7.489212
v -160.002441 0.000000 14.988693
v -160.002441 0.000000 22.488190
v -160.002441 0.000000 29.987671
v -160.002441 0.000000 37.487167
v -160.002441 0.000000 44.986649
v -160.002441 0.000000 52.486130
v -160.002441 0.000000 59.985626
v -160.002441 0.000000 67.485107
v -160.002441 0.000000 74.984589
v -160.002441 0.000000 82.484055
v -160.002441 0.000000 89.983551
v -160.002441 0.000000 97.483032
v -160.002441 0.000000 104.982529
v -160.002441 0.000000 112.482025
v -160.002441 0.000000 119.981506
v -160.002441 0.000000 127.481018
v -160.002441 0.000000 134.980499
v -160.002441 0.000000 142.480011
v -160.002441 2.000000 142.480011
v -160.002441 2.000000 134.980530
v -160.002441 2.000000 127.481049
v -160.002441 2.000000 119.981567
v -160.002441 2.000000 112.482056
v -160.002441 2.000000 104.982590
v -160.002441 2.000000 97.483093
v -160.002441 2.000000 89.983612
v -160.002441 2.000000 82.484131
v -160.002441 2.000000 74.984650
v -160.002441 2.000000 67.485168
v -160.002441 2.000000 59.985672
v -160.002441 2.000000 52.486191
v -160.002441 2.000000 44.986710
v -160.002441 2.000000 37.487213
v -160.002441 2.000000 29.987732
v -160.002441 2.000000 22.488251
v -160.002441 2.000000 14.988770
v -160.002441 2.000000 7.489288
v -160.002441 2.000000 -0.010208
v -160.002441 2.000000 -7.509689
v -160.002441 2.000000 -15.009186
v -160.002441 2.000000 -22.508682
v -160.002441 2.000000 -30.008163
v -160.002441 2.000000 -37.507645
v -160.002441 2.000000 -45.007141
v -160.002441 2.000000 -52.506638
v -160.002441 2.000000 -60.006119
v -160.002441 2.000000 -67.505615
v -160.002441 2.000000 -75.005104
v -160.002441 2.000000 -82.504593
v -160.002441 2.000000 -90.004082
v -160.002441 2.000000 -97.503571
v -160.002441 2.000000 -105.003059
v -160.002441 2.000000 -112.502548
v -160.002441 2.000000 -120.002045
v -160.002441 2.000000 -127.501526
v -160.002441 2.000000 -135.001022
v -160.002441 2.000000 -142.500504
v 160.002441 0.000000 142.480011
v 160.002441 0.000000 134.980530
v 160.002441 0.000000 127.481049
v 160.002441 0.000000 119.981567
v 160.002441 0.000000 112.482056
v 160.002441 0.000000 104.982590
v 160.002441 0.000000 97.483093
v 160.002441 0.000000 89.983612
v 160.002441 0.000000 82.484131
v 160.002441 0.000000 74.984650
v 160.002441 0.000000 67.485168
v 160.002441 0.000000 59.985672
v 160.002441 0.000000 52.486191
v 160.002441 0.000000 44.986710
v 160.002441 0.000000 37.487213
v 160.002441 0.000000 29.987732
v 160.002441 0.000000 22.488251
v 160.002441 0.000000 14.988770
v 160.002441 0.000000 7.489288
v 160.002441 0.000000 -0.010208
v 160.002441 0.000000 -7.509689
v 160.002441 0.000000 -15.009186
v 160.002441 0.000000 -22.508682
v 160.002441 0.000000 -30.008163
v 160.002441 0.000000 -37.507645
v 160.002441 0.000000 -45.007141
v 160.002441 0.000000 -52.506638
v 160.002441 0.000000 -60.006119
v 160.002441 0.000000 -67.505615
v 160.002441 0.000000 -75.005104
v 160.002441 0.000000 -82.504593
v 160.002441 0.000000 -90.004082
v 160.002441 0.000000 -97.503571
v 160.002441 0.000000 -105.003059
v 160.002441 0.000000 -112.502548
v 160.002441 0.000000 -120.002045
v 160.002441 0.000000 -127.501526
v 160.002441 0.000000 -135.001022
v 160.002441 0.000000 -142.500504
v 160.002441 2.000000 -142.500519
v 160.002441 2.000000 -135.001022
v 160.002441 2.000000 -127.501541
v 160.002441 2.000000 -120.002052
v 160.002441 2.000000 -112.502563
v 160.002441 2.000000 -105.003075
v 160.002441 2.000000 -97.503586
v 160.002441 2.000000 -90.004105
v 160.002441 2.000000 -82.504616
v 160.002441 2.000000 -75.005127
v 160.002441 2.000000 -67.505638
v 160.002441 2.000000 -60.006149
v 160.002441 2.000000 -52.506668
v 160.002441 2.000000 -45.007179
v 160.002441 2.000000 -37.507698
v 160.002441 2.000000 -30.008209
v 160.002441 2.000000 -22.508728
v 160.002441 2.000000 -15.009247
v 160.002441 2.000000 -7.509750
v 160.002441 2.000000 -0.010269
v 160.002441 2.000000 7.489212
v 160.002441 2.000000 14.988693
v 160.002441 2.000000 22.488190
v 160.002441 2.000000 29.987671
v 160.002441 2.000000 37.487167
v 160.002441 2.000000 44.986649
v 160.002441 2.000000 52.486130
v 160.002441 2.000000 59.985626
v 160.002441 2.000000 67.485107
v 160.002441 2.000000 74.984589
v 160.002441 2.000000 82.484070
v 160.002441 2.000000 89.983551
v 160.002441 2.000000 97.483047
v 160.002441 2.000000 104.982529
v 160.002441 2.000000 112.482025
v 160.002441 2.000000 119.981506
v 160.002441 2.000000 127.481018
v 160.002441 2.000000 134.980499
v 160.002441 2.000000 142.480011
v 152.197433 2.000000 -142.500519
v 152.197433 2.000000 -135.001022
v 152.197433 2.000000 -127.501541
v 152.197433 2.000000 -120.002052
v 152.197433 2.000000 -112.502563
v 152.197433 2.000000 -105.003075
v 152.197433 2.000000 -97.503586
v 152.197433 2.000000 -90.004105
v 152.197433 2.000000 -82.504616
v 152.197433 2.000000 -75.005127
v 152.197433 2.000000 -67.505638
v 152.197433 2.000000 -60.006149
v 152.197433 2.000000 -52.506668
v 152.197433 2.000000 -45.007179
v 152.197433 2.000000 -37.507698
v 152.197433 2.000000 -30.008209
v 152.197433 2.000000 -22.508728
v 152.197433 2.000000 -15.009247
v 152.197433 2.000000 -7.509750
v 152.197433 2.000000 -0.010269
v 152.197433 2.000000 7.489212
v 152.197433 2.000000 14.988693
v 152.197433 2.000000 22.488190
v 152.197433 2.000000 29.987671
v 152.197433 2.000000 37.487167
v 152.197433 2.000000 44.986649
v 152.197433 2.000000 52.486130
v 152.197433 2.000000 59.985626
v 152.197433 2.000000 67.485107
v 152.197433 2.000000 74.984589
v 152.197433 2.000000 82.484070
v 152.197433 2.000000 89.983551
v 152.197433 2.000000 97.483047
v 152.197433 2.000000 104.982529
v 152.197433 2.000000 112.482025
v 152.197433 2.000000 119.981506
v 152.197433 2.000000 127.481018
v 152.197433 2.000000 134.980499
v 152.197433 2.000000 142.480011
v 144.392441 2.000000 -142.500519
v 144.392441 2.000000 -135.001022
v 144.392441 2.000000 -127.501541
v 144.392441 2.000000 -120.002052
v 144.392441 2.000000 -112.502563
v 144.392441 2.000000 -105.003075
v 144.392441 2.000000 -97.503586
v 144.392441 2.000000 -90.004105
v 144.392441 2.000000 -82.504616
v 144.392441 2.000000 -75.005127
v 144.392441 2.000000 -67.505638
v 144.392441 2.000000 -60.006149
v 144.392441 2.000000 -52.506668
v 144.392441 2.000000 -45.007179
v 144.392441 2.000000 -37.507698
v 144.392441 2.000000 -30.008209
v 144.392441 2.000000 -22.508728
v 144.392441 2.000000 -15.009247
v 144.392441 2.000000 -7.509750
v 144.392441 2.000000 -0.010269
v 144.392441 2.000000 7.489212
v 144.392441 2.000000 14.988693
v 144.392441 2.000000 22.488190
v 144.392441 2.000000 29.987671
v 144.392441 2.000000 37.487167
v 144.392441 2.000000 44.986649
v 144.392441 2.000000 52.486130
v 144.392441 2.000000 59.985626
v 144.392441 2.000000 67.485107
v 144.392441 2.000000 74.984589
v 144.392441 2.000000 82.484070
v 144.392441 2.000000 89.983551
v 144.392441 2.000000 97.483047
v 144.392441 2.000000 104.982529
v 144.392441 2.000000 112.482025
v 144.392441 2.000000 119.981506
v 144.392441 2.000000 127.481018
v 144.392441 2.000000 134.980499
v 144.392456 2.000000 142.480011
v 136.587448 2.000000 -142.500519
v 136.587448 2.000000 -135.001022
v 136.587448 2.000000 -127.501541
v 136.587448 2.000000 -120.002052
v 136.587448 2.000000 -112.502563
v 136.587448 2.000000 -105.003075
v 136.587448 2.000000 -97.503586
v 136.587448 2.000000 -90.004105
v 136.587448 2.000000 -82.504616
v 136.587448 2.000000 -75.005127
v 136.587448 2.000000 -67.505638
v 136.587448 2.000000 -60.006149
v 136.587448 2.000000 -52.506668
v 136.587448 2.000000 -45.007179
v 136.587448 2.000000 -37.507698
v 136.587448 2.000000 -30.008209
v 136.587448 2.000000 -22.508728
v 136.587448 2.000000 -15.009247
v 136.587448 2.000000 -7.509750
v 136.587448 2.000000 -0.010269
v 136.587448 2.000000 7.489212
v 136.587448 2.000000 14.988693
v 136.587448 2.000000 22.488190
v 136.587448 2.000000 29.987671
v 136.587448 2.000000 37.487167
v 136.587448 2.000000 44.986649
v 136.587448 2.000000 52.486130
v 136.587448 2.000000 59.985626
v 136.587448 2.000000 67.485107
v 136.587448 2.000000 74.984589
v 136.587448 2.000000 82.484070
v 136.587448 2.000000 89.983551
v 136.587448 2.000000 97.483047
v 136.587448 2.000000 104.982529
v 136.587448 2.000000 112.482025
v 136.587448 2.000000 119.981506
v 136.587448 2.000000 127.481018
v 136.587448 2.000000 134.980499
v 136.587448 2.000000 142.480011
v 128.782440 2.000000 -142.500519
v 128.782440 2.000000 -135.001022
v 128.782440 2.000000 -127.501541
v 128.782440 2.000000 -120.002052
v 128.782440 2.000000 -112.502563
v 128.782440 2.000000 -105.003075
v 128.782440 2.000000 -97.503586
v 128.782440 2.000000 -90.004105
v 128.782440 2.000000 -82.504616
v 128.782440 2.000000 -75.005127
v 128.782440 2.000000 -67.505638
v 128.782440 2.000000 -60.006149
v 128.782440 2.000000 -52.506668
v 128.782440 2.000000 -45.007179
v 128.782440 2.000000 -37.507698
v 128.782440 2.000000 -30.008209
v 128.782440 2.000000 -22.508728
v 128.782440 2.000000 -15.009247
v 128.782440 2.000000 -7.509750
v 128.782440 2.000000 -0.010269
v 128.782440 2.000000 7.489212
v 128.782440 2.000000 14.988693
v 128.782440 2.000000 22.488190
v 128.782440 2.000000 29.987671
v 128.782440 2.000000 37.487167
v 128.782440 2.000000 44.986649
v 128.782440 2.000000 52.486130
v 128.782440 2.000000 59.985626
v 128.782440 2.000000 67.485107
v 128.782440 2.000000 74.984589
v 128.782440 2.000000 82.484070
v 128.782440 2.000000 89.983551
v 128.782440 2.000000 97.483047
v 128.782440 2.000000 104.982529
v 128.782440 2.000000 112.482025
v 128.782440 2.000000 119.981506
v 128.782440 2.000000 127.481018
v 128.782455 2.000000 134.980499
v 128.782471 2.000000 142.480011
v 120.977440 2.000000 -142.500519
v 120.977440 2.000000 -135.001022
v 120.977440 2.000000 -127.501541
v 120.977440 2.000000 -120.002052
v 120.977440 2.000000 -112.502563
v 120.977440 2.000000 -105.003075
v 120.977440 2.000000 -97.503586
v 120.977440 2.000000 -90.004105
v 120.977440 2.000000 -82.504616
v 120.977440 2.000000 -75.005127
v 120.977440 2.000000 -67.505638
v 120.977440 2.000000 -60.006149
v 120.977440 2.000000 -52.506668
v 120.977440 2.000000 -45.007179
v 120.977440 2.000000 -37.507698
v 120.977440 2.000000 -30.008209
v 120.977440 2.000000 -22.508728
v 120.977440 2.000000 -15.009247
v 120.977440 2.000000 -7.509750
v 120.977440 2.000000 -0.010269
v 120.977440 2.000000 7.489212
v 120.977440 2.000000 14.988693
v 120.977440 2.000000 22.488190
v 120.977440 2.000000 29.987671
v 120.977440 2.000000 37.487167
v 120.977440 2.000000 44.986649
v 120.977440 2.000000 52.486130
v 120.977440 2.000000 59.985626
v 120.977440 2.000000 67.485107
v 120.977440 2.000000 74.984589
v 120.977440 2.000000 82.484070
v 120.977440 2.000000 89.983551
v 120.977440 2.000000 97.483047
v 120.977440 2.000000 104.982529
v 120.977440 2.000000 112.482025
v 120.977448 2.000000 119.981506
v 120.977463 2.000000 127.481018
v 120.977463 2.000000 134.980499
v 120.977463 2.000000 142.480011
v 113.172447 2.000000 -142.500519
v 113.172447 2.000000 -135.001022
v 113.172447 2.000000 -127.501541
v 113.172447 2.000000 -120.002052
v 113.172447 2.000000 -112.502563
v 113.172447 2.000000 -105.003075
v 113.172447 2.000000 -97.503586
v 113.172447 2.000000 -90.004105
v 113.172447 2.000000 -82.504616
v 113.172447 2.000000 -75.005127
v 113.172447 2.000000 -67.505638
v 113.172447 2.000000 -60.006149
v 113.172447 2.000000 -52.506668
v 113.172447 2.000000 -45.007179
v 113.172447 2.000000 -37.507698
v 113.172447 2.000000 -30.008209
v 113.172447 2.000000 -22.508728
v 113.172447 2.000000 -15.009247
v 113.172447 2.000000 -7.509750
v 113.172447 2.000000 -0.010269
v 113.172447 2.000000 7.489212
v 113.172447 2.000000 14.988693
v 113.172447 2.000000 22.488190
v 113.172447 2.000000 29.987671
v 113.172447 2.000000 37.487167
v 113.172447 2.000000 44.986649
v 113.172447 2.000000 52.486130
v 113.172447 2.000000 59.985626
v 113.172447 2.000000 67.485107
v 113.172447 2.000000 74.984589
v 113.172447 2.000000 82.484070
v 113.172447 2.000000 89.983551
v 113.172447 2.000000 97.483047
v 113.172447 2.000000 104.982529
v 113.172455 2.000000 112.482025
v 113.172455 2.000000 119.981506
v 113.172455 2.000000 127.481018
v 113.172462 2.000000 134.980499
v 113.172470 2.000000 142.480011
v 105.367447 2.000000 -142.500519
v 105.367447 2.000000 -135.001022
v 105.367447 2.000000 -127.501541
v 105.367447 2.000000 -120.002052
v 105.367447 2.000000 -112.502563
v 105.367447 2.000000 -105.003075
v 105.367447 2.000000 -97.503586
v 105.367447 2.000000 -90.004105
v 105.367447 2.000000 -82.504616
v 105.367447 2.000000 -75.005127
v 105.367447 2.000000 -67.505638
v 105.367447 2.000000 -60.006149
v 105.367447 2.000000 -52.506668
v 105.367447 2.000000 -45.007179
v 105.367447 2.000000 -37.507698
v 105.367447 2.000000 -30.008209
v 105.367447 2.000000 -22.508728
v 105.367447 2.000000 -15.009247
v 105.367447 2.000000 -7.509750
v 105.367447 2.000000 -0.010269
v 105.367447 2.000000 7.489212
v 105.367447 2.000000 14.988693
v 105.367447 2.000000 22.488190
v 105.367447 2.000000 29.987671
v 105.367447 2.000000 37.487167
v 105.367447 2.000000 44.986649
v 105.367447 2.000000 52.486130
v 105.367447 2.000000 59.985626
v 105.367447 2.000000 67.485107
v 105.367447 2.000000 74.984589
v 105.367447 2.000000 82.484070
v 105.367447 2.000000 89.983551
v 105.367447 2.000000 97.483047
v 105.367447 2.000000 104.982529
v 105.367447 2.000000 112.482025
v 105.367462 2.000000 119.981506
v 105.367470 2.000000 127.481018
v 105.367470 2.000000 134.980499
v 105.367470 2.000000 142.480011
v 97.562454 2.000000 -142.500519
v 97.562454 2.000000 -135.001022
v 97.562454 2.000000 -127.501541
v 97.562454 2.000000 -120.002052
v 97.562454 2.000000 -112.502563
v 97.562454 2.000000 -105.003075
v 97.562454 2.000000 -97.503586
v 97.562454 2.000000 -90.004105
v 97.562454 2.000000 -82.504616
v 97.562454 2.000000 -75.005127
v 97.562454 2.000000 -67.505638
v 97.562454 2.000000 -60.006149
v 97.562454 2.000000 -52.506668
v 97.562454 2.000000 -45.007179
v 97.562454 2.000000 -37.507698
v 97.562454 2.000000 -30.008209
v 97.562454 2.000000 -22.508728
v 97.562454 2.000000 -15.009247
v 97.562454 2.000000 -7.509750
v 97.562454 2.000000 -0.010269
v 97.562454 2.000000 7.489212
v 97.562454 2.000000 14.988693
v 97.562454 2.000000 22.488190
v 97.562454 2.000000 29.987671
v 97.562454 2.000000 37.487167
v 97.562454 2.000000 44.986649
v 97.562454 2.000000 52.486130
v 97.562454 2.000000 59.985626
v 97.562454 2.000000 67.485107
v 97.562454 2.000000 74.984589
v 97.562454 2.000000 82.484070
v 97.562454 2.000000 89.983551
v 97.562454 2.000000 97.483047
v 97.562454 2.000000 104.982529
v 97.562469 2.000000 112.482025
v 97.562469 2.000000 119.981506
v 97.562469 2.000000 127.481018
v 97.562477 2.000000 134.980499
v 97.562485 2.000000 142.480011
v 89.757462 2.000000 -142.500519
v 89.757462 2.000000 -135.001022
v 89.757462 2.000000 -127.501541
v 89.757462 2.000000 -120.002052
v 89.757462 2.000000 -112.502563
v 89.757462 2.000000 -105.003075
v 89.757462 2.000000 -97.503586
v 89.757462 2.000000 -90.004105
v 89.757462 2.000000 -82.504616
v 89.757462 2.000000 -75.005127
v 89.757462 2.000000 -67.505638
v 89.757462 2.000000 -60.006149
v 89.757462 2.000000 -52.506668
v 89.757462 2.000000 -45.007179
v 89.757462 2.000000 -37.507698
v 89.757462 2.000000 -30.008209
v 89.757462 2.000000 -22.508728
v 89.757462 2.000000 -15.009247
v 89.757462 2.000000 -7.509750
v 89.757462 2.000000 -0.010269
v 89.757462 2.000000 7.489212
v 89.757462 2.000000 14.988693
v 89.757462 2.000000 22.488190
v 89.757462 2.000000 29.987671
v 89.757462 2.000000 37.487167
v 89.757462 2.000000 44.986649
v 89.757462 2.000000 52.486130
v 89.757462 2.000000 59.985626
v 89.757462 2.000000 67.485107
v 89.757462 2.000000 74.984589
v 89.757462 2.000000 82.484070
v 89.757462 2.000000 89.983551
v 89.757462 2.000000 97.483047
v 89.757462 2.000000 104.982529
v 89.757462 2.000000 112.482025
v 89.757469 2.000000 119.981506
v 89.757477 2.000000 127.481018
v 89.757477 2.000000 134.980499
v 89.757477 2.000000 142.480011
v 81.952469 2.000000 -142.500519
v 81.952469 2.000000 -135.001022
v 81.952469 2.000000 -127.501541
v 81.952469 2.000000 -120.002052
v 81.952469 2.000000 -112.502563
v 81.952469 2.000000 -105.003075
v 81.952469 2.000000 -97.503586
v 81.952469 2.000000 -90.004105
v 81.952469 2.000000 -82.504616
v 81.952469 2.000000 -75.005127
v 81.952469 2.000000 -67.505638
v 81.952469 2.000000 -60.006149
v 81.952469 2.000000 -52.506668
v 81.952469 2.000000 -45.007179
v 81.952469 2.000000 -37.507698
v 81.952469 2.000000 -30.008209
v 81.952469 2.000000 -22.508728
v 81.952469 2.000000 -15.009247
v 81.952469 2.000000 -7.509750
v 81.952469 2.000000 -0.010269
v 81.952469 2.000000 7.489212
v 81.952469 2.000000 14.988693
v 81.952469 2.000000 22.488190
v 81.952469 2.000000 29.987671
v 81.952469 2.000000 37.487167
v 81.952469 2.000000 44.986649
v 81.952469 2.000000 52.486130
v 81.952469 2.000000 59.985626
v 81.952469 2.000000 67.485107
v 81.952469 2.000000 74.984589
v 81.952469 2.000000 82.484070
v 81.952469 2.000000 89.983551
v 81.952469 2.000000 97.483047
v 81.952469 2.000000 104.982529
v 81.952477 2.000000 112.482025
v 81.952477 2.000000 119.981506
v 81.952477 2.000000 127.481018
v 81.952484 2.000000 134.980499
v 81.952499 2.000000 142.480011
v 74.147476 2.000000 -142.500519
v 74.147476 2.000000 -135.001022
v 74.147476 2.000000 -127.501541
v 74.147476 2.000000 -120.002052
v 74.147476 2.000000 -112.502563
v 74.147476 2.000000 -105.003075
v 74.147476 2.000000 -97.503586
v 74.147476 2.000000 -90.004105
v 74.147476 2.000000 -82.504616
v 74.147476 2.000000 -75.005127
v 74.147476 2.000000 -67.505638
v 74.147476 2.000000 -60.006149
v 74.147476 2.000000 -52.506668
v 74.147476 2.000000 -45.007179
v 74.147476 2.000000 -37.507698
v 74.147476 2.000000 -30.008209
v 74.147476 2.000000 -22.508728
v 74.147476 2.000000 -15.009247
v 74.147476 2.000000 -7.509750
v 74.147476 2.000000 -0.010269
v 74.147476 2.000000 7.489212
v 74.147476 2.000000 14.988693
v 74.147476 2.000000 22.488190
v 74.147476 2.000000 29.987671
v 74.147476 2.000000 37.487167
v 74.147476 2.000000 44.986649
v 74.147476 2.000000 52.486130
v 74.147476 2.000000 59.985626
v 74.147476 2.000000 67.485107
v 74.147476 2.000000 74.984589
v 74.147476 2.000000 82.484070
v 74.147476 2.000000 89.983551
v 74.147484 2.000000 97.483047
v 74.147484 2.000000 104.982529
v 74.147484 2.000000 112.482025
v 74.147484 2.000000 119.981506
v 74.147491 2.000000 127.481018
v 74.147491 2.000000 134.980499
v 74.147491 2.000000 142.480011
v 66.342476 2.000000 -142.500519
v 66.342476 2.000000 -135.001022
v 66.342476 2.000000 -127.501541
v 66.342476 2.000000 -120.002052
v 66.342476 2.000000 -112.502563
v 66.342476 2.000000 -105.003075
v 66.342476 2.000000 -97.503586
v 66.342476 2.000000 -90.004105
v 66.342476 2.000000 -82.504616
v 66.342476 2.000000 -75.005127
v 66.342476 2.000000 -67.505638
v 66.342476 2.000000 -60.006149
v 66.342476 2.000000 -52.506668
v 66.342476 2.000000 -45.007179
v 66.342476 2.000000 -37.507698
v 66.342476 2.000000 -30.008209
v 66.342476 2.000000 -22.508728
v 66.342476 2.000000 -15.009247
v 66.342476 2.000000 -7.509750
v 66.342476 2.000000 -0.010269
v 66.342476 2.000000 7.489212
v 66.342476 2.000000 14.988693
v 66.342476 2.000000 22.488190
v 66.342476 2.000000 29.987671
v 66.342476 2.000000 37.487167
v 66.342476 2.000000 44.986649
v 66.342476 2.000000 52.486130
v 66.342476 2.000000 59.985626
v 66.342476 2.000000 67.485107
v 66.342476 2.000000 74.984589
v 66.342476 2.000000 82.484070
v 66.342476 2.000000 89.983551
v 66.342476 2.000000 97.483047
v 66.342484 2.000000 104.982529
v 66.342484 2.000000 112.482025
v 66.342484 2.000000 119.981506
v 66.342484 2.000000 127.481018
v 66.342491 2.000000 134.980499
v 66.342499 2.000000 142.480011
v 58.537476 2.000000 -142.500519
v 58.537476 2.000000 -135.001022
v 58.537476 2.000000 -127.501541
v 58.537476 2.000000 -120.002052
v 58.537476 2.000000 -112.502563
v 58.537476 2.000000 -105.003075
v 58.537476 2.000000 -97.503586
v 58.537476 2.000000 -90.004105
v 58.537476 2.000000 -82.504616
v 58.537476 2.000000 -75.005127
v 58.537476 2.000000 -67.505638
v 58.537476 2.000000 -60.006149
v 58.537476 2.000000 -52.506668
v 58.537476 2.000000 -45.007179
v 58.537476 2.000000 -37.507698
v 58.537476 2.000000 -30.008209
v 58.537476 2.000000 -22.508728
v 58.537476 2.000000 -15.009247
v 58.537476 2.000000 -7.509750
v 58.537476 2.000000 -0.010269
v 58.537476 2.000000 7.489212
v 58.537476 2.000000 14.988693
v 58.537476 2.000000 22.488190
v 58.537476 2.000000 29.987671
v 58.537476 2.000000 37.487167
v 58.537476 2.000000 44.986649
v 58.537476 2.000000 52.486130
v 58.537476 2.000000 59.985626
v 58.537476 2.000000 67.485107
v 58.537476 2.000000 74.984589
v 58.537476 2.000000 82.484070
v 58.537479 2.000000 89.983551
v 58.537483 2.000000 97.483047
v 58.537483 2.000000 104.982529
v 58.537483 2.000000 112.482025
v 58.537487 2.000000 119.981506
v 58.537491 2.000000 127.481018
v 58.537491 2.000000 134.980499
v 58.537491 2.000000 142.480011
v 50.732475 2.000000 -142.500519
v 50.732475 2.000000 -135.001022
v 50.732475 2.000000 -127.501541
v 50.732475 2.000000 -120.002052
v 50.732475 2.000000 -112.502563
v 50.732475 2.000000 -105.003075
v 50.732475 2.000000 -97.503586
v 50.732475 2.000000 -90.004105
v 50.732475 2.000000 -82.504616
v 50.732475 2.000000 -75.005127
v 50.732475 2.000000 -67.505638
v 50.732475 2.000000 -60.006149
v 50.732475 2.000000 -52.506668
v 50.732475 2.000000 -45.007179
v 50.732475 2.000000 -37.507698
v 50.732475 2.000000 -30.008209
v 50.732475 2.000000 -22.508728
v 50.732475 2.000000 -15.009247
v 50.732475 2.000000 -7.509750
v 50.732475 2.000000 -0.010269
v 50.732475 2.000000 7.489212
v 50.732475 2.000000 14.988693
v 50.732475 2.000000 22.488190
v 50.732475 2.000000 29.987671
v 50.732475 2.000000 37.487167
v 50.732475 2.000000 44.986649
v 50.732475 2.000000 52.486130
v 50.732475 2.000000 59.985626
v 50.732475 2.000000 67.485107
v 50.732475 2.000000 74.984589
v 50.732479 2.000000 82.484070
v 50.732479 2.000000 89.983551
v 50.732479 2.000000 97.483047
v 50.732483 2.000000 104.982529
v 50.732491 2.000000 112.482025
v 50.732491 2.000000 119.981506
v 50.732491 2.000000 127.481018
v 50.732494 2.000000 134.980499
v 50.732498 2.000000 142.480011
v 42.927475 2.000000 -142.500519
v 42.927475 2.000000 -135.001022
v 42.927475 2.000000 -127.501541
v 42.927475 2.000000 -120.002052
v 42.927475 2.000000 -112.502563
v 42.927475 2.000000 -105.003075
v 42.927475 2.000000 -97.503586
v 42.927475 2.000000 -90.004105
v 42.927475 2.000000 -82.504616
v 42.927475 2.000000 -75.005127
v 42.927475 2.000000 -67.505638
v 42.927475 2.000000 -60.006149
v 42.927475 2.000000 -52.506668
v 42.927475 2.000000 -45.007179
v 42.927475 2.000000 -37.507698
v 42.927475 2.000000 -30.008209
v 42.927475 2.000000 -22.508728
v 42.927475 2.000000 -15.009247
v 42.927475 2.000000 -7.509750
v 42.927475 2.000000 -0.010269
v 42.927475 2.000000 7.489212
v 42.927475 2.000000 14.988693
v 42.927475 2.000000 22.488190
v 42.927475 2.000000 29.987671
v 42.927475 2.000000 37.487167
v 42.927475 2.000000 44.986649
v 42.927475 2.000000 52.486130
v 42.927475 2.000000 59.985626
v 42.927475 2.000000 67.485107
v 42.927475 2.000000 74.984589
v 42.927475 2.000000 82.484070
v 42.927479 2.000000 89.983551
v 42.927483 2.000000 97.483047
v 42.927483 2.000000 104.982529
v 42.927483 2.000000 112.482025
v 42.927490 2.000000 119.981506
v 42.927494 2.000000 127.481018
v 42.927494 2.000000 134.980499
v 42.927494 2.000000 142.480011
v 35.122475 2.000000 -142.500519
v 35.122475 2.000000 -135.001022
v 35.122475 2.000000 -127.501541
v 35.122475 2.000000 -120.002052
v 35.122475 2.000000 -112.502563
v 35.122475 2.000000 -105.003075
v 35.122475 2.000000 -97.503586
v 35.122475 2.000000 -90.004105
v 35.122475 2.000000 -82.504616
v 35.122475 2.000000 -75.005127
v 35.122475 2.000000 -67.505638
v 35.122475 2.000000 -60.006149
v 35.122475 2.000000 -52.506668
v 35.122475 2.000000 -45.007179
v 35.122475 2.000000 -37.507698
v 35.122475 2.000000 -30.008209
v 35.122475 2.000000 -22.508728
v 35.122475 2.000000 -15.009247
v 35.122475 2.000000 -7.509750
v 35.122478 2.000000 -0.010269
v 35.122482 2.000000 7.489212
v 35.122482 2.000000 14.988693
v 35.122482 2.000000 22.488190
v 35.122482 2.000000 29.987671
v 35.122486 2.000000 37.487167
v 35.122486 2.000000 44.986649
v 35.122486 2.000000 52.486130
v 35.122486 2.000000 59.985626
v 35.122490 2.000000 67.485107
v 35.122490 2.000000 74.984589
v 35.122490 2.000000 82.484070
v 35.122494 2.000000 89.983551
v 35.122494 2.000000 97.483047
v 35.122494 2.000000 104.982529
v 35.122494 2.000000 112.482025
v 35.122498 2.000000 119.981506
v 35.122498 2.000000 127.481018
v 35.122498 2.000000 134.980499
v 35.122498 2.000000 142.480011
v 27.317478 2.000000 -142.500519
v 27.317478 2.000000 -135.001022
v 27.317478 2.000000 -127.501541
v 27.317478 2.000000 -120.002052
v 27.317478 2.000000 -112.502563
v 27.317478 2.000000 -105.003075
v 27.317478 2.000000 -97.503586
v 27.317478 2.000000 -90.004105
v 27.317478 2.000000 -82.504616
v 27.317478 2.000000 -75.005127
v 27.317478 2.000000 -67.505638
v 27.317478 2.000000 -60.006149
v 27.317478 2.000000 -52.506668
v 27.317478 2.000000 -45.007179
v 27.317478 2.000000 -37.507698
v 27.317478 2.000000 -30.008209
v 27.317478 2.000000 -22.508728
v 27.317478 2.000000 -15.009247
v 27.317482 2.000000 -7.509750
v 27.317482 2.000000 -0.010269
v 27.317482 2.000000 7.489212
v 27.317484 2.000000 14.988693
v 27.317486 2.000000 22.488190
v 27.317486 2.000000 29.987671
v 27.317486 2.000000 37.487167
v 27.317488 2.000000 44.986649
v 27.317490 2.000000 52.486130
v 27.317490 2.000000 59.985626
v 27.317490 2.000000 67.485107
v 27.317493 2.000000 74.984589
v 27.317495 2.000000 82.484070
v 27.317495 2.000000 89.983551
v 27.317495 2.000000 97.483047
v 27.317497 2.000000 104.982529
v 27.317501 2.000000 112.482025
v 27.317501 2.000000 119.981506
v 27.317501 2.000000 127.481018
v 27.317503 2.000000 134.980499
v 27.317505 2.000000 142.480011
v 19.512484 2.000000 -142.500519
v 19.512484 2.000000 -135.001022
v 19.512484 2.000000 -127.501541
v 19.512486 2.000000 -120.002052
v 19.512486 2.000000 -112.502563
v 19.512486 2.000000 -105.003075
v 19.512486 2.000000 -97.503586
v 19.512487 2.000000 -90.004105
v 19.512489 2.000000 -82.504616
v 19.512489 2.000000 -75.005127
v 19.512489 2.000000 -67.505638
v 19.512489 2.000000 -60.006149
v 19.512491 2.000000 -52.506668
v 19.512491 2.000000 -45.007179
v 19.512491 2.000000 -37.507698
v 19.512493 2.000000 -30.008209
v 19.512493 2.000000 -22.508728
v 19.512493 2.000000 -15.009247
v 19.512493 2.000000 -7.509750
v 19.512495 2.000000 -0.010269
v 19.512497 2.000000 7.489212
v 19.512497 2.000000 14.988693
v 19.512497 2.000000 22.488190
v 19.512497 2.000000 29.987671
v 19.512499 2.000000 37.487167
v 19.512499 2.000000 44.986649
v 19.512499 2.000000 52.486130
v 19.512499 2.000000 59.985626
v 19.512501 2.000000 67.485107
v 19.512501 2.000000 74.984589
v 19.512501 2.000000 82.484070
v 19.512503 2.000000 89.983551
v 19.512503 2.000000 97.483047
v 19.512503 2.000000 104.982529
v 19.512503 2.000000 112.482025
v 19.512505 2.000000 119.981506
v 19.512505 2.000000 127.481018
v 19.512505 2.000000 134.980499
v 19.512505 2.000000 142.480011
v 11.707485 2.000000 -142.500519
v 11.707486 2.000000 -135.001022
v 11.707487 2.000000 -127.501541
v 11.707487 2.000000 -120.002052
v 11.707487 2.000000 -112.502563
v 11.707488 2.000000 -105.003075
v 11.707489 2.000000 -97.503586
v 11.707489 2.000000 -90.004105
v 11.707489 2.000000 -82.504616
v 11.707491 2.000000 -75.005127
v 11.707492 2.000000 -67.505638
v 11.707492 2.000000 -60.006149
v 11.707492 2.000000 -52.506668
v 11.707493 2.000000 -45.007179
v 11.707495 2.000000 -37.507698
v 11.707495 2.000000 -30.008209
v 11.707495 2.000000 -22.508728
v 11.707496 2.000000 -15.009247
v 11.707497 2.000000 -7.509750
v 11.707497 2.000000 -0.010269
v 11.707497 2.000000 7.489212
v 11.707498 2.000000 14.988693
v 11.707499 2.000000 22.488190
v 11.707499 2.000000 29.987671
v 11.707499 2.000000 37.487167
v 11.707500 2.000000 44.986649
v 11.707501 2.000000 52.486130
v 11.707501 2.000000 59.985626
v 11.707501 2.000000 67.485107
v 11.707502 2.000000 74.984589
v 11.707504 2.000000 82.484070
v 11.707504 2.000000 89.983551
v 11.707504 2.000000 97.483047
v 11.707505 2.000000 104.982529
v 11.707506 2.000000 112.482025
v 11.707506 2.000000 119.981506
v 11.707506 2.000000 127.481018
v 11.707507 2.000000 134.980499
v 11.707508 2.000000 142.480011
v 3.902488 2.000000 -142.500519
v 3.902489 2.000000 -135.001022
v 3.902490 2.000000 -127.501541
v 3.902490 2.000000 -120.002052
v 3.902491 2.000000 -112.502563
v 3.902491 2.000000 -105.003075
v 3.902492 2.000000 -97.503586
v 3.902493 2.000000 -90.004105
v 3.902493 2.000000 -82.504616
v 3.902494 2.000000 -75.005127
v 3.902494 2.000000 -67.505638
v 3.902495 2.000000 -60.006149
v 3.902495 2.000000 -52.506668
v 3.902496 2.000000 -45.007179
v 3.902497 2.000000 -37.507698
v 3.902497 2.000000 -30.008209
v 3.902498 2.000000 -22.508728
v 3.902498 2.000000 -15.009247
v 3.902499 2.000000 -7.509750
v 3.902500 2.000000 -0.010269
v 3.902500 2.000000 7.489212
v 3.902501 2.000000 14.988693
v 3.902502 2.000000 22.488190
v 3.902502 2.000000 29.987671
v 3.902503 2.000000 37.487167
v 3.902503 2.000000 44.986649
v 3.902504 2.000000 52.486130
v 3.902504 2.000000 59.985626
v 3.902505 2.000000 67.485107
v 3.902506 2.000000 74.984589
v 3.902506 2.000000 82.484070
v 3.902507 2.000000 89.983551
v 3.902507 2.000000 97.483047
v 3.902508 2.000000 104.982529
v 3.902508 2.000000 112.482025
v 3.902509 2.000000 119.981506
v 3.902509 2.000000 127.481018
v 3.902509 2.000000 134.980499
v 3.902510 2.000000 142.480011
v -3.902510 2.000000 -142.500519
v -3.902509 2.000000 -135.001022
v -3.902509 2.000000 -127.501541
v -3.902508 2.000000 -120.002052
v -3.902507 2.000000 -112.502563
v -3.902507 2.000000 -105.003075
v -3.902506 2.000000 -97.503586
v -3.902506 2.000000 -90.004105
v -3.902505 2.000000 -82.504616
v -3.902504 2.000000 -75.005127
v -3.902504 2.000000 -67.505638
v -3.902503 2.000000 -60.006149
v -3.902503 2.000000 -52.506668
v -3.902502 2.000000 -45.007179
v -3.902502 2.000000 -37.507698
v -3.902501 2.000000 -30.008209
v -3.902500 2.000000 -22.508728
v -3.902500 2.000000 -15.009247
v -3.902499 2.000000 -7.509750
v -3.902498 2.000000 -0.010269
v -3.902498 2.000000 7.489212
v -3.902497 2.000000 14.988693
v -3.902497 2.000000 22.488190
v -3.902496 2.000000 29.987671
v -3.902495 2.000000 37.487167
v -3.902495 2.000000 44.986649
v -3.902494 2.000000 52.486130
v -3.902494 2.000000 59.985626
v -3.902493 2.000000 67.485107
v -3.902493 2.000000 74.984589
v -3.902492 2.000000 82.484070
v -3.902491 2.000000 89.983551
v -3.902491 2.000000 97.483047
v -3.902490 2.000000 104.982529
v -3.902490 2.000000 112.482025
v -3.902490 2.000000 119.981506
v -3.902489 2.000000 127.481018
v -3.902489 2.000000 134.980499
v -3.902488 2.000000 142.480011
v -11.707508 2.000000 -142.500519
v -11.707507 2.000000 -135.001022
v -11.707506 2.000000 -127.501541
v -11.707506 2.000000 -120.002052
v -11.707506 2.000000 -112.502563
v -11.707505 2.000000 -105.003075
v -11.707504 2.000000 -97.503586
v -11.707504 2.000000 -90.004105
v -11.707504 2.000000 -82.504616
v -11.707502 2.000000 -75.005127
v -11.707501 2.000000 -67.505638
v -11.707501 2.000000 -60.006149
v -11.707501 2.000000 -52.506668
v -11.707500 2.000000 -45.007179
v -11.707499 2.000000 -37.507698
v -11.707499 2.000000 -30.008209
v -11.707499 2.000000 -22.508728
v -11.707498 2.000000 -15.009247
v -11.707497 2.000000 -7.509750
v -11.707497 2.000000 -0.010269
v -11.707497 2.000000 7.489212
v -11.707496 2.000000 14.988693
v -11.707495 2.000000 22.488190
v -11.707495 2.000000 29.987671
v -11.707495 2.000000 37.487167
v -11.707493 2.000000 44.986649
v -11.707492 2.000000 52.486130
v -11.707492 2.000000 59.985626
v -11.707492 2.000000 67.485107
v -11.707491 2.000000 74.984589
v -11.707489 2.000000 82.484070
v -11.707489 2.000000 89.983551
v -11.707489 2.000000 97.483047
v -11.707488 2.000000 104.982529
v -11.707487 2.000000 112.482025
v -11.707487 2.000000 119.981506
v -11.707487 2.000000 127.481018
v -11.707486 2.000000 134.980499
v -11.707485 2.000000 142.480011
v -19.512505 2.000000 -142.500519
v -19.512505 2.000000 -135.001022
v -19.512503 2.000000 -127.501541
v -19.512503 2.000000 -120.002052
v -19.512503 2.000000 -112.502563
v -19.512503 2.000000 -105.003075
v -19.512501 2.000000 -97.503586
v -19.512501 2.000000 -90.004105
v -19.512501 2.000000 -82.504616
v -19.512499 2.000000 -75.005127
v -19.512499 2.000000 -67.505638
v -19.512499 2.000000 -60.006149
v -19.512499 2.000000 -52.506668
v -19.512497 2.000000 -45.007179
v -19.512497 2.000000 -37.507698
v -19.512497 2.000000 -30.008209
v -19.512497 2.000000 -22.508728
v -19.512495 2.000000 -15.009247
v -19.512493 2.000000 -7.509750
v -19.512493 2.000000 -0.010269
v -19.512493 2.000000 7.489212
v -19.512493 2.000000 14.988693
v -19.512491 2.000000 22.488190
v -19.512491 2.000000 29.987671
v -19.512491 2.000000 37.487167
v -19.512489 2.000000 44.986649
v -19.512489 2.000000 52.486130
v -19.512489 2.000000 59.985626
v -19.512489 2.000000 67.485107
v -19.512487 2.000000 74.984589
v -19.512486 2.000000 82.484070
v -19.512486 2.000000 89.983551
v -19.512486 2.000000 97.483047
v -19.512486 2.000000 104.982529
v -19.512484 2.000000 112.482025
v -19.512484 2.000000 119.981506
v -19.512484 2.000000 127.481018
v -19.512484 2.000000 134.980499
v -19.512482 2.000000 142.480011
v -27.317505 2.000000 -142.500519
v -27.317505 2.000000 -135.001022
v -27.317505 2.000000 -127.501541
v -27.317505 2.000000 -120.002052
v -27.317505 2.000000 -112.502563
v -27.317505 2.000000 -105.003075
v -27.317505 2.000000 -97.503586
v -27.317505 2.000000 -90.004105
v -27.317505 2.000000 -82.504616
v -27.317505 2.000000 -75.005127
v -27.317505 2.000000 -67.505638
v -27.317505 2.000000 -60.006149
v -27.317505 2.000000 -52.506668
v -27.317505 2.000000 -45.007179
v -27.317505 2.000000 -37.507698
v -27.317505 2.000000 -30.008209
v -27.317505 2.000000 -22.508728
v -27.317505 2.000000 -15.009247
v -27.317505 2.000000 -7.509750
v -27.317503 2.000000 -0.010269
v -27.317501 2.000000 7.489212
v -27.317501 2.000000 14.988693
v -27.317501 2.000000 22.488190
v -27.317497 2.000000 29.987671
v -27.317495 2.000000 37.487167
v -27.317495 2.000000 44.986649
v -27.317495 2.000000 52.486130
v -27.317493 2.000000 59.985626
v -27.317490 2.000000 67.485107
v -27.317490 2.000000 74.984589
v -27.317490 2.000000 82.484070
v -27.317488 2.000000 89.983551
v -27.317486 2.000000 97.483047
v -27.317486 2.000000 104.982529
v -27.317486 2.000000 112.482025
v -27.317484 2.000000 119.981506
v -27.317482 2.000000 127.481018
v -27.317482 2.000000 134.980499
v -27.317482 2.000000 142.480011
v -35.122501 2.000000 -142.500519
v -35.122501 2.000000 -135.001022
v -35.122501 2.000000 -127.501541
v -35.122501 2.000000 -120.002052
v -35.122501 2.000000 -112.502563
v -35.122501 2.000000 -105.003075
v -35.122501 2.000000 -97.503586
v -35.122501 2.000000 -90.004105
v -35.122501 2.000000 -82.504616
v -35.122501 2.000000 -75.005127
v -35.122501 2.000000 -67.505638
v -35.122501 2.000000 -60.006149
v -35.122501 2.000000 -52.506668
v -35.122501 2.000000 -45.007179
v -35.122501 2.000000 -37.507698
v -35.122501 2.000000 -30.008209
v -35.122501 2.000000 -22.508728
v -35.122501 2.000000 -15.009247
v -35.122498 2.000000 -7.509750
v -35.122498 2.000000 -0.010269
v -35.122498 2.000000 7.489212
v -35.122498 2.000000 14.988693
v -35.122494 2.000000 22.488190
v -35.122494 2.000000 29.987671
v -35.122494 2.000000 37.487167
v -35.122494 2.000000 44.986649
v -35.122490 2.000000 52.486130
v -35.122490 2.000000 59.985626
v -35.122490 2.000000 67.485107
v -35.122486 2.000000 74.984589
v -35.122486 2.000000 82.484070
v -35.122486 2.000000 89.983551
v -35.122486 2.000000 97.483047
v -35.122482 2.000000 104.982529
v -35.122482 2.000000 112.482025
v -35.122482 2.000000 119.981506
v -35.122482 2.000000 127.481018
v -35.122478 2.000000 134.980499
v -35.122475 2.000000 142.480011
v -42.927498 2.000000 -142.500519
v -42.927498 2.000000 -135.001022
v -42.927498 2.000000 -127.501541
v -42.927498 2.000000 -120.002052
v -42.927498 2.000000 -112.502563
v -42.927498 2.000000 -105.003075
v -42.927498 2.000000 -97.503586
v -42.927498 2.000000 -90.004105
v -42.927498 2.000000 -82.504616
v -42.927498 2.000000 -75.005127
v -42.927498 2.000000 -67.505638
v -42.927498 2.000000 -60.006149
v -42.927498 2.000000 -52.506668
v -42.927498 2.000000 -45.007179
v -42.927498 2.000000 -37.507698
v -42.927498 2.000000 -30.008209
v -42.927498 2.000000 -22.508728
v -42.927498 2.000000 -15.009247
v -42.927498 2.000000 -7.509750
v -42.927498 2.000000 -0.010269
v -42.927498 2.000000 7.489212
v -42.927498 2.000000 14.988693
v -42.927498 2.000000 22.488190
v -42.927498 2.000000 29.987671
v -42.927498 2.000000 37.487167
v -42.927498 2.000000 44.986649
v -42.927498 2.000000 52.486130
v -42.927498 2.000000 59.985626
v -42.927498 2.000000 67.485107
v -42.927498 2.000000 74.984589
v -42.927494 2.000000 82.484070
v -42.927494 2.000000 89.983551
v -42.927494 2.000000 97.483047
v -42.927490 2.000000 104.982529
v -42.927483 2.000000 112.482025
v -42.927483 2.000000 119.981506
v -42.927483 2.000000 127.481018
v -42.927479 2.000000 134.980499
v -42.927475 2.000000 142.480011
v -50.732498 2.000000 -142.500519
v -50.732498 2.000000 -135.001022
v -50.732498 2.000000 -127.501541
v -50.732498 2.000000 -120.002052
v -50.732498 2.000000 -112.502563
v -50.732498 2.000000 -105.003075
v -50.732498 2.000000 -97.503586
v -50.732498 2.000000 -90.004105
v -50.732498 2.000000 -82.504616
v -50.732498 2.000000 -75.005127
v -50.732498 2.000000 -67.505638
v -50.732498 2.000000 -60.006149
v -50.732498 2.000000 -52.506668
v -50.732498 2.000000 -45.007179
v -50.732498 2.000000 -37.507698
v -50.732498 2.000000 -30.008209
v -50.732498 2.000000 -22.508728
v -50.732498 2.000000 -15.009247
v -50.732498 2.000000 -7.509750
v -50.732498 2.000000 -0.010269
v -50.732498 2.000000 7.489212
v -50.732498 2.000000 14.988693
v -50.732498 2.000000 22.488190
v -50.732498 2.000000 29.987671
v -50.732498 2.000000 37.487167
v -50.732498 2.000000 44.986649
v -50.732498 2.000000 52.486130
v -50.732498 2.000000 59.985626
v -50.732498 2.000000 67.485107
v -50.732498 2.000000 74.984589
v -50.732498 2.000000 82.484070
v -50.732494 2.000000 89.983551
v -50.732491 2.000000 97.483047
v -50.732491 2.000000 104.982529
v -50.732491 2.000000 112.482025
v -50.732483 2.000000 119.981506
v -50.732479 2.000000 127.481018
v -50.732479 2.000000 134.980499
v -50.732479 2.000000 142.480011
v -58.537498 2.000000 -142.500519
v -58.537498 2.000000 -135.001022
v -58.537498 2.000000 -127.501541
v -58.537498 2.000000 -120.002052
v -58.537498 2.000000 -112.502563
v -58.537498 2.000000 -105.003075
v -58.537498 2.000000 -97.503586
v -58.537498 2.000000 -90.004105
v -58.537498 2.000000 -82.504616
v -58.537498 2.000000 -75.005127
v -58.537498 2.000000 -67.505638
v -58.537498 2.000000 -60.006149
v -58.537498 2.000000 -52.506668
v -58.537498 2.000000 -45.007179
v -58.537498 2.000000 -37.507698
v -58.537498 2.000000 -30.008209
v -58.537498 2.000000 -22.508728
v -58.537498 2.000000 -15.009247
v -58.537498 2.000000 -7.509750
v -58.537498 2.000000 -0.010269
v -58.537498 2.000000 7.489212
v -58.537498 2.000000 14.988693
v -58.537498 2.000000 22.488190
v -58.537498 2.000000 29.987671
v -58.537498 2.000000 37.487167
v -58.537498 2.000000 44.986649
v -58.537498 2.000000 52.486130
v -58.537498 2.000000 59.985626
v -58.537498 2.000000 67.485107
v -58.537498 2.000000 74.984589
v -58.537491 2.000000 82.484070
v -58.537491 2.000000 89.983551
v -58.537491 2.000000 97.483047
v -58.537487 2.000000 104.982529
v -58.537483 2.000000 112.482025
v -58.537483 2.000000 119.981506
v -58.537483 2.000000 127.481018
v -58.537479 2.000000 134.980499
v -58.537476 2.000000 142.480011
v -66.342499 2.000000 -142.500519
v -66.342499 2.000000 -135.001022
v -66.342499 2.000000 -127.501541
v -66.342499 2.000000 -120.002052
v -66.342499 2.000000 -112.502563
v -66.342499 2.000000 -105.003075
v -66.342499 2.000000 -97.503586
v -66.342499 2.000000 -90.004105
v -66.342499 2.000000 -82.504616
v -66.342499 2.000000 -75.005127
v -66.342499 2.000000 -67.505638
v -66.342499 2.000000 -60.006149
v -66.342499 2.000000 -52.506668
v -66.342499 2.000000 -45.007179
v -66.342499 2.000000 -37.507698
v -66.342499 2.000000 -30.008209
v -66.342499 2.000000 -22.508728
v -66.342499 2.000000 -15.009247
v -66.342499 2.000000 -7.509750
v -66.342499 2.000000 -0.010269
v -66.342499 2.000000 7.489212
v -66.342499 2.000000 14.988693
v -66.342499 2.000000 22.488190
v -66.342499 2.000000 29.987671
v -66.342499 2.000000 37.487167
v -66.342499 2.000000 44.986649
v -66.342499 2.000000 52.486130
v -66.342499 2.000000 59.985626
v -66.342499 2.000000 67.485107
v -66.342499 2.000000 74.984589
v -66.342499 2.000000 82.484070
v -66.342491 2.000000 89.983551
v -66.342484 2.000000 97.483047
v -66.342484 2.000000 104.982529
v -66.342484 2.000000 112.482025
v -66.342484 2.000000 119.981506
v -66.342476 2.000000 127.481018
v -66.342476 2.000000 134.980499
v -66.342476 2.000000 142.480011
v -74.147499 2.000000 -142.500519
v -74.147499 2.000000 -135.001022
v -74.147499 2.000000 -127.501541
v -74.147499 2.000000 -120.002052
v -74.147499 2.000000 -112.502563
v -74.147499 2.000000 -105.003075
v -74.147499 2.000000 -97.503586
v -74.147499 2.000000 -90.004105
v -74.147499 2.000000 -82.504616
v -74.147499 2.000000 -75.005127
v -74.147499 2.000000 -67.505638
v -74.147499 2.000000 -60.006149
v -74.147499 2.000000 -52.506668
v -74.147499 2.000000 -45.007179
v -74.147499 2.000000 -37.507698
v -74.147499 2.000000 -30.008209
v -74.147499 2.000000 -22.508728
v -74.147499 2.000000 -15.009247
v -74.147499 2.000000 -7.509750
v -74.147499 2.000000 -0.010269
v -74.147499 2.000000 7.489212
v -74.147499 2.000000 14.988693
v -74.147499 2.000000 22.488190
v -74.147499 2.000000 29.987671
v -74.147499 2.000000 37.487167
v -74.147499 2.000000 44.986649
v -74.147499 2.000000 52.486130
v -74.147499 2.000000 59.985626
v -74.147499 2.000000 67.485107
v -74.147499 2.000000 74.984589
v -74.147491 2.000000 82.484070
v -74.147491 2.000000 89.983551
v -74.147491 2.000000 97.483047
v -74.147484 2.000000 104.982529
v -74.147484 2.000000 112.482025
v -74.147484 2.000000 119.981506
v -74.147484 2.000000 127.481018
v -74.147476 2.000000 134.980499
v -74.147476 2.000000 142.480011
v -81.952499 2.000000 -142.500519
v -81.952499 2.000000 -135.001022
v -81.952499 2.000000 -127.501541
v -81.952499 2.000000 -120.002052
v -81.952499 2.000000 -112.502563
v -81.952499 2.000000 -105.003075
v -81.952499 2.000000 -97.503586
v -81.952499 2.000000 -90.004105
v -81.952499 2.000000 -82.504616
v -81.952499 2.000000 -75.005127
v -81.952499 2.000000 -67.505638
v -81.952499 2.000000 -60.006149
v -81.952499 2.000000 -52.506668
v -81.952499 2.000000 -45.007179
v -81.952499 2.000000 -37.507698
v -81.952499 2.000000 -30.008209
v -81.952499 2.000000 -22.508728
v -81.952499 2.000000 -15.009247
v -81.952499 2.000000 -7.509750
v -81.952499 2.000000 -0.010269
v -81.952499 2.000000 7.489212
v -81.952499 2.000000 14.988693
v -81.952499 2.000000 22.488190
v -81.952499 2.000000 29.987671
v -81.952499 2.000000 37.487167
v -81.952499 2.000000 44.986649
v -81.952499 2.000000 52.486130
v -81.952499 2.000000 59.985626
v -81.952499 2.000000 67.485107
v -81.952499 2.000000 74.984589
v -81.952499 2.000000 82.484070
v -81.952499 2.000000 89.983551
v -81.952499 2.000000 97.483047
v -81.952499 2.000000 104.982529
v -81.952499 2.000000 112.482025
v -81.952484 2.000000 119.981506
v -81.952477 2.000000 127.481018
v -81.952477 2.000000 134.980499
v -81.952477 2.000000 142.480011
v -89.757492 2.000000 -142.500519
v -89.757492 2.000000 -135.001022
v -89.757492 2.000000 -127.501541
v -89.757492 2.000000 -120.002052
v -89.757492 2.000000 -112.502563
v -89.757492 2.000000 -105.003075
v -89.757492 2.000000 -97.503586
v -89.757492 2.000000 -90.004105
v -89.757492 2.000000 -82.504616
v -89.757492 2.000000 -75.005127
v -89.757492 2.000000 -67.505638
v -89.757492 2.000000 -60.006149
v -89.757492 2.000000 -52.506668
v -89.757492 2.000000 -45.007179
v -89.757492 2.000000 -37.507698
v -89.757492 2.000000 -30.008209
v -89.757492 2.000000 -22.508728
v -89.757492 2.000000 -15.009247
v -89.757492 2.000000 -7.509750
v -89.757492 2.000000 -0.010269
v -89.757492 2.000000 7.489212
v -89.757492 2.000000 14.988693
v -89.757492 2.000000 22.488190
v -89.757492 2.000000 29.987671
v -89.757492 2.000000 37.487167
v -89.757492 2.000000 44.986649
v -89.757492 2.000000 52.486130
v -89.757492 2.000000 59.985626
v -89.757492 2.000000 67.485107
v -89.757492 2.000000 74.984589
v -89.757492 2.000000 82.484070
v -89.757492 2.000000 89.983551
v -89.757492 2.000000 97.483047
v -89.757492 2.000000 104.982529
v -89.757477 2.000000 112.482025
v -89.757477 2.000000 119.981506
v -89.757477 2.000000 127.481018
v -89.757469 2.000000 134.980499
v -89.757462 2.000000 142.480011
v -97.562485 2.000000 -142.500519
v -97.562485 2.000000 -135.001022
v -97.562485 2.000000 -127.501541
v -97.562485 2.000000 -120.002052
v -97.562485 2.000000 -112.502563
v -97.562485 2.000000 -105.003075
v -97.562485 2.000000 -97.503586
v -97.562485 2.000000 -90.004105
v -97.562485 2.000000 -82.504616
v -97.562485 2.000000 -75.005127
v -97.562485 2.000000 -67.505638
v -97.562485 2.000000 -60.006149
v -97.562485 2.000000 -52.506668
v -97.562485 2.000000 -45.007179
v -97.562485 2.000000 -37.507698
v -97.562485 2.000000 -30.008209
v -97.562485 2.000000 -22.508728
v -97.562485 2.000000 -15.009247
v -97.562485 2.000000 -7.509750
v -97.562485 2.000000 -0.010269
v -97.562485 2.000000 7.489212
v -97.562485 2.000000 14.988693
v -97.562485 2.000000 22.488190
v -97.562485 2.000000 29.987671
v -97.562485 2.000000 37.487167
v -97.562485 2.000000 44.986649
v -97.562485 2.000000 52.486130
v -97.562485 2.000000 59.985626
v -97.562485 2.000000 67.485107
v -97.562485 2.000000 74.984589
v -97.562485 2.000000 82.484070
v -97.562485 2.000000 89.983551
v -97.562485 2.000000 97.483047
v -97.562485 2.000000 104.982529
v -97.562485 2.000000 112.482025
v -97.562477 2.000000 119.981506
v -97.562469 2.000000 127.481018
v -97.562469 2.000000 134.980499
v -97.562469 2.000000 142.480011
v -105.367477 2.000000 -142.500519
v -105.367477 2.000000 -135.001022
v -105.367477 2.000000 -127.501541
v -105.367477 2.000000 -120.002052
v -105.367477 2.000000 -112.502563
v -105.367477 2.000000 -105.003075
v -105.367477 2.000000 -97.503586
v -105.367477 2.000000 -90.004105
v -105.367477 2.000000 -82.504616
v -105.367477 2.000000 -75.005127
v -105.367477 2.000000 -67.505638
v -105.367477 2.000000 -60.006149
v -105.367477 2.000000 -52.506668
v -105.367477 2.000000 -45.007179
v -105.367477 2.000000 -37.507698
v -105.367477 2.000000 -30.008209
v -105.367477 2.000000 -22.508728
v -105.367477 2.000000 -15.009247
v -105.367477 2.000000 -7.509750
v -105.367477 2.000000 -0.010269
v -105.367477 2.000000 7.489212
v -105.367477 2.000000 14.988693
v -105.367477 2.000000 22.488190
v -105.367477 2.000000 29.987671
v -105.367477 2.000000 37.487167
v -105.367477 2.000000 44.986649
v -105.367477 2.000000 52.486130
v -105.367477 2.000000 59.985626
v -105.367477 2.000000 67.485107
v -105.367477 2.000000 74.984589
v -105.367477 2.000000 82.484070
v -105.367477 2.000000 89.983551
v -105.367477 2.000000 97.483047
v -105.367477 2.000000 104.982529
v -105.367470 2.000000 112.482025
v -105.367470 2.000000 119.981506
v -105.367470 2.000000 127.481018
v -105.367462 2.000000 134.980499
v -105.367447 2.000000 142.480011
v -113.172470 2.000000 -142.500519
v -113.172470 2.000000 -135.001022
v -113.172470 2.000000 -127.501541
v -113.172470 2.000000 -120.002052
v -113.172470 2.000000 -112.502563
v -113.172470 2.000000 -105.003075
v -113.172470 2.000000 -97.503586
v -113.172470 2.000000 -90.004105
v -113.172470 2.000000 -82.504616
v -113.172470 2.000000 -75.005127
v -113.172470 2.000000 -67.505638
v -113.172470 2.000000 -60.006149
v -113.172470 2.000000 -52.506668
v -113.172470 2.000000 -45.007179
v -113.172470 2.000000 -37.507698
v -113.172470 2.000000 -30.008209
v -113.172470 2.000000 -22.508728
v -113.172470 2.000000 -15.009247
v -113.172470 2.000000 -7.509750
v -113.172470 2.000000 -0.010269
v -113.172470 2.000000 7.489212
v -113.172470 2.000000 14.988693
v -113.172470 2.000000 22.488190
v -113.172470 2.000000 29.987671
v -113.172470 2.000000 37.487167
v -113.172470 2.000000 44.986649
v -113.172470 2.000000 52.486130
v -113.172470 2.000000 59.985626
v -113.172470 2.000000 67.485107
v -113.172470 2.000000 74.984589
v -113.172470 2.000000 82.484070
v -113.172470 2.000000 89.983551
v -113.172470 2.000000 97.483047
v -113.172470 2.000000 104.982529
v -113.172470 2.000000 112.482025
v -113.172462 2.000000 119.981506
v -113.172455 2.000000 127.481018
v -113.172455 2.000000 134.980499
v -113.172455 2.000000 142.480011
v -120.977470 2.000000 -142.500519
v -120.977470 2.000000 -135.001022
v -120.977470 2.000000 -127.501541
v -120.977470 2.000000 -120.002052
v -120.977470 2.000000 -112.502563
v -120.977470 2.000000 -105.003075
v -120.977470 2.000000 -97.503586
v -120.977470 2.000000 -90.004105
v -120.977470 2.000000 -82.504616
v -120.977470 2.000000 -75.005127
v -120.977470 2.000000 -67.505638
v -120.977470 2.000000 -60.006149
v -120.977470 2.000000 -52.506668
v -120.977470 2.000000 -45.007179
v -120.977470 2.000000 -37.507698
v -120.977470 2.000000 -30.008209
v -120.977470 2.000000 -22.508728
v -120.977470 2.000000 -15.009247
v -120.977470 2.000000 -7.509750
v -120.977470 2.000000 -0.010269
v -120.977470 2.000000 7.489212
v -120.977470 2.000000 14.988693
v -120.977470 2.000000 22.488190
v -120.977470 2.000000 29.987671
v -120.977470 2.000000 37.487167
v -120.977470 2.000000 44.986649
v -120.977470 2.000000 52.486130
v -120.977470 2.000000 59.985626
v -120.977470 2.000000 67.485107
v -120.977470 2.000000 74.984589
v -120.977470 2.000000 82.484070
v -120.977470 2.000000 89.983551
v -120.977470 2.000000 97.483047
v -120.977470 2.000000 104.982529
v -120.977463 2.000000 112.482025
v -120.977463 2.000000 119.981506
v -120.977463 2.000000 127.481018
v -120.977448 2.000000 134.980499
v -120.977440 2.000000 142.480011
v -128.782471 2.000000 -142.500519
v -128.782471 2.000000 -135.001022
v -128.782471 2.000000 -127.501541
v -128.782471 2.000000 -120.002052
v -128.782471 2.000000 -112.502563
v -128.782471 2.000000 -105.003075
v -128.782471 2.000000 -97.503586
v -128.782471 2.000000 -90.004105
v -128.782471 2.000000 -82.504616
v -128.782471 2.000000 -75.005127
v -128.782471 2.000000 -67.505638
v -128.782471 2.000000 -60.006149
v -128.782471 2.000000 -52.506668
v -128.782471 2.000000 -45.007179
v -128.782471 2.000000 -37.507698
v -128.782471 2.000000 -30.008209
v -128.782471 2.000000 -22.508728
v -128.782471 2.000000 -15.009247
v -128.782471 2.000000 -7.509750
v -128.782471 2.000000 -0.010269
v -128.782471 2.000000 7.489212
v -128.782471 2.000000 14.988693
v -128.782471 2.000000 22.488190
v -128.782471 2.000000 29.987671
v -128.782471 2.000000 37.487167
v -128.782471 2.000000 44.986649
v -128.782471 2.000000 52.486130
v -128.782471 2.000000 59.985626
v -128.782471 2.000000 67.485107
v -128.782471 2.000000 74.984589
v -128.782471 2.000000 82.484070
v -128.782471 2.000000 89.983551
v -128.782471 2.000000 97.483047
v -128.782471 2.000000 104.982529
v -128.782471 2.000000 112.482025
v -128.782471 2.000000 119.981506
v -128.782471 2.000000 127.481018
v -128.782455 2.000000 134.980499
v -128.782440 2.000000 142.480011
v -136.587463 2.000000 -142.500519
v -136.587463 2.000000 -135.001022
v -136.587463 2.000000 -127.501541
v -136.587463 2.000000 -120.002052
v -136.587463 2.000000 -112.502563
v -136.587463 2.000000 -105.003075
v -136.587463 2.000000 -97.503586
v -136.587463 2.000000 -90.004105
v -136.587463 2.000000 -82.504616
v -136.587463 2.000000 -75.005127
v -136.587463 2.000000 -67.505638
v -136.587463 2.000000 -60.006149
v -136.587463 2.000000 -52.506668
v -136.587463 2.000000 -45.007179
v -136.587463 2.000000 -37.507698
v -136.587463 2.000000 -30.008209
v -136.587463 2.000000 -22.508728
v -136.587463 2.000000 -15.009247
v -136.587463 2.000000 -7.509750
v -136.587463 2.000000 -0.010269
v -136.587463 2.000000 7.489212
v -136.587463 2.000000 14.988693
v -136.587463 2.000000 22.488190
v -136.587463 2.000000 29.987671
v -136.587463 2.000000 37.487167
v -136.587463 2.000000 44.986649
v -136.587463 2.000000 52.486130
v -136.587463 2.000000 59.985626
v -136.587463 2.000000 67.485107
v -136.587463 2.000000 74.984589
v -136.587463 2.000000 82.484070
v -136.587463 2.000000 89.983551
v -136.587463 2.000000 97.483047
v -136.587463 2.000000 104.982529
v -136.587463 2.000000 112.482025
v -136.587463 2.000000 119.981506
v -136.587463 2.000000 127.481018
v -136.587463 2.000000 134.980499
v -136.587448 2.000000 142.480011
v -144.392456 2.000000 -142.500519
v -144.392456 2.000000 -135.001022
v -144.392456 2.000000 -127.501541
v -144.392456 2.000000 -120.002052
v -144.392456 2.000000 -112.502563
v -144.392456 2.000000 -105.003075
v -144.392456 2.000000 -97.503586
v -144.392456 2.000000 -90.004105
v -144.392456 2.000000 -82.504616
v -144.392456 2.000000 -75.005127
v -144.392456 2.000000 -67.505638
v -144.392456 2.000000 -60.006149
v -144.392456 2.000000 -52.506668
v -144.392456 2.000000 -45.007179
v -144.392456 2.000000 -37.507698
v -144.392456 2.000000 -30.008209
v -144.392456 2.000000 -22.508728
v -144.392456 2.000000 -15.009247
v -144.392456 2.000000 -7.509750
v -144.392456 2.000000 -0.010269
v -144.392456 2.000000 7.489212
v -144.392456 2.000000 14.988693
v -144.392456 2.000000 22.488190
v -144.392456 2.000000 29.987671
v -144.392456 2.000000 37.487167
v -144.392456 2.000000 44.986649
v -144.392456 2.000000 52.486130
v -144.392456 2.000000 59.985626
v -144.392456 2.000000 67.485107
v -144.392456 2.000000 74.984589
v -144.392456 2.000000 82.484070
v -144.392456 2.000000 89.983551
v -144.392456 2.000000 97.483047
v -144.392456 2.000000 104.982529
v -144.392456 2.000000 112.482025
v -144.392456 2.000000 119.981506
v -144.392456 2.000000 127.481018
v -144.392456 2.000000 134.980499
v -144.392456 2.000000 142.480011
v -152.197449 2.000000 -142.500519
v -152.197449 2.000000 -135.001022
v -152.197449 2.000000 -127.501541
v -152.197449 2.000000 -120.002052
v -152.197449 2.000000 -112.502563
v -152.197449 2.000000 -105.003075
v -152.197449 2.000000 -97.503586
v -152.197449 2.000000 -90.004105
v -152.197449 2.000000 -82.504616
v -152.197449 2.000000 -75.005127
v -152.197449 2.000000 -67.505638
v -152.197449 2.000000 -60.006149
v -152.197449 2.000000 -52.506668
v -152.197449 2.000000 -45.007179
v -152.197449 2.000000 -37.507698
v -152.197449 2.000000 -30.008209
v -152.197449 2.000000 -22.508728
v -152.197449 2.000000 -15.009247
v -152.197449 2.000000 -7.509750
v -152.197449 2.000000 -0.010269
v -152.197449 2.000000 7.489212
v -152.197449 2.000000 14.988693
v -152.197449 2.000000 22.488190
v -152.197449 2.000000 29.987671
v -152.197449 2.000000 37.487167
v -152.197449 2.000000 44.986649
v -152.197449 2.000000 52.486130
v -152.197449 2.000000 59.985626
v -152.197449 2.000000 67.485107
v -152.197449 2.000000 74.984589
v -152.197449 2.000000 82.484070
v -152.197449 2.000000 89.983551
v -152.197449 2.000000 97.483047
v -152.197449 2.000000 104.982529
v -152.197449 2.000000 112.482025
v -152.197449 2.000000 119.981506
v -152.197449 2.000000 127.481018
v -152.197449 2.000000 134.980499
v -152.197433 2.000000 142.480011
v -152.197433 0.000000 -142.500488
v -152.197433 0.000000 -135.001007
v -152.197433 0.000000 -127.501518
v -152.197433 0.000000 -120.002029
v -152.197433 0.000000 -112.502548
v -152.197433 0.000000 -105.003052
v -152.197433 0.000000 -97.503571
v -152.197433 0.000000 -90.004082
v -152.197433 0.000000 -82.504593
v -152.197433 0.000000 -75.005119
v -152.197433 0.000000 -67.505630
v -152.197433 0.000000 -60.006142
v -152.197433 0.000000 -52.506653
v -152.197433 0.000000 -45.007172
v -152.197433 0.000000 -37.507698
v -152.197433 0.000000 -30.008209
v -152.197433 0.000000 -22.508728
v -152.197433 0.000000 -15.009247
v -152.197433 0.000000 -7.509750
v -152.197433 0.000000 -0.010269
v -152.197433 0.000000 7.489212
v -152.197433 0.000000 14.988693
v -152.197433 0.000000 22.488190
v -152.197433 0.000000 29.987671
v -152.197433 0.000000 37.487167
v -152.197433 0.000000 44.986649
v -152.197433 0.000000 52.486130
v -152.197433 0.000000 59.985626
v -152.197433 0.000000 67.485107
v -152.197433 0.000000 74.984589
v -152.197433 0.000000 82.484055
v -152.197433 0.000000 89.983551
v -152.197433 0.000000 97.483032
v -152.197433 0.000000 104.982529
v -152.197433 0.000000 112.482025
v -152.197433 0.000000 119.981506
v -152.197433 0.000000 127.481018
v -152.197433 0.000000 134.980499
v -152.197433 0.000000 142.480011
v -144.392441 0.000000 -142.500519
v -144.392441 0.000000 -135.001022
v -144.392441 0.000000 -127.501541
v -144.392441 0.000000 -120.002052
v -144.392441 0.000000 -112.502563
v -144.392441 0.000000 -105.003075
v -144.392441 0.000000 -97.503586
v -144.392441 0.000000 -90.004105
v -144.392441 0.000000 -82.504616
v -144.392441 0.000000 -75.005127
v -144.392441 0.000000 -67.505638
v -144.392441 0.000000 -60.006149
v -144.392441 0.000000 -52.506668
v -144.392441 0.000000 -45.007179
v -144.392441 0.000000 -37.507698
v -144.392441 0.000000 -30.008209
v -144.392441 0.000000 -22.508728
v -144.392441 0.000000 -15.009247
v -144.392441 0.000000 -7.509750
v -144.392441 0.000000 -0.010269
v -144.392441 0.000000 7.489212
v -144.392441 0.000000 14.988693
v -144.392441 0.000000 22.488190
v -144.392441 0.000000 29.987671
v -144.392441 0.000000 37.487167
v -144.392441 0.000000 44.986649
v -144.392441 0.000000 52.486130
v -144.392441 0.000000 59.985626
v -144.392441 0.000000 67.485107
v -144.392441 0.000000 74.984589
v -144.392441 0.000000 82.484070
v -144.392441 0.000000 89.983551
v -144.392441 0.000000 97.483047
v -144.392441 0.000000 104.982529
v -144.392441 0.000000 112.482025
v -144.392441 0.000000 119.981506
v -144.392441 0.000000 127.481018
v -144.392441 0.000000 134.980499
v -144.392456 0.000000 142.480011
v -136.587448 0.000000 -142.500519
v -136.587448 0.000000 -135.001022
v -136.587448 0.000000 -127.501541
v -136.587448 0.000000 -120.002052
v -136.587448 0.000000 -112.502563
v -136.587448 0.000000 -105.003075
v -136.587448 0.000000 -97.503586
v -136.587448 0.000000 -90.004105
v -136.587448 0.000000 -82.504616
v -136.587448 0.000000 -75.005127
v -136.587448 0.000000 -67.505638
v -136.587448 0.000000 -60.006149
v -136.587448 0.000000 -52.506668
v -136.587448 0.000000 -45.007179
v -136.587448 0.000000 -37.507698
v -136.587448 0.000000 -30.008209
v -136.587448 0.000000 -22.508728
v -136.587448 0.000000 -15.009247
v -136.587448 0.000000 -7.509750
v -136.587448 0.000000 -0.010269
v -136.587448 0.000000 7.489212
v -136.587448 0.000000 14.988693
v -136.587448 0.000000 22.488190
v -136.587448 0.000000 29.987671
v -136.587448 0.000000 37.487167
v -136.587448 0.000000 44.986649
v -136.587448 0.000000 52.486130
v -136.587448 0.000000 59.985626
v -136.587448 0.000000 67.485107
v -136.587448 0.000000 74.984589
v -136.587448 0.000000 82.484070
v -136.587448 0.000000 89.983551
v -136.587448 0.000000 97.483047
v -136.587448 0.000000 104.982529
v -136.587448 0.000000 112.482025
v -136.587448 0.000000 119.981506
v -136.587448 0.000000 127.481018
v -136.587448 0.000000 134.980499
v -136.587448 0.000000 142.480011
v -128.782440 0.000000 -142.500519
v -128.782440 0.000000 -135.001022
v -128.782440 0.000000 -127.501541
v -128.782440 0.000000 -120.002052
v -128.782440 0.000000 -112.502563
v -128.782440 0.000000 -105.003075
v -128.782440 0.000000 -97.503586
v -128.782440 0.000000 -90.004105
v -128.782440 0.000000 -82.504616
v -128.782440 0.000000 -75.005127
v -128.782440 0.000000 -67.505638
v -128.782440 0.000000 -60.006149
v -128.782440 0.000000 -52.506668
v -128.782440 0.000000 -45.007179
v -128.782440 0.000000 -37.507698
v -128.782440 0.000000 -30.008209
v -128.782440 0.000000 -22.508728
v -128.782440 0.000000 -15.009247
v -128.782440 0.000000 -7.509750
v -128.782440 0.000000 -0.010269
v -128.782440 0.000000 7.489212
v -128.782440 0.000000 14.988693
v -128.782440 0.000000 22.488190
v -128.782440 0.000000 29.987671
v -128.782440 0.000000 37.487167
v -128.782440 0.000000 44.986649
v -128.782440 0.000000 52.486130
v -128.782440 0.000000 59.985626
v -128.782440 0.000000 67.485107
v -128.782440 0.000000 74.984589
v -128.782440 0.000000 82.484070
v -128.782440 0.000000 89.983551
v -128.782440 0.000000 97.483047
v -128.782440 0.000000 104.982529
v -128.782440 0.000000 112.482025
v -128.782440 0.000000 119.981506
v -128.782440 0.000000 127.481018
v -128.782455 0.000000 134.980499
v -128.782471 0.000000 142.480011
v -120.977440 0.000000 -142.500519
v -120.977440 0.000000 -135.001022
v -120.977440 0.000000 -127.501541
v -120.977440 0.000000 -120.002052
v -120.977440 0.000000 -112.502563
v -120.977440 0.000000 -105.003075
v -120.977440 0.000000 -97.503586
v -120.977440 0.000000 -90.004105
v -120.977440 0.000000 -82.504616
v -120.977440 0.000000 -75.005127
v -120.977440 0.000000 -67.505638
v -120.977440 0.000000 -60.006149
v -120.977440 0.000000 -52.506668
v -120.977440 0.000000 -45.007179
v -120.977440 0.000000 -37.507698
v -120.977440 0.000000 -30.008209
v -120.977440 0.000000 -22.508728
v -120.977440 0.000000 -15.009247
v -120.977440 0.000000 -7.509750
v -120.977440 0.000000 -0.010269
v -120.977440 0.000000 7.489212
v -120.977440 0.000000 14.988693
v -120.977440 0.000000 22.488190
v -120.977440 0.000000 29.987671
v -120.977440 0.000000 37.487167
v -120.977440 0.000000 44.986649
v -120.977440 0.000000 52.486130
v -120.977440 0.000000 59.985626
v -120.977440 0.000000 67.485107
v -120.977440 0.000000 74.984589
v -120.977440 0.000000 82.484070
v -120.977440 0.000000 89.983551
v -120.977440 0.000000 97.483047
v -120.977440 0.000000 104.982529
v -120.977440 0.000000 112.482025
v -120.977448 0.000000 119.981506
v -120.977463 0.000000 127.481018
v -120.977463 0.000000 134.980499
v -120.977463 0.000000 142.480011
v -113.172447 0.000000 -142.500519
v -113.172447 0.000000 -135.001022
v -113.172447 0.000000 -127.501541
v -113.172447 0.000000 -120.002052
v -113.172447 0.000000 -112.502563
v -113.172447 0.000000 -105.003075
v -113.172447 0.000000 -97.503586
v -113.172447 0.000000 -90.004105
v -113.172447 0.000000 -82.504616
v -113.172447 0.000000 -75.005127
v -113.172447 0.000000 -67.505638
v -113.172447 0.000000 -60.006149
v -113.172447 0.000000 -52.506668
v -113.172447 0.000000 -45.007179
v -113.172447 0.000000 -37.507698
v -113.172447 0.000000 -30.008209
v -113.172447 0.000000 -22.508728
v -113.172447 0.000000 -15.009247
v -113.172447 0.000000 -7.509750
v -113.172447 0.000000 -0.010269
v -113.172447 0.000000 7.489212
v -113.172447 0.000000 14.988693
v -113.172447 0.000000 22.488190
v -113.172447 0.000000 29.987671
v -113.172447 0.000000 37.487167
v -113.172447 0.000000 44.986649
v -113.172447 0.000000 52.486130
v -113.172447 0.000000 59.985626
v -113.172447 0.000000 67.485107
v -113.172447 0.000000 74.984589
v -113.172447 0.000000 82.484070
v -113.172447 0.000000 89.983551
v -113.172447 0.000000 97.483047
v -113.172447 0.000000 104.982529
v -113.172455 0.000000 112.482025
v -113.172455 0.000000 119.981506
v -113.172455 0.000000 127.481018
v -113.172462 0.000000 134.980499
v -113.172470 0.000000 142.480011
v -105.367447 0.000000 -142.500519
v -105.367447 0.000000 -135.001022
v -105.367447 0.000000 -127.501541
v -105.367447 0.000000 -120.002052
v -105.367447 0.000000 -112.502563
v -105.367447 0.000000 -105.003075
v -105.367447 0.000000 -97.503586
v -105.367447 0.000000 -90.004105
v -105.367447 0.000000 -82.504616
v -105.367447 0.000000 -75.005127
v -105.367447 0.000000 -67.505638
v -105.367447 0.000000 -60.006149
v -105.367447 0.000000 -52.506668
v -105.367447 0.000000 -45.007179
v -105.367447 0.000000 -37.507698
v -105.367447 0.000000 -30.008209
v -105.367447 0.000000 -22.508728
v -105.367447 0.000000 -15.009247
v -105.367447 0.000000 -7.509750
v -105.367447 0.000000 -0.010269
v -105.367447 0.000000 7.489212
v -105.367447 0.000000 14.988693
v -105.367447 0.000000 22.488190
v -105.367447 0.000000 29.987671
v -105.367447 0.000000 37.487167
v -105.367447 0.000000 44.986649
v -105.367447 0.000000 52.486130
v -105.367447 0.000000 59.985626
v -105.367447 0.000000 67.485107
v -105.367447 0.000000 74.984589
v -105.367447 0.000000 82.484070
v -105.367447 0.000000 89.983551
v -105.367447 0.000000 97.483047
v -105.367447 0.000000 104.982529
v -105.367447 0.000000 112.482025
v -105.367462 0.000000 119.981506
v -105.367470 0.000000 127.481018
v -105.367470 0.000000 134.980499
v -105.367470 0.000000 142.480011
v -97.562454 0.000000 -142.500519
v -97.562454 0.000000 -135.001022
v -97.562454 0.000000 -127.501541
v -97.562454 0.000000 -120.002052
v -97.562454 0.000000 -112.502563
v -97.562454 0.000000 -105.003075
v -97.562454 0.000000 -97.503586
v -97.562454 0.000000 -90.004105
v -97.562454 0.000000 -82.504616
v -97.562454 0.000000 -75.005127
v -97.562454 0.000000 -67.505638
v -97.562454 0.000000 -60.006149
v -97.562454 0.000000 -52.506668
v -97.562454 0.000000 -45.007179
v -97.562454 0.000000 -37.507698
v -97.562454 0.000000 -30.008209
v -97.562454 0.000000 -22.508728
v -97.562454 0.000000 -15.009247
v -97.562454 0.000000 -7.509750
v -97.562454 0.000000 -0.010269
v -97.562454 0.000000 7.489212
v -97.562454 0.000000 14.988693
v -97.562454 0.000000 22.488190
v -97.562454 0.000000 29.987671
v -97.562454 0.000000 37.487167
v -97.562454 0.000000 44.986649
v -97.562454 0.000000 52.486130
v -97.562454 0.000000 59.985626
v -97.562454 0.000000 67.485107
v -97.562454 0.000000 74.984589
v -97.562454 0.000000 82.484070
v -97.562454 0.000000 89.983551
v -97.562454 0.000000 97.483047
v -97.562454 0.000000 104.982529
v -97.562469 0.000000 112.482025
v -97.562469 0.000000 119.981506
v -97.562469 0.000000 127.481018
v -97.562477 0.000000 134.980499
v -97.562485 0.000000 142.480011
v -89.757462 0.000000 -142.500519
v -89.757462 0.000000 -135.001022
v -89.757462 0.000000 -127.501541
v -89.757462 0.000000 -120.002052
v -89.757462 0.000000 -112.502563
v -89.757462 0.000000 -105.003075
v -89.757462 0.000000 -97.503586
v -89.757462 0.000000 -90.004105
v -89.757462 0.000000 -82.504616
v -89.757462 0.000000 -75.005127
v -89.757462 0.000000 -67.505638
v -89.757462 0.000000 -60.006149
v -89.757462 0.000000 -52.506668
v -89.757462 0.000000 -45.007179
v -89.757462 0.000000 -37.507698
v -89.757462 0.000000 -30.008209
v -89.757462 0.000000 -22.508728
v -89.757462 0.000000 -15.009247
v -89.757462 0.000000 -7.509750
v -89.757462 0.000000 -0.010269
v -89.757462 0.000000 7.489212
v -89.757462 0.000000 14.988693
v -89.757462 0.000000 22.488190
v -89.757462 0.000000 29.987671
v -89.757462 0.000000 37.487167
v -89.757462 0.000000 44.986649
v -89.757462 0.000000 52.486130
v -89.757462 0.000000 59.985626
v -89.757462 0.000000 67.485107
v -89.757462 0.000000 74.984589
v -89.757462 0.000000 82.484070
v -89.757462 0.000000 89.983551
v -89.757462 0.000000 97.483047
v -89.757462 0.000000 104.982529
v -89.757462 0.000000 112.482025
v -89.757469 0.000000 119.981506
v -89.757477 0.000000 127.481018
v -89.757477 0.000000 134.980499
v -89.757477 0.000000 142.480011
v -81.952469 0.000000 -142.500519
v -81.952469 0.000000 -135.001022
v -81.952469 0.000000 -127.501541
v -81.952469 0.000000 -120.002052
v -81.952469 0.000000 -112.502563
v -81.952469 0.000000 -105.003075
v -81.952469 0.000000 -97.503586
v -81.952469 0.000000 -90.004105
v -81.952469 0.000000 -82.504616
v -81.952469 0.000000 -75.005127
v -81.952469 0.000000 -67.505638
v -81.952469 0.000000 -60.006149
v -81.952469 0.000000 -52.506668
v -81.952469 0.000000 -45.007179
v -81.952469 0.000000 -37.507698
v -81.952469 0.000000 -30.008209
v -81.952469 0.000000 -22.508728
v -81.952469 0.000000 -15.009247
v -81.952469 0.000000 -7.509750
v -81.952469 0.000000 -0.010269
v -81.952469 0.000000 7.489212
v -81.952469 0.000000 14.988693
v -81.952469 0.000000 22.488190
v -81.952469 0.000000 29.987671
v -81.952469 0.000000 37.487167
v -81.952469 0.000000 44.986649
v -81.952469 0.000000 52.486130
v -81.952469 0.000000 59.985626
v -81.952469 0.000000 67.485107
v -81.952469 0.000000 74.984589
v -81.952469 0.000000 82.484070
v -81.952469 0.000000 89.983551
v -81.952469 0.000000 97.483047
v -81.952469 0.000000 104.982529
v -81.952477 0.000000 112.482025
v -81.952477 0.000000 119.981506
v -81.952477 0.000000 127.481018
v -81.952484 0.000000 134.980499
v -81.952499 0.000000 142.480011
v -74.147476 0.000000 -142.500519
v -74.147476 0.000000 -135.001022
v -74.147476 0.000000 -127.501541
v -74.147476 0.000000 -120.002052
v -74.147476 0.000000 -112.502563
v -74.147476 0.000000 -105.003075
v -74.147476 0.000000 -97.503586
v -74.147476 0.000000 -90.004105
v -74.147476 0.000000 -82.504616
v -74.147476 0.000000 -75.005127
v -74.147476 0.000000 -67.505638
v -74.147476 0.000000 -60.006149
v -74.147476 0.000000 -52.506668
v -74.147476 0.000000 -45.007179
v -74.147476 0.000000 -37.507698
v -74.147476 0.000000 -30.008209
v -74.147476 0.000000 -22.508728
v -74.147476 0.000000 -15.009247
v -74.147476 0.000000 -7.509750
v -74.147476 0.000000 -0.010269
v -74.147476 0.000000 7.489212
v -74.147476 0.000000 14.988693
v -74.147476 0.000000 22.488190
v -74.147476 0.000000 29.987671
v -74.147476 0.000000 37.487167
v -74.147476 0.000000 44.986649
v -74.147476 0.000000 52.486130
v -74.147476 0.000000 59.985626
v -74.147476 0.000000 67.485107
v -74.147476 0.000000 74.984589
v -74.147476 0.000000 82.484070
v -74.147476 0.000000 89.983551
v -74.147484 0.000000 97.483047
v -74.147484 0.000000 104.982529
v -74.147484 0.000000 112.482025
v -74.147484 0.000000 119.981506
v -74.147491 0.000000 127.481018
v -74.147491 0.000000 134.980499
v -74.147491 0.000000 142.480011
v -66.342476 0.000000 -142.500519
v -66.342476 0.000000 -135.001022
v -66.342476 0.000000 -127.501541
v -66.342476 0.000000 -120.002052
v -66.342476 0.000000 -112.502563
v -66.342476 0.000000 -105.003075
v -66.342476 0.000000 -97.503586
v -66.342476 0.000000 -90.004105
v -66.342476 0.000000 -82.504616
v -66.342476 0.000000 -75.005127
v -66.342476 0.000000 -67.505638
v -66.342476 0.000000 -60.006149
v -66.342476 0.000000 -52.506668
v -66.342476 0.000000 -45.007179
v -66.342476 0.000000 -37.507698
v -66.342476 0.000000 -30.008209
v -66.342476 0.000000 -22.508728
v -66.342476 0.000000 -15.009247
v -66.342476 0.000000 -7.509750
v -66.342476 0.000000 -0.010269
v -66.342476 0.000000 7.489212
v -66.342476 0.000000 14.988693
v -66.342476 0.000000 22.488190
v -66.342476 0.000000 29.987671
v -66.342476 0.000000 37.487167
v -66.342476 0.000000 44.986649
v -66.342476 0.000000 52.486130
v -66.342476 0.000000 59.985626
v -66.342476 0.000000 67.485107
v -66.342476 0.000000 74.984589
v -66.342476 0.000000 82.484070
v -66.342476 0.000000 89.983551
v -66.342476 0.000000 97.483047
v -66.342484 0.000000 104.982529
v -66.342484 0.000000 112.482025
v -66.342484 0.000000 119.981506
v -66.342484 0.000000 127.481018
v -66.342491 0.000000 134.980499
v -66.342499 0.000000 142.480011
v -58.537476 0.000000 -142.500519
v -58.537476 0.000000 -135.001022
v -58.537476 0.000000 -127.501541
v -58.537476 0.000000 -120.002052
v -58.537476 0.000000 -112.502563
v -58.537476 0.000000 -105.003075
v -58.537476 0.000000 -97.503586
v -58.537476 0.000000 -90.004105
v -58.537476 0.000000 -82.504616
v -58.537476 0.000000 -75.005127
v -58.537476 0.000000 -67.505638
v -58.537476 0.000000 -60.006149
v -58.537476 0.000000 -52.506668
v -58.537476 0.000000 -45.007179
v -58.537476 0.000000 -37.507698
v -58.537476 0.000000 -30.008209
v -58.537476 0.000000 -22.508728
v -58.537476 0.000000 -15.009247
v -58.537476 0.000000 -7.509750
v -58.537476 0.000000 -0.010269
v -58.537476 0.000000 7.489212
v -58.537476 0.000000 14.988693
v -58.537476 0.000000 22.488190
v -58.537476 0.000000 29.987671
v -58.537476 0.000000 37.487167
v -58.537476 0.000000 44.986649
v -58.537476 0.000000 52.486130
v -58.537476 0.000000 59.985626
v -58.537476 0.000000 67.485107
v -58.537476 0.000000 74.984589
v -58.537476 0.000000 82.484070
v -58.537479 0.000000 89.983551
v -58.537483 0.000000 97.483047
v -58.537483 0.000000 104.982529
v -58.537483 0.000000 112.482025
v -58.537487 0.000000 119.981506
v -58.537491 0.000000 127.481018
v -58.537491 0.000000 134.980499
v -58.537491 0.000000 142.480011
v -50.732475 0.000000 -142.500519
v -50.732475 0.000000 -135.001022
v -50.732475 0.000000 -127.501541
v -50.732475 0.000000 -120.002052
v -50.732475 0.000000 -112.502563
v -50.732475 0.000000 -105.003075
v -50.732475 0.000000 -97.503586
v -50.732475 0.000000 -90.004105
v -50.732475 0.000000 -82.504616
v -50.732475 0.000000 -75.005127
v -50.732475 0.000000 -67.505638
v -50.732475 0.000000 -60.006149
v -50.732475 0.000000 -52.506668
v -50.732475 0.000000 -45.007179
v -50.732475 0.000000 -37.507698
v -50.732475 0.000000 -30.008209
v -50.732475 0.000000 -22.508728
v -50.732475 0.000000 -15.009247
v -50.732475 0.000000 -7.509750
v -50.732475 0.000000 -0.010269
v -50.732475 0.000000 7.489212
v -50.732475 0.000000 14.988693
v -50.732475 0.000000 22.488190
v -50.732475 0.000000 29.987671
v -50.732475 0.000000 37.487167
v -50.732475 0.000000 44.986649
v -50.732475 0.000000 52.486130
v -50.732475 0.000000 59.985626
v -50.732475 0.000000 67.485107
v -50.732475 0.000000 74.984589
v -50.732479 0.000000 82.484070
v -50.732479 0.000000 89.983551
v -50.732479 0.000000 97.483047
v -50.732483 0.000000 104.982529
v -50.732491 0.000000 112.482025
v -50.732491 0.000000 119.981506
v -50.732491 0.000000 127.481018
v -50.732494 0.000000 134.980499
v -50.732498 0.000000 142.480011
v -42.927475 0.000000 -142.500519
v -42.927475 0.000000 -135.001022
v -42.927475 0.000000 -127.501541
v -42.927475 0.000000 -120.002052
v -42.927475 0.000000 -112.502563
v -42.927475 0.000000 -105.003075
v -42.927475 0.000000 -97.503586
v -42.927475 0.000000 -90.004105
v -42.927475 0.000000 -82.504616
v -42.927475 0.000000 -75.005127
v -42.927475 0.000000 -67.505638
v -42.927475 0.000000 -60.006149
v -42.927475 0.000000 -52.506668
v -42.927475 0.000000 -45.007179
v -42.927475 0.000000 -37.507698
v -42.927475 0.000000 -30.008209
v -42.927475 0.000000 -22.508728
v -42.927475 0.000000 -15.009247
v -42.927475 0.000000 -7.509750
v -42.927475 0.000000 -0.010269
v -42.927475 0.000000 7.489212
v -42.927475 0.000000 14.988693
v -42.927475 0.000000 22.488190
v -42.927475 0.000000 29.987671
v -42.927475 0.000000 37.487167
v -42.927475 0.000000 44.986649
v -42.927475 0.000000 52.486130
v -42.927475 0.000000 59.985626
v -42.927475 0.000000 67.485107
v -42.927475 0.000000 74.984589
v -42.927475 0.000000 82.484070
v -42.927479 0.000000 89.983551
v -42.927483 0.000000 97.483047
v -42.927483 0.000000 104.982529
v -42.927483 0.000000 112.482025
v -42.927490 0.000000 119.981506
v -42.927494 0.000000 127.481018
v -42.927494 0.000000 134.980499
v -42.927494 0.000000 142.480011
v -35.122475 0.000000 -142.500519
v -35.122475 0.000000 -135.001022
v -35.122475 0.000000 -127.501541
v -35.122475 0.000000 -120.002052
v -35.122475 0.000000 -112.502563
v -35.122475 0.000000 -105.003075
v -35.122475 0.000000 -97.503586
v -35.122475 0.000000 -90.004105
v -35.122475 0.000000 -82.504616
v -35.122475 0.000000 -75.005127
v -35.122475 0.000000 -67.505638
v -35.122475 0.000000 -60.006149
v -35.122475 0.000000 -52.506668
v -35.122475 0.000000 -45.007179
v -35.122475 0.000000 -37.507698
v -35.122475 0.000000 -30.008209
v -35.122475 0.000000 -22.508728
v -35.122475 0.000000 -15.009247
v -35.122475 0.000000 -7.509750
v -35.122478 0.000000 -0.010269
v -35.122482 0.000000 7.489212
v -35.122482 0.000000 14.988693
v -35.122482 0.000000 22.488190
v -35.122482 0.000000 29.987671
v -35.122486 0.000000 37.487167
v -35.122486 0.000000 44.986649
v -35.122486 0.000000 52.486130
v -35.122486 0.000000 59.985626
v -35.122490 0.000000 67.485107
v -35.122490 0.000000 74.984589
v -35.122490 0.000000 82.484070
v -35.122494 0.000000 89.983551
v -35.122494 0.000000 97.483047
v -35.122494 0.000000 104.982529
v -35.122494 0.000000 112.482025
v -35.122498 0.000000 119.981506
v -35.122498 0.000000 127.481018
v -35.122498 0.000000 134.980499
v -35.122498 0.000000 142.480011
v -27.317478 0.000000 -142.500519
v -27.317478 0.000000 -135.001022
v -27.317478 0.000000 -127.501541
v -27.317478 0.000000 -120.002052
v -27.317478 0.000000 -112.502563
v -27.317478 0.000000 -105.003075
v -27.317478 0.000000 -97.503586
v -27.317478 0.000000 -90.004105
v -27.317478 0.000000 -82.504616
v -27.317478 0.000000 -75.005127
v -27.317478 0.000000 -67.505638
v -27.317478 0.000000 -60.006149
v -27.317478 0.000000 -52.506668
v -27.317478 0.000000 -45.007179
v -27.317478 0.000000 -37.507698
v -27.317478 0.000000 -30.008209
v -27.317478 0.000000 -22.508728
v -27.317478 0.000000 -15.009247
v -27.317482 0.000000 -7.509750
v -27.317482 0.000000 -0.010269
v -27.317482 0.000000 7.489212
v -27.317484 0.000000 14.988693
v -27.317486 0.000000 22.488190
v -27.317486 0.000000 29.987671
v -27.317486 0.000000 37.487167
v -27.317488 0.000000 44.986649
v -27.317490 0.000000 52.486130
v -27.317490 0.000000 59.985626
v -27.317490 0.000000 67.485107
v -27.317493 0.000000 74.984589
v -27.317495 0.000000 82.484070
v -27.317495 0.000000 89.983551
v -27.317495 0.000000 97.483047
v -27.317497 0.000000 104.982529
v -27.317501 0.000000 112.482025
v -27.317501 0.000000 119.981506
v -27.317501 0.000000 127.481018
v -27.317503 0.000000 134.980499
v -27.317505 0.000000 142.480011
v -19.512484 0.000000 -142.500519
v -19.512484 0.000000 -135.001022
v -19.512484 0.000000 -127.501541
v -19.512486 0.000000 -120.002052
v -19.512486 0.000000 -112.502563
v -19.512486 0.000000 -105.003075
v -19.512486 0.000000 -97.503586
v -19.512487 0.000000 -90.004105
v -19.512489 0.000000 -82.504616
v -19.512489 0.000000 -75.005127
v -19.512489 0.000000 -67.505638
v -19.512489 0.000000 -60.006149
v -19.512491 0.000000 -52.506668
v -19.512491 0.000000 -45.007179
v -19.512491 0.000000 -37.507698
v -19.512493 0.000000 -30.008209
v -19.512493 0.000000 -22.508728
v -19.512493 0.000000 -15.009247
v -19.512493 0.000000 -7.509750
v -19.512495 0.000000 -0.010269
v -19.512497 0.000000 7.489212
v -19.512497 0.000000 14.988693
v -19.512497 0.000000 22.488190
v -19.512497 0.000000 29.987671
v -19.512499 0.000000 37.487167
v -19.512499 0.000000 44.986649
v -19.512499 0.000000 52.486130
v -19.512499 0.000000 59.985626
v -19.512501 0.000000 67.485107
v -19.512501 0.000000 74.984589
v -19.512501 0.000000 82.484070
v -19.512503 0.000000 89.983551
v -19.512503 0.000000 97.483047
v -19.512503 0.000000 104.982529
v -19.512503 0.000000 112.482025
v -19.512505 0.000000 119.981506
v -19.512505 0.000000 127.481018
v -19.512505 0.000000 134.980499
v -19.512505 0.000000 142.480011
v -11.707485 0.000000 -142.500519
v -11.707486 0.000000 -135.001022
v -11.707487 0.000000 -127.501541
v -11.707487 0.000000 -120.002052
v -11.707487 0.000000 -112.502563
v -11.707488 0.000000 -105.003075
v -11.707489 0.000000 -97.503586
v -11.707489 0.000000 -90.004105
v -11.707489 0.000000 -82.504616
v -11.707491 0.000000 -75.005127
v -11.707492 0.000000 -67.505638
v -11.707492 0.000000 -60.006149
v -11.707492 0.000000 -52.506668
v -11.707493 0.000000 -45.007179
v -11.707495 0.000000 -37.507698
v -11.707495 0.000000 -30.008209
v -11.707495 0.000000 -22.508728
v -11.707496 0.000000 -15.009247
v -11.707497 0.000000 -7.509750
v -11.707497 0.000000 -0.010269
v -11.707497 0.000000 7.489212
v -11.707498 0.000000 14.988693
v -11.707499 0.000000 22.488190
v -11.707499 0.000000 29.987671
v -11.707499 0.000000 37.487167
v -11.707500 0.000000 44.986649
v -11.707501 0.000000 52.486130
v -11.707501 0.000000 59.985626
v -11.707501 0.000000 67.485107
v -11.707502 0.000000 74.984589
v -11.707504 0.000000 82.484070
v -11.707504 0.000000 89.983551
v -11.707504 0.000000 97.483047
v -11.707505 0.000000 104.982529
v -11.707506 0.000000 112.482025
v -11.707506 0.000000 119.981506
v -11.707506 0.000000 127.481018
v -11.707507 0.000000 134.980499
v -11.707508 0.000000 142.480011
v -3.902488 0.000000 -142.500519
v -3.902489 0.000000 -135.001022
v -3.902490 0.000000 -127.501541
v -3.902490 0.000000 -120.002052
v -3.902491 0.000000 -112.502563
v -3.902491 0.000000 -105.003075
v -3.902492 0.000000 -97.503586
v -3.902493 0.000000 -90.004105
v -3.902493 0.000000 -82.504616
v -3.902494 0.000000 -75.005127
v -3.902494 0.000000 -67.505638
v -3.902495 0.000000 -60.006149
v -3.902495 0.000000 -52.506668
v -3.902496 0.000000 -45.007179
v -3.902497 0.000000 -37.507698
v -3.902497 0.000000 -30.008209
v -3.902498 0.000000 -22.508728
v -3.902498 0.000000 -15.009247
v -3.902499 0.000000 -7.509750
v -3.902500 0.000000 -0.010269
v -3.902500 0.000000 7.489212
v -3.902501 0.000000 14.988693
v -3.902502 0.000000 22.488190
v -3.902502 0.000000 29.987671
v -3.902503 0.000000 37.487167
v -3.902503 0.000000 44.986649
v -3.902504 0.000000 52.486130
v -3.902504 0.000000 59.985626
v -3.902505 0.000000 67.485107
v -3.902506 0.000000 74.984589
v -3.902506 0.000000 82.484070
v -3.902507 0.000000 89.983551
v -3.902507 0.000000 97.483047
v -3.902508 0.000000 104.982529
v -3.902508 0.000000 112.482025
v -3.902509 0.000000 119.981506
v -3.902509 0.000000 127.481018
v -3.902509 0.000000 134.980499
v -3.902510 0.000000 142.480011
v 3.902510 0.000000 -142.500519
v 3.902509 0.000000 -135.001022
v 3.902509 0.000000 -127.501541
v 3.902508 0.000000 -120.002052
v 3.902507 0.000000 -112.502563
v 3.902507 0.000000 -105.003075
v 3.902506 0.000000 -97.503586
v 3.902506 0.000000 -90.004105
v 3.902505 0.000000 -82.504616
v 3.902504 0.000000 -75.005127
v 3.902504 0.000000 -67.505638
v 3.902503 0.000000 -60.006149
v 3.902503 0.000000 -52.506668
v 3.902502 0.000000 -45.007179
v 3.902502 0.000000 -37.507698
v 3.902501 0.000000 -30.008209
v 3.902500 0.000000 -22.508728
v 3.902500 0.000000 -15.009247
v 3.902499 0.000000 -7.509750
v 3.902498 0.000000 -0.010269
v 3.902498 0.000000 7.489212
v 3.902497 0.000000 14.988693
v 3.902497 0.000000 22.488190
v 3.902496 0.000000 29.987671
v 3.902495 0.000000 37.487167
v 3.902495 0.000000 44.986649
v 3.902494 0.000000 52.486130
v 3.902494 0.000000 59.985626
v 3.902493 0.000000 67.485107
v 3.902493 0.000000 74.984589
v 3.902492 0.000000 82.484070
v 3.902491 0.000000 89.983551
v 3.902491 0.000000 97.483047
v 3.902490 0.000000 104.982529
v 3.902490 0.000000 112.482025
v 3.902490 0.000000 119.981506
v 3.902489 0.000000 127.481018
v 3.902489 0.000000 134.980499
v 3.902488 0.000000 142.480011
v 11.707508 0.000000 -142.500519
v 11.707507 0.000000 -135.001022
v 11.707506 0.000000 -127.501541
v 11.707506 0.000000 -120.002052
v 11.707506 0.000000 -112.502563
v 11.707505 0.000000 -105.003075
v 11.707504 0.000000 -97.503586
v 11.707504 0.000000 -90.004105
v 11.707504 0.000000 -82.504616
v 11.707502 0.000000 -75.005127
v 11.707501 0.000000 -67.505638
v 11.707501 0.000000 -60.006149
v 11.707501 0.000000 -52.506668
v 11.707500 0.000000 -45.007179
v 11.707499 0.000000 -37.507698
v 11.707499 0.000000 -30.008209
v 11.707499 0.000000 -22.508728
v 11.707498 0.000000 -15.009247
v 11.707497 0.000000 -7.509750
v 11.707497 0.000000 -0.010269
v 11.707497 0.000000 7.489212
v 11.707496 0.000000 14.988693
v 11.707495 0.000000 22.488190
v 11.707495 0.000000 29.987671
v 11.707495 0.000000 37.487167
v 11.707493 0.000000 44.986649
v 11.707492 0.000000 52.486130
v 11.707492 0.000000 59.985626
v 11.707492 0.000000 67.485107
v 11.707491 0.000000 74.984589
v 11.707489 0.000000 82.484070
v 11.707489 0.000000 89.983551
v 11.707489 0.000000 97.483047
v 11.707488 0.000000 104.982529
v 11.707487 0.000000 112.482025
v 11.707487 0.000000 119.981506
v 11.707487 0.000000 127.481018
v 11.707486 0.000000 134.980499
v 11.707485 0.000000 142.480011
v 19.512505 0.000000 -142.500519
v 19.512505 0.000000 -135.001022
v 19.512503 0.000000 -127.501541
v 19.512503 0.000000 -120.002052
v 19.512503 0.000000 -112.502563
v 19.512503 0.000000 -105.003075
v 19.512501 0.000000 -97.503586
v 19.512501 0.000000 -90.004105
v 19.512501 0.000000 -82.504616
v 19.512499 0.000000 -75.005127
v 19.512499 0.000000 -67.505638
v 19.512499 0.000000 -60.006149
v 19.512499 0.000000 -52.506668
v 19.512497 0.000000 -45.007179
v 19.512497 0.000000 -37.507698
v 19.512497 0.000000 -30.008209
v 19.512497 0.000000 -22.508728
v 19.512495 0.000000 -15.009247
v 19.512493 0.000000 -7.509750
v 19.512493 0.000000 -0.010269
v 19.512493 0.000000 7.489212
v 19.512493 0.000000 14.988693
v 19.512491 0.000000 22.488190
v 19.512491 0.000000 29.987671
v 19.512491 0.000000 37.487167
v 19.512489 0.000000 44.986649
v 19.512489 0.000000 52.486130
v 19.512489 0.000000 59.985626
v 19.512489 0.000000 67.485107
v 19.512487 0.000000 74.984589
v 19.512486 0.000000 82.484070
v 19.512486 0.000000 89.983551
v 19.512486 0.000000 97.483047
v 19.512486 0.000000 104.982529
v 19.512484 0.000000 112.482025
v 19.512484 0.000000 119.981506
v 19.512484 0.000000 127.481018
v 19.512484 0.000000 134.980499
v 19.512482 0.000000 142.480011
v 27.317505 0.000000 -142.500519
v 27.317505 0.000000 -135.001022
v 27.317505 0.000000 -127.501541
v 27.317505 0.000000 -120.002052
v 27.317505 0.000000 -112.502563
v 27.317505 0.000000 -105.003075
v 27.317505 0.000000 -97.503586
v 27.317505 0.000000 -90.004105
v 27.317505 0.000000 -82.504616
v 27.317505 0.000000 -75.005127
v 27.317505 0.000000 -67.505638
v 27.317505 0.000000 -60.006149
v 27.317505 0.000000 -52.506668
v 27.317505 0.000000 -45.007179
v 27.317505 0.000000 -37.507698
v 27.317505 0.000000 -30.008209
v 27.317505 0.000000 -22.508728
v 27.317505 0.000000 -15.009247
v 27.317505 0.000000 -7.509750
v 27.317503 0.000000 -0.010269
v 27.317501 0.000000 7.489212
v 27.317501 0.000000 14.988693
v 27.317501 0.000000 22.488190
v 27.317497 0.000000 29.987671
v 27.317495 0.000000 37.487167
v 27.317495 0.000000 44.986649
v 27.317495 0.000000 52.486130
v 27.317493 0.000000 59.985626
v 27.317490 0.000000 67.485107
v 27.317490 0.000000 74.984589
v 27.317490 0.000000 82.484070
v 27.317488 0.000000 89.983551
v 27.317486 0.000000 97.483047
v 27.317486 0.000000 104.982529
v 27.317486 0.000000 112.482025
v 27.317484 0.000000 119.981506
v 27.317482 0.000000 127.481018
v 27.317482 0.000000 134.980499
v 27.317482 0.000000 142.480011
v 35.122501 0.000000 -142.500519
v 35.122501 0.000000 -135.001022
v 35.122501 0.000000 -127.501541
v 35.122501 0.000000 -120.002052
v 35.122501 0.000000 -112.502563
v 35.122501 0.000000 -105.003075
v 35.122501 0.000000 -97.503586
v 35.122501 0.000000 -90.004105
v 35.122501 0.000000 -82.504616
v 35.122501 0.000000 -75.005127
v 35.122501 0.000000 -67.505638
v 35.122501 0.000000 -60.006149
v 35.122501 0.000000 -52.506668
v 35.122501 0.000000 -45.007179
v 35.122501 0.000000 -37.507698
v 35.122501 0.000000 -30.008209
v 35.122501 0.000000 -22.508728
v 35.122501 0.000000 -15.009247
v 35.122498 0.000000 -7.509750
v 35.122498 0.000000 -0.010269
v 35.122498 0.000000 7.489212
v 35.122498 0.000000 14.988693
v 35.122494 0.000000 22.488190
v 35.122494 0.000000 29.987671
v 35.122494 0.000000 37.487167
v 35.122494 0.000000 44.986649
v 35.122490 0.000000 52.486130
v 35.122490 0.000000 59.985626
v 35.122490 0.000000 67.485107
v 35.122486 0.000000 74.984589
v 35.122486 0.000000 82.484070
v 35.122486 0.000000 89.983551
v 35.122486 0.000000 97.483047
v 35.122482 0.000000 104.982529
v 35.122482 0.000000 112.482025
v 35.122482 0.000000 119.981506
v 35.122482 0.000000 127.481018
v 35.122478 0.000000 134.980499
v 35.122475 0.000000 142.480011
v 42.927498 0.000000 -142.500519
v 42.927498 0.000000 -135.001022
v 42.927498 0.000000 -127.501541
v 42.927498 0.000000 -120.002052
v 42.927498 0.000000 -112.502563
v 42.927498 0.000000 -105.003075
v 42.927498 0.000000 -97.503586
v 42.927498 0.000000 -90.004105
v 42.927498 0.000000 -82.504616
v 42.927498 0.000000 -75.005127
v 42.927498 0.000000 -67.505638
v 42.927498 0.000000 -60.006149
v 42.927498 0.000000 -52.506668
v 42.927498 0.000000 -45.007179
v 42.927498 0.000000 -37.507698
v 42.927498 0.000000 -30.008209
v 42.927498 0.000000 -22.508728
v 42.927498 0.000000 -15.009247
v 42.927498 0.000000 -7.509750
v 42.927498 0.000000 -0.010269
v 42.927498 0.000000 7.489212
v 42.927498 0.000000 14.988693
v 42.927498 0.000000 22.488190
v 42.927498 0.000000 29.987671
v 42.927498 0.000000 37.487167
v 42.927498 0.000000 44.986649
v 42.927498 0.000000 52.486130
v 42.927498 0.000000 59.985626
v 42.927498 0.000000 67.485107
v 42.927498 0.000000 74.984589
v 42.927494 0.000000 82.484070
v 42.927494 0.000000 89.983551
v 42.927494 0.000000 97.483047
v 42.927490 0.000000 104.982529
v 42.927483 0.000000 112.482025
v 42.927483 0.000000 119.981506
v 42.927483 0.000000 127.481018
v 42.927479 0.000000 134.980499
v 42.927475 0.000000 142.480011
v 50.732498 0.000000 -142.500519
v 50.732498 0.000000 -135.001022
v 50.732498 0.000000 -127.501541
v 50.732498 0.000000 -120.002052
v 50.732498 0.000000 -112.502563
v 50.732498 0.000000 -105.003075
v 50.732498 0.000000 -97.503586
v 50.732498 0.000000 -90.004105
v 50.732498 0.000000 -82.504616
v 50.732498 0.000000 -75.005127
v 50.732498 0.000000 -67.505638
v 50.732498 0.000000 -60.006149
v 50.732498 0.000000 -52.506668
v 50.732498 0.000000 -45.007179
v 50.732498 0.000000 -37.507698
v 50.732498 0.000000 -30.008209
v 50.732498 0.000000 -22.508728
v 50.732498 0.000000 -15.009247
v 50.732498 0.000000 -7.509750
v 50.732498 0.000000 -0.010269
v 50.732498 0.000000 7.489212
v 50.732498 0.000000 14.988693
v 50.732498 0.000000 22.488190
v 50.732498 0.000000 29.987671
v 50.732498 0.000000 37.487167
v 50.732498 0.000000 44.986649
v 50.732498 0.000000 52.486130
v 50.732498 0.000000 59.985626
v 50.732498 0.000000 67.485107
v 50.732498 0.000000 74.984589
v 50.732498 0.000000 82.484070
v 50.732494 0.000000 89.983551
v 50.732491 0.000000 97.483047
v 50.732491 0.000000 104.982529
v 50.732491 0.000000 112.482025
v 50.732483 0.000000 119.981506
v 50.732479 0.000000 127.481018
v 50.732479 0.000000 134.980499
v 50.732479 0.000000 142.480011
v 58.537498 0.000000 -142.500519
v 58.537498 0.000000 -135.001022
v 58.537498 0.000000 -127.501541
v 58.537498 0.000000 -120.002052
v 58.537498 0.000000 -112.502563
v 58.537498 0.000000 -105.003075
v 58.537498 0.000000 -97.503586
v 58.537498 0.000000 -90.004105
v 58.537498 0.000000 -82.504616
v 58.537498 0.000000 -75.005127
v 58.537498 0.000000 -67.505638
v 58.537498 0.000000 -60.006149
v 58.537498 0.000000 -52.506668
v 58.537498 0.000000 -45.007179
v 58.537498 0.000000 -37.507698
v 58.537498 0.000000 -30.008209
v 58.537498 0.000000 -22.508728
v 58.537498 0.000000 -15.009247
v 58.537498 0.000000 -7.509750
v 58.537498 0.000000 -0.010269
v 58.537498 0.000000 7.489212
v 58.537498 0.000000 14.988693
v 58.537498 0.000000 22.488190
v 58.537498 0.000000 29.987671
v 58.537498 0.000000 37.487167
v 58.537498 0.000000 44.986649
v 58.537498 0.000000 52.486130
v 58.537498 0.000000 59.985626
v 58.537498 0.000000 67.485107
v 58.537498 0.000000 74.984589
v 58.537491 0.000000 82.484070
v 58.537491 0.000000 89.983551
v 58.537491 0.000000 97.483047
v 58.537487 0.000000 104.982529
v 58.537483 0.000000 112.482025
v 58.537483 0.000000 119.981506
v 58.537483 0.000000 127.481018
v 58.537479 0.000000 134.980499
v 58.537476 0.000000 142.480011
v 66.342499 0.000000 -142.500519
v 66.342499 0.000000 -135.001022
v 66.342499 0.000000 -127.501541
v 66.342499 0.000000 -120.002052
v 66.342499 0.000000 -112.502563
v 66.342499 0.000000 -105.003075
v 66.342499 0.000000 -97.503586
v 66.342499 0.000000 -90.004105
v 66.342499 0.000000 -82.504616
v 66.342499 0.000000 -75.005127
v 66.342499 0.000000 -67.505638
v 66.342499 0.000000 -60.006149
v 66.342499 0.000000 -52.506668
v 66.342499 0.000000 -45.007179
v 66.342499 0.000000 -37.507698
v 66.342499 0.000000 -30.008209
v 66.342499 0.000000 -22.508728
v 66.342499 0.000000 -15.009247
v 66.342499 0.000000 -7.509750
v 66.342499 0.000000 -0.010269
v 66.342499 0.000000 7.489212
v 66.342499 0.000000 14.988693
v 66.342499 0.000000 22.488190
v 66.342499 0.000000 29.987671
v 66.342499 0.000000 37.487167
v 66.342499 0.000000 44.986649
v 66.342499 0.000000 52.486130
v 66.342499 0.000000 59.985626
v 66.342499 0.000000 67.485107
v 66.342499 0.000000 74.984589
v 66.342499 0.000000 82.484070
v 66.342491 0.000000 89.983551
v 66.342484 0.000000 97.483047
v 66.342484 0.000000 104.982529
v 66.342484 0.000000 112.482025
v 66.342484 0.000000 119.981506
v 66.342476 0.000000 127.481018
v 66.342476 0.000000 134.980499
v 66.342476 0.000000 142.480011
v 74.147499 0.000000 -142.500519
v 74.147499 0.000000 -135.001022
v 74.147499 0.000000 -127.501541
v 74.147499 0.000000 -120.002052
v 74.147499 0.000000 -112.502563
v 74.147499 0.000000 -105.003075
v 74.147499 0.000000 -97.503586
v 74.147499 0.000000 -90.004105
v 74.147499 0.000000 -82.504616
v 74.147499 0.000000 -75.005127
v 74.147499 0.000000 -67.505638
v 74.147499 0.000000 -60.006149
v 74.147499 0.000000 -52.506668
v 74.147499 0.000000 -45.007179
v 74.147499 0.000000 -37.507698
v 74.147499 0.000000 -30.008209
v 74.147499 0.000000 -22.508728
v 74.147499 0.000000 -15.009247
v 74.147499 0.000000 -7.509750
v 74.147499 0.000000 -0.010269
v 74.147499 0.000000 7.489212
v 74.147499 0.000000 14.988693
v 74.147499 0.000000 22.488190
v 74.147499 0.000000 29.987671
v 74.147499 0.000000 37.487167
v 74.147499 0.000000 44.986649
v 74.147499 0.000000 52.486130
v 74.147499 0.000000 59.985626
v 74.147499 0.000000 67.485107
v 74.147499 0.000000 74.984589
v 74.147491 0.000000 82.484070
v 74.147491 0.000000 89.983551
v 74.147491 0.000000 97.483047
v 74.147484 0.000000 104.982529
v 74.147484 0.000000 112.482025
v 74.147484 0.000000 119.981506
v 74.147484 0.000000 127.481018
v 74.147476 0.000000 134.980499
v 74.147476 0.000000 142.480011
v 81.952499 0.000000 -142.500519
v 81.952499 0.000000 -135.001022
v 81.952499 0.000000 -127.501541
v 81.952499 0.000000 -120.002052
v 81.952499 0.000000 -112.502563
v 81.952499 0.000000 -105.003075
v 81.952499 0.000000 -97.503586
v 81.952499 0.000000 -90.004105
v 81.952499 0.000000 -82.504616
v 81.952499 0.000000 -75.005127
v 81.952499 0.000000 -67.505638
v 81.952499 0.000000 -60.006149
v 81.952499 0.000000 -52.506668
v 81.952499 0.000000 -45.007179
v 81.952499 0.000000 -37.507698
v 81.952499 0.000000 -30.008209
v 81.952499 0.000000 -22.508728
v 81.952499 0.000000 -15.009247
v 81.952499 0.000000 -7.509750
v 81.952499 0.000000 -0.010269
v 81.952499 0.000000 7.489212
v 81.952499 0.000000 14.988693
v 81.952499 0.000000 22.488190
v 81.952499 0.000000 29.987671
v 81.952499 0.000000 37.487167
v 81.952499 0.000000 44.986649
v 81.952499 0.000000 52.486130
v 81.952499 0.000000 59.985626
v 81.952499 0.000000 67.485107
v 81.952499 0.000000 74.984589
v 81.952499 0.000000 82.484070
v 81.952499 0.000000 89.983551
v 81.952499 0.000000 97.483047
v 81.952499 0.000000 104.982529
v 81.952499 0.000000 112.482025
v 81.952484 0.000000 119.981506
v 81.952477 0.000000 127.481018
v 81.952477 0.000000 134.980499
v 81.952477 0.000000 142.480011
v 89.757492 0.000000 -142.500519
v 89.757492 0.000000 -135.001022
v 89.757492 0.000000 -127.501541
v 89.757492 0.000000 -120.002052
v 89.757492 0.000000 -112.502563
v 89.757492 0.000000 -105.003075
v 89.757492 0.000000 -97.503586
v 89.757492 0.000000 -90.004105
v 89.757492 0.000000 -82.504616
v 89.757492 0.000000 -75.005127
v 89.757492 0.000000 -67.505638
v 89.757492 0.000000 -60.006149
v 89.757492 0.000000 -52.506668
v 89.757492 0.000000 -45.007179
v 89.757492 0.000000 -37.507698
v 89.757492 0.000000 -30.008209
v 89.757492 0.000000 -22.508728
v 89.757492 0.000000 -15.009247
v 89.757492 0.000000 -7.509750
v 89.757492 0.000000 -0.010269
v 89.757492 0.000000 7.489212
v 89.757492 0.000000 14.988693
v 89.757492 0.000000 22.488190
v 89.757492 0.000000 29.987671
v 89.757492 0.000000 37.487167
v 89.757492 0.000000 44.986649
v 89.757492 0.000000 52.486130
v 89.757492 0.000000 59.985626
v 89.757492 0.000000 67.485107
v 89.757492 0.000000 74.984589
v 89.757492 0.000000 82.484070
v 89.757492 0.000000 89.983551
v 89.757492 0.000000 97.483047
v 89.757492 0.000000 104.982529
v 89.757477 0.000000 112.482025
v 89.757477 0.000000 119.981506
v 89.757477 0.000000 127.481018
v 89.757469 0.000000 134.980499
v 89.757462 0.000000 142.480011
v 97.562485 0.000000 -142.500519
v 97.562485 0.000000 -135.001022
v 97.562485 0.000000 -127.501541
v 97.562485 0.000000 -120.002052
v 97.562485 0.000000 -112.502563
v 97.562485 0.000000 -105.003075
v 97.562485 0.000000 -97.503586
v 97.562485 0.000000 -90.004105
v 97.562485 0.000000 -82.504616
v 97.562485 0.000000 -75.005127
v 97.562485 0.000000 -67.505638
v 97.562485 0.000000 -60.006149
v 97.562485 0.000000 -52.506668
v 97.562485 0.000000 -45.007179
v 97.562485 0.000000 -37.507698
v 97.562485 0.000000 -30.008209
v 97.562485 0.000000 -22.508728
v 97.562485 0.000000 -15.009247
v 97.562485 0.000000 -7.509750
v 97.562485 0.000000 -0.010269
v 97.562485 0.000000 7.489212
v 97.562485 0.000000 14.988693
v 97.562485 0.000000 22.488190
v 97.562485 0.000000 29.987671
v 97.562485 0.000000 37.487167
v 97.562485 0.000000 44.986649
v 97.562485 0.000000 52.486130
v 97.562485 0.000000 59.985626
v 97.562485 0.000000 67.485107
v 97.562485 0.000000 74.984589
v 97.562485 0.000000 82.484070
v 97.562485 0.000000 89.983551
v 97.562485 0.000000 97.483047
v 97.562485 0.000000 104.982529
v 97.562485 0.000000 112.482025
v 97.562477 0.000000 119.981506
v 97.562469 0.000000 127.481018
v 97.562469 0.000000 134.980499
v 97.562469 0.000000 142.480011
v 105.367477 0.000000 -142.500519
v 105.367477 0.000000 -135.001022
v 105.367477 0.000000 -127.501541
v 105.367477 0.000000 -120.002052
v 105.367477 0.000000 -112.502563
v 105.367477 0.000000 -105.003075
v 105.367477 0.000000 -97.503586
v 105.367477 0.000000 -90.004105
v 105.367477 0.000000 -82.504616
v 105.367477 0.000000 -75.005127
v 105.367477 0.000000 -67.505638
v 105.367477 0.000000 -60.006149
v 105.367477 0.000000 -52.506668
v 105.367477 0.000000 -45.007179
v 105.367477 0.000000 -37.507698
v 105.367477 0.000000 -30.008209
v 105.367477 0.000000 -22.508728
v 105.367477 0.000000 -15.009247
v 105.367477 0.000000 -7.509750
v 105.367477 0.000000 -0.010269
v 105.367477 0.000000 7.489212
v 105.367477 0.000000 14.988693
v 105.367477 0.000000 22.488190
v 105.367477 0.000000 29.987671
v 105.367477 0.000000 37.487167
v 105.367477 0.000000 44.986649
v 105.367477 0.000000 52.486130
v 105.367477 0.000000 59.985626
v 105.367477 0.000000 67.485107
v 105.367477 0.000000 74.984589
v 105.367477 0.000000 82.484070
v 105.367477 0.000000 89.983551
v 105.367477 0.000000 97.483047
v 105.367477 0.000000 104.982529
v 105.367470 0.000000 112.482025
v 105.367470 0.000000 119.981506
v 105.367470 0.000000 127.481018
v 105.367462 0.000000 134.980499
v 105.367447 0.000000 142.480011
v 113.172470 0.000000 -142.500519
v 113.172470 0.000000 -135.001022
v 113.172470 0.000000 -127.501541
v 113.172470 0.000000 -120.002052
v 113.172470 0.000000 -112.502563
v 113.172470 0.000000 -105.003075
v 113.172470 0.000000 -97.503586
v 113.172470 0.000000 -90.004105
v 113.172470 0.000000 -82.504616
v 113.172470 0.000000 -75.005127
v 113.172470 0.000000 -67.505638
v 113.172470 0.000000 -60.006149
v 113.172470 0.000000 -52.506668
v 113.172470 0.000000 -45.007179
v 113.172470 0.000000 -37.507698
v 113.172470 0.000000 -30.008209
v 113.172470 0.000000 -22.508728
v 113.172470 0.000000 -15.009247
v 113.172470 0.000000 -7.509750
v 113.172470 0.000000 -0.010269
v 113.172470 0.000000 7.489212
v 113.172470 0.000000 14.988693
v 113.172470 0.000000 22.488190
v 113.172470 0.000000 29.987671
v 113.172470 0.000000 37.487167
v 113.172470 0.000000 44.986649
v 113.172470 0.000000 52.486130
v 113.172470 0.000000 59.985626
v 113.172470 0.000000 67.485107
v 113.172470 0.000000 74.984589
v 113.172470 0.000000 82.484070
v 113.172470 0.000000 89.983551
v 113.172470 0.000000 97.483047
v 113.172470 0.000000 104.982529
v 113.172470 0.000000 112.482025
v 113.172462 0.000000 119.981506
v 113.172455 0.000000 127.481018
v 113.172455 0.000000 134.980499
v 113.172455 0.000000 142.480011
v 120.977470 0.000000 -142.500519
v 120.977470 0.000000 -135.001022
v 120.977470 0.000000 -127.501541
v 120.977470 0.000000 -120.002052
v 120.977470 0.000000 -112.502563
v 120.977470 0.000000 -105.003075
v 120.977470 0.000000 -97.503586
v 120.977470 0.000000 -90.004105
v 120.977470 0.000000 -82.504616
v 120.977470 0.000000 -75.005127
v 120.977470 0.000000 -67.505638
v 120.977470 0.000000 -60.006149
v 120.977470 0.000000 -52.506668
v 120.977470 0.000000 -45.007179
v 120.977470 0.000000 -37.507698
v 120.977470 0.000000 -30.008209
v 120.977470 0.000000 -22.508728
v 120.977470 0.000000 -15.009247
v 120.977470 0.000000 -7.509750
v 120.977470 0.000000 -0.010269
v 120.977470 0.000000 7.489212
v 120.977470 0.000000 14.988693
v 120.977470 0.000000 22.488190
v 120.977470 0.000000 29.987671
v 120.977470 0.000000 37.487167
v 120.977470 0.000000 44.986649
v 120.977470 0.000000 52.486130
v 120.977470 0.000000 59.985626
v 120.977470 0.000000 67.485107
v 120.977470 0.000000 74.984589
v 120.977470 0.000000 82.484070
v 120.977470 0.000000 89.983551
v 120.977470 0.000000 97.483047
v 120.977470 0.000000 104.982529
v 120.977463 0.000000 112.482025
v 120.977463 0.000000 119.981506
v 120.977463 0.000000 127.481018
v 120.977448 0.000000 134.980499
v 120.977440 0.000000 142.480011
v 128.782471 0.000000 -142.500519
v 128.782471 0.000000 -135.001022
v 128.782471 0.000000 -127.501541
v 128.782471 0.000000 -120.002052
v 128.782471 0.000000 -112.502563
v 128.782471 0.000000 -105.003075
v 128.782471 0.000000 -97.503586
v 128.782471 0.000000 -90.004105
v 128.782471 0.000000 -82.504616
v 128.782471 0.000000 -75.005127
v 128.782471 0.000000 -67.505638
v 128.782471 0.000000 -60.006149
v 128.782471 0.000000 -52.506668
v 128.782471 0.000000 -45.007179
v 128.782471 0.000000 -37.507698
v 128.782471 0.000000 -30.008209
v 128.782471 0.000000 -22.508728
v 128.782471 0.000000 -15.009247
v 128.782471 0.000000 -7.509750
v 128.782471 0.000000 -0.010269
v 128.782471 0.000000 7.489212
v 128.782471 0.000000 14.988693
v 128.782471 0.000000 22.488190
v 128.782471 0.000000 29.987671
v 128.782471 0.000000 37.487167
v 128.782471 0.000000 44.986649
v 128.782471 0.000000 52.486130
v 128.782471 0.000000 59.985626
v 128.782471 0.000000 67.485107
v 128.782471 0.000000 74.984589
v 128.782471 0.000000 82.484070
v 128.782471 0.000000 89.983551
v 128.782471 0.000000 97.483047
v 128.782471 0.000000 104.982529
v 128.782471 0.000000 112.482025
v 128.782471 0.000000 119.981506
v 128.782471 0.000000 127.481018
v 128.782455 0.000000 134.980499
v 128.782440 0.000000 142.480011
v 136.587463 0.000000 -142.500519
v 136.587463 0.000000 -135.001022
v 136.587463 0.000000 -127.501541
v 136.587463 0.000000 -120.002052
v 136.587463 0.000000 -112.502563
v 136.587463 0.000000 -105.003075
v 136.587463 0.000000 -97.503586
v 136.587463 0.000000 -90.004105
v 136.587463 0.000000 -82.504616
v 136.587463 0.000000 -75.005127
v 136.587463 0.000000 -67.505638
v 136.587463 0.000000 -60.006149
v 136.587463 0.000000 -52.506668
v 136.587463 0.000000 -45.007179
v 136.587463 0.000000 -37.507698
v 136.587463 0.000000 -30.008209
v 136.587463 0.000000 -22.508728
v 136.587463 0.000000 -15.009247
v 136.587463 0.000000 -7.509750
v 136.587463 0.000000 -0.010269
v 136.587463 0.000000 7.489212
v 136.587463 0.000000 14.988693
v 136.587463 0.000000 22.488190
v 136.587463 0.000000 29.987671
v 136.587463 0.000000 37.487167
v 136.587463 0.000000 44.986649
v 136.587463 0.000000 52.486130
v 136.587463 0.000000 59.985626
v 136.587463 0.000000 67.485107
v 136.587463 0.000000 74.984589
v 136.587463 0.000000 82.484070
v 136.587463 0.000000 89.983551
v 136.587463 0.000000 97.483047
v 136.587463 0.000000 104.982529
v 136.587463 0.000000 112.482025
v 136.587463 0.000000 119.981506
v 136.587463 0.000000 127.481018
v 136.587463 0.000000 134.980499
v 136.587448 0.000000 142.480011
v 144.392456 0.000000 -142.500519
v 144.392456 0.000000 -135.001022
v 144.392456 0.000000 -127.501541
v 144.392456 0.000000 -120.002052
v 144.392456 0.000000 -112.502563
v 144.392456 0.000000 -105.003075
v 144.392456 0.000000 -97.503586
v 144.392456 0.000000 -90.004105
v 144.392456 0.000000 -82.504616
v 144.392456 0.000000 -75.005127
v 144.392456 0.000000 -67.505638
v 144.392456 0.000000 -60.006149
v 144.392456 0.000000 -52.506668
v 144.392456 0.000000 -45.007179
v 144.392456 0.000000 -37.507698
v 144.392456 0.000000 -30.008209
v 144.392456 0.000000 -22.508728
v 144.392456 0.000000 -15.009247
v 144.392456 0.000000 -7.509750
v 144.392456 0.000000 -0.010269
v 144.392456 0.000000 7.489212
v 144.392456 0.000000 14.988693
v 144.392456 0.000000 22.488190
v 144.392456 0.000000 29.987671
v 144.392456 0.000000 37.487167
v 144.392456 0.000000 44.986649
v 144.392456 0.000000 52.486130
v 144.392456 0.000000 59.985626
v 144.392456 0.000000 67.485107
v 144.392456 0.000000 74.984589
v 144.392456 0.000000 82.484070
v 144.392456 0.000000 89.983551
v 144.392456 0.000000 97.483047
v 144.392456 0.000000 104.982529
v 144.392456 0.000000 112.482025
v 144.392456 0.000000 119.981506
v 144.392456 0.000000 127.481018
v 144.392456 0.000000 134.980499
v 144.392456 0.000000 142.480011
v 152.197449 0.000000 -142.500519
v 152.197449 0.000000 -135.001022
v 152.197449 0.000000 -127.501541
v 152.197449 0.000000 -120.002052
v 152.197449 0.000000 -112.502563
v 152.197449 0.000000 -105.003075
v 152.197449 0.000000 -97.503586
v 152.197449 0.000000 -90.004105
v 152.197449 0.000000 -82.504616
v 152.197449 0.000000 -75.005127
v 152.197449 0.000000 -67.505638
v 152.197449 0.000000 -60.006149
v 152.197449 0.000000 -52.506668
v 152.197449 0.000000 -45.007179
v 152.197449 0.000000 -37.507698
v 152.197449 0.000000 -30.008209
v 152.197449 0.000000 -22.508728
v 152.197449 0.000000 -15.009247
v 152.197449 0.000000 -7.509750
v 152.197449 0.000000 -0.010269
v 152.197449 0.000000 7.489212
v 152.197449 0.000000 14.988693
v 152.197449 0.000000 22.488190
v 152.197449 0.000000 29.987671
v 152.197449 0.000000 37.487167
v 152.197449 0.000000 44.986649
v 152.197449 0.000000 52.486130
v 152.197449 0.000000 59.985626
v 152.197449 0.000000 67.485107
v 152.197449 0.000000 74.984589
v 152.197449 0.000000 82.484070
v 152.197449 0.000000 89.983551
v 152.197449 0.000000 97.483047
v 152.197449 0.000000 104.982529
v 152.197449 0.000000 112.482025
v 152.197449 0.000000 119.981506
v 152.197449 0.000000 127.481018
v 152.197449 0.000000 134.980499
v 152.197433 0.000000 142.480011
v -160.002441 -70.014061 142.480011
v -160.002441 -70.014061 149.979492
v -152.197433 -70.014061 -149.999985
v -160.002441 -70.014061 -149.999985
v -152.197449 -70.014061 149.979492
v -152.197433 -70.014061 142.480011
v -160.002441 -70.014061 -142.500488
v -160.002441 -70.014061 -135.001007
v -160.002441 -70.014061 -127.501518
v -160.002441 -70.014061 -120.002029
v -160.002441 -70.014061 -112.502548
v -160.002441 -70.014061 -105.003052
v -160.002441 -70.014061 -97.503571
v -160.002441 -70.014061 -90.004082
v -160.002441 -70.014061 -82.504593
v -160.002441 -70.014061 -75.005119
v -160.002441 -70.014061 -67.505630
v -160.002441 -70.014061 -60.006142
v -160.002441 -70.014061 -52.506653
v -160.002441 -70.014061 -45.007172
v -160.002441 -70.014061 -37.507698
v -160.002441 -70.014061 -30.008209
v -160.002441 -70.014061 -22.508728
v -160.002441 -70.014061 -15.009247
v -160.002441 -70.014061 -7.509750
v -160.002441 -70.014061 -0.010269
v -160.002441 -70.014061 7.489212
v -160.002441 -70.014061 14.988693
v -160.002441 -70.014061 22.488190
v -160.002441 -70.014061 29.987671
v -160.002441 -70.014061 37.487167
v -160.002441 -70.014061 44.986649
v -160.002441 -70.014061 52.486130
v -160.002441 -70.014061 59.985626
v -160.002441 -70.014061 67.485107
v -160.002441 -70.014061 74.984589
v -160.002441 -70.014061 82.484055
v -160.002441 -70.014061 89.983551
v -160.002441 -70.014061 97.483032
v -160.002441 -70.014061 104.982529
v -160.002441 -70.014061 112.482025
v -160.002441 -70.014061 119.981506
v -160.002441 -70.014061 127.481018
v -160.002441 -70.014061 134.980499
v -152.197433 -70.014061 -142.500488
v -152.197433 -70.014061 -135.001007
v -152.197433 -70.014061 -127.501518
v -152.197433 -70.014061 -120.002029
v -152.197433 -70.014061 -112.502548
v -152.197433 -70.014061 -105.003052
v -152.197433 -70.014061 -97.503571
v -152.197433 -70.014061 -90.004082
v -152.197433 -70.014061 -82.504593
v -152.197433 -70.014061 -75.005119
v -152.197433 -70.014061 -67.505630
v -152.197433 -70.014061 -60.006142
v -152.197433 -70.014061 -52.506653
v -152.197433 -70.014061 -45.007172
v -152.197433 -70.014061 -37.507698
v -152.197433 -70.014061 -30.008209
v -152.197433 -70.014061 -22.508728
v -152.197433 -70.014061 -15.009247
v -152.197433 -70.014061 -7.509750
v -152.197433 -70.014061 -0.010269
v -152.197433 -70.014061 7.489212
v -152.197433 -70.014061 14.988693
v -152.197433 -70.014061 22.488190
v -152.197433 -70.014061 29.987671
v -152.197433 -70.014061 37.487167
v -152.197433 -70.014061 44.986649
v -152.197433 -70.014061 52.486130
v -152.197433 -70.014061 59.985626
v -152.197433 -70.014061 67.485107
v -152.197433 -70.014061 74.984589
v -152.197433 -70.014061 82.484055
v -152.197433 -70.014061 89.983551
v -152.197433 -70.014061 97.483032
v -152.197433 -70.014061 104.982529
v -152.197433 -70.014061 112.482025
v -152.197433 -70.014061 119.981506
v -152.197433 -70.014061 127.481018
v -152.197433 -70.014061 134.980499
v -160.002441 -63.012657 119.981506
v -160.002441 -56.011250 119.981506
v -160.002441 -49.009842 119.981506
v -160.002441 -42.008434 119.981506
v -160.002441 -35.007027 119.981506
v -160.002441 -28.005621 119.981506
v -160.002441 -21.004215 119.981506
v -160.002441 -14.002810 119.981506
v -160.002441 -7.001405 119.981506
v -160.002441 -63.012657 149.979492
v -160.002441 -56.011250 149.979492
v -160.002441 -49.009842 149.979492
v -160.002441 -42.008434 149.979492
v -160.002441 -35.007027 149.979492
v -160.002441 -28.005621 149.979492
v -160.002441 -21.004215 149.979492
v -160.002441 -14.002810 149.979492
v -160.002441 -7.001405 149.979492
v -160.002441 -7.001406 142.480011
v -160.002441 -14.002811 142.480011
v -160.002441 -21.004217 142.480011
v -160.002441 -28.005623 142.480011
v -160.002441 -35.007030 142.480011
v -160.002441 -42.008438 142.480011
v -160.002441 -49.009842 142.480011
v -160.002441 -56.011250 142.480011
v -160.002441 -63.012657 142.480011
v -152.197433 -7.001406 37.487167
v -152.197433 -14.002811 37.487167
v -152.197433 -21.004217 37.487167
v -152.197433 -28.005623 37.487167
v -152.197433 -35.007030 37.487167
v -152.197433 -42.008438 37.487167
v -152.197433 -49.009842 37.487167
v -152.197433 -56.011250 37.487167
v -152.197433 -63.012657 37.487167
v -160.002441 -63.012657 -82.504593
v -160.002441 -56.011250 -82.504593
v -160.002441 -49.009842 -82.504593
v -160.002441 -42.008434 -82.504593
v -160.002441 -35.007027 -82.504593
v -160.002441 -28.005621 -82.504593
v -160.002441 -21.004215 -82.504593
v -160.002441 -14.002810 -82.504593
v -160.002441 -7.001405 -82.504593
v -160.002441 -63.012657 112.482025
v -160.002441 -56.011250 112.482025
v -160.002441 -49.009842 112.482025
v -160.002441 -42.008434 112.482025
v -160.002441 -35.007027 112.482025
v -160.002441 -28.005621 112.482025
v -160.002441 -21.004215 112.482025
v -160.002441 -14.002810 112.482025
v -160.002441 -7.001405 112.482025
v -152.197433 -7.001406 29.987671
v -152.197433 -14.002811 29.987671
v -152.197433 -21.004217 29.987671
v -152.197433 -28.005623 29.987671
v -152.197433 -35.007030 29.987671
v -152.197433 -42.008438 29.987671
v -152.197433 -49.009842 29.987671
v -152.197433 -56.011250 29.987671
v -152.197433 -63.012657 29.987671
v -160.002441 -63.012657 -90.004082
v -160.002441 -56.011250 -90.004082
v -160.002441 -49.009842 -90.004082
v -160.002441 -42.008434 -90.004082
v -160.002441 -35.007027 -90.004082
v -160.002441 -28.005621 -90.004082
v -160.002441 -21.004215 -90.004082
v -160.002441 -14.002810 -90.004082
v -160.002441 -7.001405 -90.004082
v -160.002441 -63.012657 104.982529
v -160.002441 -56.011250 104.982529
v -160.002441 -49.009842 104.982529
v -160.002441 -42.008434 104.982529
v -160.002441 -35.007027 104.982529
v -160.002441 -28.005621 104.982529
v -160.002441 -21.004215 104.982529
v -160.002441 -14.002810 104.982529
v -160.002441 -7.001405 104.982529
v -152.197433 -7.001406 22.488190
v -152.197433 -14.002811 22.488190
v -152.197433 -21.004217 22.488190
v -152.197433 -28.005623 22.488190
v -152.197433 -35.007030 22.488190
v -152.197433 -42.008438 22.488190
v -152.197433 -49.009842 22.488190
v -152.197433 -56.011250 22.488190
v -152.197433 -63.012657 22.488190
v -160.002441 -63.012657 -97.503571
v -160.002441 -56.011250 -97.503571
v -160.002441 -49.009842 -97.503571
v -160.002441 -42.008434 -97.503571
v -160.002441 -35.007027 -97.503571
v -160.002441 -28.005621 -97.503571
v -160.002441 -21.004215 -97.503571
v -160.002441 -14.002810 -97.503571
v -160.002441 -7.001405 -97.503571
v -160.002441 -63.012657 97.483032
v -160.002441 -56.011250 97.483032
v -160.002441 -49.009842 97.483032
v -160.002441 -42.008434 97.483032
v -160.002441 -35.007027 97.483032
v -160.002441 -28.005621 97.483032
v -160.002441 -21.004215 97.483032
v -160.002441 -14.002810 97.483032
v -160.002441 -7.001405 97.483032
v -152.197433 -7.001406 14.988693
v -152.197433 -14.002811 14.988693
v -152.197433 -21.004217 14.988693
v -152.197433 -28.005623 14.988693
v -152.197433 -35.007030 14.988693
v -152.197433 -42.008438 14.988693
v -152.197433 -49.009842 14.988693
v -152.197433 -56.011250 14.988693
v -152.197433 -63.012657 14.988693
v -160.002441 -63.012657 -105.003052
v -160.002441 -56.011250 -105.003052
v -160.002441 -49.009842 -105.003052
v -160.002441 -42.008434 -105.003052
v -160.002441 -35.007027 -105.003052
v -160.002441 -28.005621 -105.003052
v -160.002441 -21.004215 -105.003052
v -160.002441 -14.002810 -105.003052
v -160.002441 -7.001405 -105.003052
v -160.002441 -63.012657 89.983551
v -160.002441 -56.011250 89.983551
v -160.002441 -49.009842 89.983551
v -160.002441 -42.008434 89.983551
v -160.002441 -35.007027 89.983551
v -160.002441 -28.005621 89.983551
v -160.002441 -21.004215 89.983551
v -160.002441 -14.002810 89.983551
v -160.002441 -7.001405 89.983551
v -152.197433 -7.001406 7.489212
v -152.197433 -14.002811 7.489212
v -152.197433 -21.004217 7.489212
v -152.197433 -28.005623 7.489212
v -152.197433 -35.007030 7.489212
v -152.197433 -42.008438 7.489212
v -152.197433 -49.009842 7.489212
v -152.197433 -56.011250 7.489212
v -152.197433 -63.012657 7.489212
v -160.002441 -63.012657 -112.502548
v -160.002441 -56.011250 -112.502548
v -160.002441 -49.009842 -112.502548
v -160.002441 -42.008434 -112.502548
v -160.002441 -35.007027 -112.502548
v -160.002441 -28.005621 -112.502548
v -160.002441 -21.004215 -112.502548
v -160.002441 -14.002810 -112.502548
v -160.002441 -7.001405 -112.502548
v -160.002441 -63.012657 82.484055
v -160.002441 -56.011250 82.484055
v -160.002441 -49.009842 82.484055
v -160.002441 -42.008434 82.484055
v -160.002441 -35.007027 82.484055
v -160.002441 -28.005621 82.484055
v -160.002441 -21.004215 82.484055
v -160.002441 -14.002810 82.484055
v -160.002441 -7.001405 82.484055
v -152.197433 -7.001406 -0.010269
v -152.197433 -14.002811 -0.010269
v -152.197433 -21.004217 -0.010269
v -152.197433 -28.005623 -0.010269
v -152.197433 -35.007030 -0.010269
v -152.197433 -42.008438 -0.010269
v -152.197433 -49.009842 -0.010269
v -152.197433 -56.011250 -0.010269
v -152.197433 -63.012657 -0.010269
v -160.002441 -63.012657 -120.002029
v -160.002441 -56.011250 -120.002029
v -160.002441 -49.009842 -120.002029
v -160.002441 -42.008434 -120.002029
v -160.002441 -35.007027 -120.002029
v -160.002441 -28.005621 -120.002029
v -160.002441 -21.004215 -120.002029
v -160.002441 -14.002810 -120.002029
v -160.002441 -7.001405 -120.002029
v -160.002441 -63.012657 74.984589
v -160.002441 -56.011250 74.984589
v -160.002441 -49.009842 74.984589
v -160.002441 -42.008434 74.984589
v -160.002441 -35.007027 74.984589
v -160.002441 -28.005621 74.984589
v -160.002441 -21.004215 74.984589
v -160.002441 -14.002810 74.984589
v -160.002441 -7.001405 74.984589
v -152.197433 -7.001406 -7.509750
v -152.197433 -14.002811 -7.509750
v -152.197433 -21.004217 -7.509750
v -152.197433 -28.005623 -7.509750
v -152.197433 -35.007030 -7.509750
v -152.197433 -42.008438 -7.509750
v -152.197433 -49.009842 -7.509750
v -152.197433 -56.011250 -7.509750
v -152.197433 -63.012657 -7.509750
v -160.002441 -63.012657 -127.501518
v -160.002441 -56.011250 -127.501518
v -160.002441 -49.009842 -127.501518
v -160.002441 -42.008434 -127.501518
v -160.002441 -35.007027 -127.501518
v -160.002441 -28.005621 -127.501518
v -160.002441 -21.004215 -127.501518
v -160.002441 -14.002810 -127.501518
v -160.002441 -7.001405 -127.501518
v -160.002441 -63.012657 67.485107
v -160.002441 -56.011250 67.485107
v -160.002441 -49.009842 67.485107
v -160.002441 -42.008434 67.485107
v -160.002441 -35.007027 67.485107
v -160.002441 -28.005621 67.485107
v -160.002441 -21.004215 67.485107
v -160.002441 -14.002810 67.485107
v -160.002441 -7.001405 67.485107
v -152.197433 -7.001406 -15.009247
v -152.197433 -14.002811 -15.009247
v -152.197433 -21.004217 -15.009247
v -152.197433 -28.005623 -15.009247
v -152.197433 -35.007030 -15.009247
v -152.197433 -42.008438 -15.009247
v -152.197433 -49.009842 -15.009247
v -152.197433 -56.011250 -15.009247
v -152.197433 -63.012657 -15.009247
v -160.002441 -63.012657 -135.001007
v -160.002441 -56.011250 -135.001007
v -160.002441 -49.009842 -135.001007
v -160.002441 -42.008434 -135.001007
v -160.002441 -35.007027 -135.001007
v -160.002441 -28.005621 -135.001007
v -160.002441 -21.004215 -135.001007
v -160.002441 -14.002810 -135.001007
v -160.002441 -7.001405 -135.001007
v -160.002441 -63.012657 59.985626
v -160.002441 -56.011250 59.985626
v -160.002441 -49.009842 59.985626
v -160.002441 -42.008434 59.985626
v -160.002441 -35.007027 59.985626
v -160.002441 -28.005621 59.985626
v -160.002441 -21.004215 59.985626
v -160.002441 -14.002810 59.985626
v -160.002441 -7.001405 59.985626
v -152.197433 -7.001406 -22.508728
v -152.197433 -14.002811 -22.508728
v -152.197433 -21.004217 -22.508728
v -152.197433 -28.005623 -22.508728
v -152.197433 -35.007030 -22.508728
v -152.197433 -42.008438 -22.508728
v -152.197433 -49.009842 -22.508728
v -152.197433 -56.011250 -22.508728
v -152.197433 -63.012657 -22.508728
v -160.002441 -63.012657 -142.500488
v -160.002441 -56.011250 -142.500488
v -160.002441 -49.009842 -142.500488
v -160.002441 -42.008434 -142.500488
v -160.002441 -35.007027 -142.500488
v -160.002441 -28.005621 -142.500488
v -160.002441 -21.004215 -142.500488
v -160.002441 -14.002810 -142.500488
v -160.002441 -7.001405 -142.500488
v -160.002441 -7.001406 -149.999985
v -160.002441 -14.002811 -149.999985
v -160.002441 -21.004217 -149.999985
v -160.002441 -28.005623 -149.999985
v -160.002441 -35.007030 -149.999985
v -160.002441 -42.008438 -149.999985
v -160.002441 -49.009842 -149.999985
v -160.002441 -56.011250 -149.999985
v -160.002441 -63.012657 -149.999985
v -160.002441 -63.012657 52.486130
v -160.002441 -56.011250 52.486130
v -160.002441 -49.009842 52.486130
v -160.002441 -42.008434 52.486130
v -160.002441 -35.007027 52.486130
v -160.002441 -28.005621 52.486130
v -160.002441 -21.004215 52.486130
v -160.002441 -14.002810 52.486130
v -160.002441 -7.001405 52.486130
v -152.197433 -7.001406 -30.008209
v -152.197433 -14.002811 -30.008209
v -152.197433 -21.004217 -30.008209
v -152.197433 -28.005623 -30.008209
v -152.197433 -35.007030 -30.008209
v -152.197433 -42.008438 -30.008209
v -152.197433 -49.009842 -30.008209
v -152.197433 -56.011250 -30.008209
v -152.197433 -63.012657 -30.008209
v -160.002441 -63.012657 44.986649
v -160.002441 -56.011250 44.986649
v -160.002441 -49.009842 44.986649
v -160.002441 -42.008434 44.986649
v -160.002441 -35.007027 44.986649
v -160.002441 -28.005621 44.986649
v -160.002441 -21.004215 44.986649
v -160.002441 -14.002810 44.986649
v -160.002441 -7.001405 44.986649
v -152.197433 -7.001406 -37.507698
v -152.197433 -14.002811 -37.507698
v -152.197433 -21.004217 -37.507698
v -152.197433 -28.005623 -37.507698
v -152.197433 -35.007030 -37.507698
v -152.197433 -42.008438 -37.507698
v -152.197433 -49.009842 -37.507698
v -152.197433 -56.011250 -37.507698
v -152.197433 -63.012657 -37.507698
v -160.002441 -63.012657 37.487167
v -160.002441 -56.011250 37.487167
v -160.002441 -49.009842 37.487167
v -160.002441 -42.008434 37.487167
v -160.002441 -35.007027 37.487167
v -160.002441 -28.005621 37.487167
v -160.002441 -21.004215 37.487167
v -160.002441 -14.002810 37.487167
v -160.002441 -7.001405 37.487167
v -152.197433 -63.012657 -52.506653
v -152.197433 -56.011250 -52.506653
v -152.197433 -49.009842 -52.506653
v -152.197433 -42.008434 -52.506653
v -152.197433 -35.007027 -52.506653
v -152.197433 -28.005621 -52.506653
v -152.197433 -21.004215 -52.506653
v -152.197433 -14.002810 -52.506653
v -152.197433 -7.001405 -52.506653
v -152.197433 -7.001406 -45.007172
v -152.197433 -14.002811 -45.007172
v -152.197433 -21.004217 -45.007172
v -152.197433 -28.005623 -45.007172
v -152.197433 -35.007030 -45.007172
v -152.197433 -42.008438 -45.007172
v -152.197433 -49.009842 -45.007172
v -152.197433 -56.011250 -45.007172
v -152.197433 -63.012657 -45.007172
v -160.002441 -63.012657 29.987671
v -160.002441 -56.011250 29.987671
v -160.002441 -49.009842 29.987671
v -160.002441 -42.008434 29.987671
v -160.002441 -35.007027 29.987671
v -160.002441 -28.005621 29.987671
v -160.002441 -21.004215 29.987671
v -160.002441 -14.002810 29.987671
v -160.002441 -7.001405 29.987671
v -160.002441 -7.001406 22.488190
v -160.002441 -14.002811 22.488190
v -160.002441 -21.004217 22.488190
v -160.002441 -28.005623 22.488190
v -160.002441 -35.007030 22.488190
v -160.002441 -42.008438 22.488190
v -160.002441 -49.009842 22.488190
v -160.002441 -56.011250 22.488190
v -160.002441 -63.012657 22.488190
v -160.002441 -63.012657 -75.005119
v -160.002441 -56.011250 -75.005119
v -160.002441 -49.009842 -75.005119
v -160.002441 -42.008434 -75.005119
v -160.002441 -35.007027 -75.005119
v -160.002441 -28.005621 -75.005119
v -160.002441 -21.004215 -75.005119
v -160.002441 -14.002810 -75.005119
v -160.002441 -7.001405 -75.005119
v -152.197433 -7.001406 44.986649
v -152.197433 -14.002811 44.986649
v -152.197433 -21.004217 44.986649
v -152.197433 -28.005623 44.986649
v -152.197433 -35.007030 44.986649
v -152.197433 -42.008438 44.986649
v -152.197433 -49.009842 44.986649
v -152.197433 -56.011250 44.986649
v -152.197433 -63.012657 44.986649
v -160.002441 -63.012657 127.481018
v -160.002441 -56.011250 127.481018
v -160.002441 -49.009842 127.481018
v -160.002441 -42.008434 127.481018
v -160.002441 -35.007027 127.481018
v -160.002441 -28.005621 127.481018
v -160.002441 -21.004215 127.481018
v -160.002441 -14.002810 127.481018
v -160.002441 -7.001405 127.481018
v -160.002441 -63.012657 -67.505630
v -160.002441 -56.011250 -67.505630
v -160.002441 -49.009842 -67.505630
v -160.002441 -42.008434 -67.505630
v -160.002441 -35.007027 -67.505630
v -160.002441 -28.005621 -67.505630
v -160.002441 -21.004215 -67.505630
v -160.002441 -14.002810 -67.505630
v -160.002441 -7.001405 -67.505630
v -152.197433 -7.001406 52.486130
v -152.197433 -14.002811 52.486130
v -152.197433 -21.004217 52.486130
v -152.197433 -28.005623 52.486130
v -152.197433 -35.007030 52.486130
v -152.197433 -42.008438 52.486130
v -152.197433 -49.009842 52.486130
v -152.197433 -56.011250 52.486130
v -152.197433 -63.012657 52.486130
v -152.197433 -7.001406 -142.500488
v -152.197433 -14.002811 -142.500488
v -152.197433 -21.004217 -142.500488
v -152.197433 -28.005623 -142.500488
v -152.197433 -35.007030 -142.500488
v -152.197433 -42.008438 -142.500488
v -152.197433 -49.009842 -142.500488
v -152.197433 -56.011250 -142.500488
v -152.197433 -63.012657 -142.500488
v -152.197433 -63.012657 -149.999985
v -152.197433 -56.011250 -149.999985
v -152.197433 -49.009842 -149.999985
v -152.197433 -42.008434 -149.999985
v -152.197433 -35.007027 -149.999985
v -152.197433 -28.005621 -149.999985
v -152.197433 -21.004215 -149.999985
v -152.197433 -14.002810 -149.999985
v -152.197433 -7.001405 -149.999985
v -160.002441 -63.012657 134.980499
v -160.002441 -56.011250 134.980499
v -160.002441 -49.009842 134.980499
v -160.002441 -42.008434 134.980499
v -160.002441 -35.007027 134.980499
v -160.002441 -28.005621 134.980499
v -160.002441 -21.004215 134.980499
v -160.002441 -14.002810 134.980499
v -160.002441 -7.001405 134.980499
v -152.197449 -7.001406 149.979492
v -152.197449 -14.002811 149.979492
v -152.197449 -21.004217 149.979492
v -152.197449 -28.005623 149.979492
v -152.197449 -35.007030 149.979492
v -152.197449 -42.008438 149.979492
v -152.197449 -49.009842 149.979492
v -152.197449 -56.011250 149.979492
v -152.197449 -63.012657 149.979492
v -152.197433 -63.012657 142.480011
v -152.197433 -56.011250 142.480011
v -152.197433 -49.009842 142.480011
v -152.197433 -42.008434 142.480011
v -152.197433 -35.007027 142.480011
v -152.197433 -28.005621 142.480011
v -152.197433 -21.004215 142.480011
v -152.197433 -14.002810 142.480011
v -152.197433 -7.001405 142.480011
v -160.002441 -63.012657 -60.006142
v -160.002441 -56.011250 -60.006142
v -160.002441 -49.009842 -60.006142
v -160.002441 -42.008434 -60.006142
v -160.002441 -35.007027 -60.006142
v -160.002441 -28.005621 -60.006142
v -160.002441 -21.004215 -60.006142
v -160.002441 -14.002810 -60.006142
v -160.002441 -7.001405 -60.006142
v -152.197433 -7.001406 59.985626
v -152.197433 -14.002811 59.985626
v -152.197433 -21.004217 59.985626
v -152.197433 -28.005623 59.985626
v -152.197433 -35.007030 59.985626
v -152.197433 -42.008438 59.985626
v -152.197433 -49.009842 59.985626
v -152.197433 -56.011250 59.985626
v -152.197433 -63.012657 59.985626
v -152.197433 -7.001406 -135.001007
v -152.197433 -14.002811 -135.001007
v -152.197433 -21.004217 -135.001007
v -152.197433 -28.005623 -135.001007
v -152.197433 -35.007030 -135.001007
v -152.197433 -42.008438 -135.001007
v -152.197433 -49.009842 -135.001007
v -152.197433 -56.011250 -135.001007
v -152.197433 -63.012657 -135.001007
v -160.002441 -63.012657 -52.506653
v -160.002441 -56.011250 -52.506653
v -160.002441 -49.009842 -52.506653
v -160.002441 -42.008434 -52.506653
v -160.002441 -35.007027 -52.506653
v -160.002441 -28.005621 -52.506653
v -160.002441 -21.004215 -52.506653
v -160.002441 -14.002810 -52.506653
v -160.002441 -7.001405 -52.506653
v -152.197433 -7.001406 67.485107
v -152.197433 -14.002811 67.485107
v -152.197433 -21.004217 67.485107
v -152.197433 -28.005623 67.485107
v -152.197433 -35.007030 67.485107
v -152.197433 -42.008438 67.485107
v -152.197433 -49.009842 67.485107
v -152.197433 -56.011250 67.485107
v -152.197433 -63.012657 67.485107
v -152.197433 -7.001406 -127.501518
v -152.197433 -14.002811 -127.501518
v -152.197433 -21.004217 -127.501518
v -152.197433 -28.005623 -127.501518
v -152.197433 -35.007030 -127.501518
v -152.197433 -42.008438 -127.501518
v -152.197433 -49.009842 -127.501518
v -152.197433 -56.011250 -127.501518
v -152.197433 -63.012657 -127.501518
v -160.002441 -63.012657 -45.007172
v -160.002441 -56.011250 -45.007172
v -160.002441 -49.009842 -45.007172
v -160.002441 -42.008434 -45.007172
v -160.002441 -35.007027 -45.007172
v -160.002441 -28.005621 -45.007172
v -160.002441 -21.004215 -45.007172
v -160.002441 -14.002810 -45.007172
v -160.002441 -7.001405 -45.007172
v -152.197433 -7.001406 74.984589
v -152.197433 -14.002811 74.984589
v -152.197433 -21.004217 74.984589
v -152.197433 -28.005623 74.984589
v -152.197433 -35.007030 74.984589
v -152.197433 -42.008438 74.984589
v -152.197433 -49.009842 74.984589
v -152.197433 -56.011250 74.984589
v -152.197433 -63.012657 74.984589
v -152.197433 -7.001406 -120.002029
v -152.197433 -14.002811 -120.002029
v -152.197433 -21.004217 -120.002029
v -152.197433 -28.005623 -120.002029
v -152.197433 -35.007030 -120.002029
v -152.197433 -42.008438 -120.002029
v -152.197433 -49.009842 -120.002029
v -152.197433 -56.011250 -120.002029
v -152.197433 -63.012657 -120.002029
v -160.002441 -63.012657 -37.507698
v -160.002441 -56.011250 -37.507698
v -160.002441 -49.009842 -37.507698
v -160.002441 -42.008434 -37.507698
v -160.002441 -35.007027 -37.507698
v -160.002441 -28.005621 -37.507698
v -160.002441 -21.004215 -37.507698
v -160.002441 -14.002810 -37.507698
v -160.002441 -7.001405 -37.507698
v -152.197433 -7.001406 82.484055
v -152.197433 -14.002811 82.484055
v -152.197433 -21.004217 82.484055
v -152.197433 -28.005623 82.484055
v -152.197433 -35.007030 82.484055
v -152.197433 -42.008438 82.484055
v -152.197433 -49.009842 82.484055
v -152.197433 -56.011250 82.484055
v -152.197433 -63.012657 82.484055
v -152.197433 -7.001406 -112.502548
v -152.197433 -14.002811 -112.502548
v -152.197433 -21.004217 -112.502548
v -152.197433 -28.005623 -112.502548
v -152.197433 -35.007030 -112.502548
v -152.197433 -42.008438 -112.502548
v -152.197433 -49.009842 -112.502548
v -152.197433 -56.011250 -112.502548
v -152.197433 -63.012657 -112.502548
v -160.002441 -63.012657 -30.008209
v -160.002441 -56.011250 -30.008209
v -160.002441 -49.009842 -30.008209
v -160.002441 -42.008434 -30.008209
v -160.002441 -35.007027 -30.008209
v -160.002441 -28.005621 -30.008209
v -160.002441 -21.004215 -30.008209
v -160.002441 -14.002810 -30.008209
v -160.002441 -7.001405 -30.008209
v -152.197433 -7.001406 89.983551
v -152.197433 -14.002811 89.983551
v -152.197433 -21.004217 89.983551
v -152.197433 -28.005623 89.983551
v -152.197433 -35.007030 89.983551
v -152.197433 -42.008438 89.983551
v -152.197433 -49.009842 89.983551
v -152.197433 -56.011250 89.983551
v -152.197433 -63.012657 89.983551
v -152.197433 -7.001406 -105.003052
v -152.197433 -14.002811 -105.003052
v -152.197433 -21.004217 -105.003052
v -152.197433 -28.005623 -105.003052
v -152.197433 -35.007030 -105.003052
v -152.197433 -42.008438 -105.003052
v -152.197433 -49.009842 -105.003052
v -152.197433 -56.011250 -105.003052
v -152.197433 -63.012657 -105.003052
v -160.002441 -63.012657 -22.508728
v -160.002441 -56.011250 -22.508728
v -160.002441 -49.009842 -22.508728
v -160.002441 -42.008434 -22.508728
v -160.002441 -35.007027 -22.508728
v -160.002441 -28.005621 -22.508728
v -160.002441 -21.004215 -22.508728
v -160.002441 -14.002810 -22.508728
v -160.002441 -7.001405 -22.508728
v -152.197433 -7.001406 97.483032
v -152.197433 -14.002811 97.483032
v -152.197433 -21.004217 97.483032
v -152.197433 -28.005623 97.483032
v -152.197433 -35.007030 97.483032
v -152.197433 -42.008438 97.483032
v -152.197433 -49.009842 97.483032
v -152.197433 -56.011250 97.483032
v -152.197433 -63.012657 97.483032
v -152.197433 -7.001406 -97.503571
v -152.197433 -14.002811 -97.503571
v -152.197433 -21.004217 -97.503571
v -152.197433 -28.005623 -97.503571
v -152.197433 -35.007030 -97.503571
v -152.197433 -42.008438 -97.503571
v -152.197433 -49.009842 -97.503571
v -152.197433 -56.011250 -97.503571
v -152.197433 -63.012657 -97.503571
v -160.002441 -63.012657 -15.009247
v -160.002441 -56.011250 -15.009247
v -160.002441 -49.009842 -15.009247
v -160.002441 -42.008434 -15.009247
v -160.002441 -35.007027 -15.009247
v -160.002441 -28.005621 -15.009247
v -160.002441 -21.004215 -15.009247
v -160.002441 -14.002810 -15.009247
v -160.002441 -7.001405 -15.009247
v -152.197433 -7.001406 104.982529
v -152.197433 -14.002811 104.982529
v -152.197433 -21.004217 104.982529
v -152.197433 -28.005623 104.982529
v -152.197433 -35.007030 104.982529
v -152.197433 -42.008438 104.982529
v -152.197433 -49.009842 104.982529
v -152.197433 -56.011250 104.982529
v -152.197433 -63.012657 104.982529
v -152.197433 -7.001406 -90.004082
v -152.197433 -14.002811 -90.004082
v -152.197433 -21.004217 -90.004082
v -152.197433 -28.005623 -90.004082
v -152.197433 -35.007030 -90.004082
v -152.197433 -42.008438 -90.004082
v -152.197433 -49.009842 -90.004082
v -152.197433 -56.011250 -90.004082
v -152.197433 -63.012657 -90.004082
v -160.002441 -63.012657 -7.509750
v -160.002441 -56.011250 -7.509750
v -160.002441 -49.009842 -7.509750
v -160.002441 -42.008434 -7.509750
v -160.002441 -35.007027 -7.509750
v -160.002441 -28.005621 -7.509750
v -160.002441 -21.004215 -7.509750
v -160.002441 -14.002810 -7.509750
v -160.002441 -7.001405 -7.509750
v -152.197433 -7.001406 112.482025
v -152.197433 -14.002811 112.482025
v -152.197433 -21.004217 112.482025
v -152.197433 -28.005623 112.482025
v -152.197433 -35.007030 112.482025
v -152.197433 -42.008438 112.482025
v -152.197433 -49.009842 112.482025
v -152.197433 -56.011250 112.482025
v -152.197433 -63.012657 112.482025
v -152.197433 -7.001406 -82.504593
v -152.197433 -14.002811 -82.504593
v -152.197433 -21.004217 -82.504593
v -152.197433 -28.005623 -82.504593
v -152.197433 -35.007030 -82.504593
v -152.197433 -42.008438 -82.504593
v -152.197433 -49.009842 -82.504593
v -152.197433 -56.011250 -82.504593
v -152.197433 -63.012657 -82.504593
v -160.002441 -63.012657 -0.010269
v -160.002441 -56.011250 -0.010269
v -160.002441 -49.009842 -0.010269
v -160.002441 -42.008434 -0.010269
v -160.002441 -35.007027 -0.010269
v -160.002441 -28.005621 -0.010269
v -160.002441 -21.004215 -0.010269
v -160.002441 -14.002810 -0.010269
v -160.002441 -7.001405 -0.010269
v -152.197433 -7.001406 119.981506
v -152.197433 -14.002811 119.981506
v -152.197433 -21.004217 119.981506
v -152.197433 -28.005623 119.981506
v -152.197433 -35.007030 119.981506
v -152.197433 -42.008438 119.981506
v -152.197433 -49.009842 119.981506
v -152.197433 -56.011250 119.981506
v -152.197433 -63.012657 119.981506
v -152.197433 -7.001406 -75.005119
v -152.197433 -14.002811 -75.005119
v -152.197433 -21.004217 -75.005119
v -152.197433 -28.005623 -75.005119
v -152.197433 -35.007030 -75.005119
v -152.197433 -42.008438 -75.005119
v -152.197433 -49.009842 -75.005119
v -152.197433 -56.011250 -75.005119
v -152.197433 -63.012657 -75.005119
v -160.002441 -63.012657 7.489212
v -160.002441 -56.011250 7.489212
v -160.002441 -49.009842 7.489212
v -160.002441 -42.008434 7.489212
v -160.002441 -35.007027 7.489212
v -160.002441 -28.005621 7.489212
v -160.002441 -21.004215 7.489212
v -160.002441 -14.002810 7.489212
v -160.002441 -7.001405 7.489212
v -152.197433 -7.001406 127.481018
v -152.197433 -14.002811 127.481018
v -152.197433 -21.004217 127.481018
v -152.197433 -28.005623 127.481018
v -152.197433 -35.007030 127.481018
v -152.197433 -42.008438 127.481018
v -152.197433 -49.009842 127.481018
v -152.197433 -56.011250 127.481018
v -152.197433 -63.012657 127.481018
v -152.197433 -7.001406 -67.505630
v -152.197433 -14.002811 -67.505630
v -152.197433 -21.004217 -67.505630
v -152.197433 -28.005623 -67.505630
v -152.197433 -35.007030 -67.505630
v -152.197433 -42.008438 -67.505630
v -152.197433 -49.009842 -67.505630
v -152.197433 -56.011250 -67.505630
v -152.197433 -63.012657 -67.505630
v -160.002441 -63.012657 14.988693
v -160.002441 -56.011250 14.988693
v -160.002441 -49.009842 14.988693
v -160.002441 -42.008434 14.988693
v -160.002441 -35.007027 14.988693
v -160.002441 -28.005621 14.988693
v -160.002441 -21.004215 14.988693
v -160.002441 -14.002810 14.988693
v -160.002441 -7.001405 14.988693
v -152.197433 -7.001406 134.980499
v -152.197433 -14.002811 134.980499
v -152.197433 -21.004217 134.980499
v -152.197433 -28.005623 134.980499
v -152.197433 -35.007030 134.980499
v -152.197433 -42.008438 134.980499
v -152.197433 -49.009842 134.980499
v -152.197433 -56.011250 134.980499
v -152.197433 -63.012657 134.980499
v -152.197433 -7.001406 -60.006142
v -152.197433 -14.002811 -60.006142
v -152.197433 -21.004217 -60.006142
v -152.197433 -28.005623 -60.006142
v -152.197433 -35.007030 -60.006142
v -152.197433 -42.008438 -60.006142
v -152.197433 -49.009842 -60.006142
v -152.197433 -56.011250 -60.006142
v -152.197433 -63.012657 -60.006142
v 160.002441 -69.991615 -142.500504
v 160.002441 -69.991615 -150.000000
v 152.197449 -69.991615 -150.000000
v 144.392456 -69.991615 -150.000000
v 136.587463 -69.991615 -150.000000
v 128.782471 -69.991615 -150.000000
v 120.977470 -69.991615 -150.000000
v 113.172470 -69.991615 -150.000000
v 105.367477 -69.991615 -150.000000
v 97.562485 -69.991615 -150.000000
v 89.757492 -69.991615 -150.000000
v 81.952499 -69.991615 -150.000000
v 74.147499 -69.991615 -150.000000
v 66.342499 -69.991615 -150.000000
v 58.537498 -69.991615 -150.000000
v 50.732498 -69.991615 -150.000000
v 42.927498 -69.991615 -150.000000
v 35.122501 -69.991615 -150.000000
v 27.317505 -69.991615 -150.000000
v 19.512506 -69.991615 -150.000000
v 11.707508 -69.991615 -150.000000
v 3.902510 -69.991615 -150.000000
v -3.902488 -69.991615 -150.000000
v -11.707485 -69.991615 -150.000000
v -19.512482 -69.991615 -150.000000
v -27.317478 -69.991615 -150.000000
v -35.122475 -69.991615 -150.000000
v -42.927475 -69.991615 -150.000000
v -50.732475 -69.991615 -150.000000
v -58.537476 -69.991615 -150.000000
v -66.342476 -69.991615 -150.000000
v -74.147476 -69.991615 -150.000000
v -81.952469 -69.991615 -150.000000
v -89.757462 -69.991615 -150.000000
v -97.562454 -69.991615 -150.000000
v -105.367447 -69.991615 -150.000000
v -113.172447 -69.991615 -150.000000
v -120.977440 -69.991615 -150.000000
v -128.782440 -69.991615 -150.000000
v -136.587448 -69.991615 -150.000000
v -144.392441 -69.991615 -150.000000
v -152.197433 -69.991615 -149.999985
v -152.197433 -69.991615 -142.500488
v -144.392441 -69.991615 -142.500519
v -136.587448 -69.991615 -142.500519
v -128.782440 -69.991615 -142.500519
v -120.977440 -69.991615 -142.500519
v -113.172447 -69.991615 -142.500519
v -105.367447 -69.991615 -142.500519
v -97.562454 -69.991615 -142.500519
v -89.757462 -69.991615 -142.500519
v -81.952469 -69.991615 -142.500519
v -74.147476 -69.991615 -142.500519
v -66.342476 -69.991615 -142.500519
v -58.537476 -69.991615 -142.500519
v -50.732475 -69.991615 -142.500519
v -42.927475 -69.991615 -142.500519
v -35.122475 -69.991615 -142.500519
v -27.317478 -69.991615 -142.500519
v -19.512484 -69.991615 -142.500519
v -11.707485 -69.991615 -142.500519
v -3.902488 -69.991615 -142.500519
v 3.902510 -69.991615 -142.500519
v 11.707508 -69.991615 -142.500519
v 19.512505 -69.991615 -142.500519
v 27.317505 -69.991615 -142.500519
v 35.122501 -69.991615 -142.500519
v 42.927498 -69.991615 -142.500519
v 50.732498 -69.991615 -142.500519
v 58.537498 -69.991615 -142.500519
v 66.342499 -69.991615 -142.500519
v 74.147499 -69.991615 -142.500519
v 81.952499 -69.991615 -142.500519
v 89.757492 -69.991615 -142.500519
v 97.562485 -69.991615 -142.500519
v 105.367477 -69.991615 -142.500519
v 113.172470 -69.991615 -142.500519
v 120.977470 -69.991615 -142.500519
v 128.782471 -69.991615 -142.500519
v 136.587463 -69.991615 -142.500519
v 144.392456 -69.991615 -142.500519
v 152.197449 -69.991615 -142.500519
v -42.927475 -6.999162 -142.500519
v -42.927475 -13.998323 -142.500519
v -42.927475 -20.997486 -142.500519
v -42.927475 -27.996647 -142.500519
v -42.927475 -34.995808 -142.500519
v -42.927475 -41.994968 -142.500519
v -42.927475 -48.994129 -142.500519
v -42.927475 -55.993290 -142.500519
v -42.927475 -62.992455 -142.500519
v -50.732475 -62.992455 -142.500519
v -50.732475 -55.993294 -142.500519
v -50.732475 -48.994133 -142.500519
v -50.732475 -41.994972 -142.500519
v -50.732475 -34.995811 -142.500519
v -50.732475 -27.996649 -142.500519
v -50.732475 -20.997486 -142.500519
v -50.732475 -13.998323 -142.500519
v -50.732475 -6.999162 -142.500519
v -58.537476 -6.999162 -142.500519
v -58.537476 -13.998323 -142.500519
v -58.537476 -20.997486 -142.500519
v -58.537476 -27.996647 -142.500519
v -58.537476 -34.995808 -142.500519
v -58.537476 -41.994968 -142.500519
v -58.537476 -48.994129 -142.500519
v -58.537476 -55.993290 -142.500519
v -58.537476 -62.992455 -142.500519
v 3.902510 -62.992455 -150.000000
v 3.902510 -55.993294 -150.000000
v 3.902510 -48.994133 -150.000000
v 3.902510 -41.994972 -150.000000
v 3.902510 -34.995811 -150.000000
v 3.902510 -27.996649 -150.000000
v 3.902510 -20.997486 -150.000000
v 3.902510 -13.998323 -150.000000
v 3.902510 -6.999162 -150.000000
v -66.342476 -62.992455 -142.500519
v -66.342476 -55.993294 -142.500519
v -66.342476 -48.994133 -142.500519
v -66.342476 -41.994972 -142.500519
v -66.342476 -34.995811 -142.500519
v -66.342476 -27.996649 -142.500519
v -66.342476 -20.997486 -142.500519
v -66.342476 -13.998323 -142.500519
v -66.342476 -6.999162 -142.500519
v -74.147476 -6.999162 -142.500519
v -74.147476 -13.998323 -142.500519
v -74.147476 -20.997486 -142.500519
v -74.147476 -27.996647 -142.500519
v -74.147476 -34.995808 -142.500519
v -74.147476 -41.994968 -142.500519
v -74.147476 -48.994129 -142.500519
v -74.147476 -55.993290 -142.500519
v -74.147476 -62.992455 -142.500519
v -81.952469 -62.992455 -142.500519
v -81.952469 -55.993294 -142.500519
v -81.952469 -48.994133 -142.500519
v -81.952469 -41.994972 -142.500519
v -81.952469 -34.995811 -142.500519
v -81.952469 -27.996649 -142.500519
v -81.952469 -20.997486 -142.500519
v -81.952469 -13.998323 -142.500519
v -81.952469 -6.999162 -142.500519
v -89.757462 -6.999162 -142.500519
v -89.757462 -13.998323 -142.500519
v -89.757462 -20.997486 -142.500519
v -89.757462 -27.996647 -142.500519
v -89.757462 -34.995808 -142.500519
v -89.757462 -41.994968 -142.500519
v -89.757462 -48.994129 -142.500519
v -89.757462 -55.993290 -142.500519
v -89.757462 -62.992455 -142.500519
v 11.707508 -62.992455 -150.000000
v 11.707508 -55.993294 -150.000000
v 11.707508 -48.994133 -150.000000
v 11.707508 -41.994972 -150.000000
v 11.707508 -34.995811 -150.000000
v 11.707508 -27.996649 -150.000000
v 11.707508 -20.997486 -150.000000
v 11.707508 -13.998323 -150.000000
v 11.707508 -6.999162 -150.000000
v -97.562454 -62.992455 -142.500519
v -97.562454 -55.993294 -142.500519
v -97.562454 -48.994133 -142.500519
v -97.562454 -41.994972 -142.500519
v -97.562454 -34.995811 -142.500519
v -97.562454 -27.996649 -142.500519
v -97.562454 -20.997486 -142.500519
v -97.562454 -13.998323 -142.500519
v -97.562454 -6.999162 -142.500519
v -105.367447 -6.999162 -142.500519
v -105.367447 -13.998323 -142.500519
v -105.367447 -20.997486 -142.500519
v -105.367447 -27.996647 -142.500519
v -105.367447 -34.995808 -142.500519
v -105.367447 -41.994968 -142.500519
v -105.367447 -48.994129 -142.500519
v -105.367447 -55.993290 -142.500519
v -105.367447 -62.992455 -142.500519
v 19.512506 -62.992455 -150.000000
v 19.512506 -55.993294 -150.000000
v 19.512506 -48.994133 -150.000000
v 19.512506 -41.994972 -150.000000
v 19.512506 -34.995811 -150.000000
v 19.512506 -27.996649 -150.000000
v 19.512506 -20.997486 -150.000000
v 19.512506 -13.998323 -150.000000
v 19.512506 -6.999162 -150.000000
v 27.317505 -62.992455 -150.000000
v 27.317505 -55.993294 -150.000000
v 27.317505 -48.994133 -150.000000
v 27.317505 -41.994972 -150.000000
v 27.317505 -34.995811 -150.000000
v 27.317505 -27.996649 -150.000000
v 27.317505 -20.997486 -150.000000
v 27.317505 -13.998323 -150.000000
v 27.317505 -6.999162 -150.000000
v 35.122501 -62.992455 -150.000000
v 35.122501 -55.993294 -150.000000
v 35.122501 -48.994133 -150.000000
v 35.122501 -41.994972 -150.000000
v 35.122501 -34.995811 -150.000000
v 35.122501 -27.996649 -150.000000
v 35.122501 -20.997486 -150.000000
v 35.122501 -13.998323 -150.000000
v 35.122501 -6.999162 -150.000000
v -113.172447 -62.992455 -142.500519
v -113.172447 -55.993294 -142.500519
v -113.172447 -48.994133 -142.500519
v -113.172447 -41.994972 -142.500519
v -113.172447 -34.995811 -142.500519
v -113.172447 -27.996649 -142.500519
v -113.172447 -20.997486 -142.500519
v -113.172447 -13.998323 -142.500519
v -113.172447 -6.999162 -142.500519
v -120.977440 -6.999162 -142.500519
v -120.977440 -13.998323 -142.500519
v -120.977440 -20.997486 -142.500519
v -120.977440 -27.996647 -142.500519
v -120.977440 -34.995808 -142.500519
v -120.977440 -41.994968 -142.500519
v -120.977440 -48.994129 -142.500519
v -120.977440 -55.993290 -142.500519
v -120.977440 -62.992455 -142.500519
v -128.782440 -62.992455 -142.500519
v -128.782440 -55.993294 -142.500519
v -128.782440 -48.994133 -142.500519
v -128.782440 -41.994972 -142.500519
v -128.782440 -34.995811 -142.500519
v -128.782440 -27.996649 -142.500519
v -128.782440 -20.997486 -142.500519
v -128.782440 -13.998323 -142.500519
v -128.782440 -6.999162 -142.500519
v -136.587448 -6.999162 -142.500519
v -136.587448 -13.998323 -142.500519
v -136.587448 -20.997486 -142.500519
v -136.587448 -27.996647 -142.500519
v -136.587448 -34.995808 -142.500519
v -136.587448 -41.994968 -142.500519
v -136.587448 -48.994129 -142.500519
v -136.587448 -55.993290 -142.500519
v -136.587448 -62.992455 -142.500519
v 42.927498 -62.992455 -150.000000
v 42.927498 -55.993294 -150.000000
v 42.927498 -48.994133 -150.000000
v 42.927498 -41.994972 -150.000000
v 42.927498 -34.995811 -150.000000
v 42.927498 -27.996649 -150.000000
v 42.927498 -20.997486 -150.000000
v 42.927498 -13.998323 -150.000000
v 42.927498 -6.999162 -150.000000
v 144.392456 -62.992455 -142.500519
v 144.392456 -55.993294 -142.500519
v 144.392456 -48.994133 -142.500519
v 144.392456 -41.994972 -142.500519
v 144.392456 -34.995811 -142.500519
v 144.392456 -27.996649 -142.500519
v 144.392456 -20.997486 -142.500519
v 144.392456 -13.998323 -142.500519
v 144.392456 -6.999162 -142.500519
v 136.587463 -6.999162 -142.500519
v 136.587463 -13.998323 -142.500519
v 136.587463 -20.997486 -142.500519
v 136.587463 -27.996647 -142.500519
v 136.587463 -34.995808 -142.500519
v 136.587463 -41.994968 -142.500519
v 136.587463 -48.994129 -142.500519
v 136.587463 -55.993290 -142.500519
v 136.587463 -62.992455 -142.500519
v -144.392441 -62.992455 -142.500519
v -144.392441 -55.993294 -142.500519
v -144.392441 -48.994133 -142.500519
v -144.392441 -41.994972 -142.500519
v -144.392441 -34.995811 -142.500519
v -144.392441 -27.996649 -142.500519
v -144.392441 -20.997486 -142.500519
v -144.392441 -13.998323 -142.500519
v -144.392441 -6.999162 -142.500519
v -152.197433 -6.999162 -142.500488
v -152.197433 -13.998323 -142.500488
v -152.197433 -20.997486 -142.500488
v -152.197433 -27.996647 -142.500488
v -152.197433 -34.995808 -142.500488
v -152.197433 -41.994968 -142.500488
v -152.197433 -48.994129 -142.500488
v -152.197433 -55.993290 -142.500488
v -152.197433 -62.992455 -142.500488
v 160.002441 -62.992455 -142.500504
v 160.002441 -55.993294 -142.500504
v 160.002441 -48.994133 -142.500504
v 160.002441 -41.994972 -142.500504
v 160.002441 -34.995811 -142.500504
v 160.002441 -27.996649 -142.500504
v 160.002441 -20.997486 -142.500504
v 160.002441 -13.998323 -142.500504
v 160.002441 -6.999162 -142.500504
v 152.197449 -6.999162 -142.500519
v 152.197449 -13.998323 -142.500519
v 152.197449 -20.997486 -142.500519
v 152.197449 -27.996647 -142.500519
v 152.197449 -34.995808 -142.500519
v 152.197449 -41.994968 -142.500519
v 152.197449 -48.994129 -142.500519
v 152.197449 -55.993290 -142.500519
v 152.197449 -62.992455 -142.500519
v 128.782471 -62.992455 -142.500519
v 128.782471 -55.993294 -142.500519
v 128.782471 -48.994133 -142.500519
v 128.782471 -41.994972 -142.500519
v 128.782471 -34.995811 -142.500519
v 128.782471 -27.996649 -142.500519
v 128.782471 -20.997486 -142.500519
v 128.782471 -13.998323 -142.500519
v 128.782471 -6.999162 -142.500519
v 120.977470 -6.999162 -142.500519
v 120.977470 -13.998323 -142.500519
v 120.977470 -20.997486 -142.500519
v 120.977470 -27.996647 -142.500519
v 120.977470 -34.995808 -142.500519
v 120.977470 -41.994968 -142.500519
v 120.977470 -48.994129 -142.500519
v 120.977470 -55.993290 -142.500519
v 120.977470 -62.992455 -142.500519
v 50.732498 -62.992455 -150.000000
v 50.732498 -55.993294 -150.000000
v 50.732498 -48.994133 -150.000000
v 50.732498 -41.994972 -150.000000
v 50.732498 -34.995811 -150.000000
v 50.732498 -27.996649 -150.000000
v 50.732498 -20.997486 -150.000000
v 50.732498 -13.998323 -150.000000
v 50.732498 -6.999162 -150.000000
v -152.197433 -62.992455 -149.999985
v -152.197433 -55.993294 -149.999985
v -152.197433 -48.994133 -149.999985
v -152.197433 -41.994972 -149.999985
v -152.197433 -34.995811 -149.999985
v -152.197433 -27.996649 -149.999985
v -152.197433 -20.997486 -149.999985
v -152.197433 -13.998323 -149.999985
v -152.197433 -6.999162 -149.999985
v 113.172470 -62.992455 -142.500519
v 113.172470 -55.993294 -142.500519
v 113.172470 -48.994133 -142.500519
v 113.172470 -41.994972 -142.500519
v 113.172470 -34.995811 -142.500519
v 113.172470 -27.996649 -142.500519
v 113.172470 -20.997486 -142.500519
v 113.172470 -13.998323 -142.500519
v 113.172470 -6.999162 -142.500519
v 105.367477 -6.999162 -142.500519
v 105.367477 -13.998323 -142.500519
v 105.367477 -20.997486 -142.500519
v 105.367477 -27.996647 -142.500519
v 105.367477 -34.995808 -142.500519
v 105.367477 -41.994968 -142.500519
v 105.367477 -48.994129 -142.500519
v 105.367477 -55.993290 -142.500519
v 105.367477 -62.992455 -142.500519
v 58.537498 -62.992455 -150.000000
v 58.537498 -55.993294 -150.000000
v 58.537498 -48.994133 -150.000000
v 58.537498 -41.994972 -150.000000
v 58.537498 -34.995811 -150.000000
v 58.537498 -27.996649 -150.000000
v 58.537498 -20.997486 -150.000000
v 58.537498 -13.998323 -150.000000
v 58.537498 -6.999162 -150.000000
v 66.342499 -6.999162 -150.000000
v 66.342499 -13.998323 -150.000000
v 66.342499 -20.997486 -150.000000
v 66.342499 -27.996647 -150.000000
v 66.342499 -34.995808 -150.000000
v 66.342499 -41.994968 -150.000000
v 66.342499 -48.994129 -150.000000
v 66.342499 -55.993290 -150.000000
v 66.342499 -62.992455 -150.000000
v 97.562485 -62.992455 -142.500519
v 97.562485 -55.993294 -142.500519
v 97.562485 -48.994133 -142.500519
v 97.562485 -41.994972 -142.500519
v 97.562485 -34.995811 -142.500519
v 97.562485 -27.996649 -142.500519
v 97.562485 -20.997486 -142.500519
v 97.562485 -13.998323 -142.500519
v 97.562485 -6.999162 -142.500519
v 89.757492 -6.999162 -142.500519
v 89.757492 -13.998323 -142.500519
v 89.757492 -20.997486 -142.500519
v 89.757492 -27.996647 -142.500519
v 89.757492 -34.995808 -142.500519
v 89.757492 -41.994968 -142.500519
v 89.757492 -48.994129 -142.500519
v 89.757492 -55.993290 -142.500519
v 89.757492 -62.992455 -142.500519
v -144.392441 -62.992455 -150.000000
v -144.392441 -55.993294 -150.000000
v -144.392441 -48.994133 -150.000000
v -144.392441 -41.994972 -150.000000
v -144.392441 -34.995811 -150.000000
v -144.392441 -27.996649 -150.000000
v -144.392441 -20.997486 -150.000000
v -144.392441 -13.998323 -150.000000
v -144.392441 -6.999162 -150.000000
v -136.587448 -6.999162 -150.000000
v -136.587448 -13.998323 -150.000000
v -136.587448 -20.997486 -150.000000
v -136.587448 -27.996647 -150.000000
v -136.587448 -34.995808 -150.000000
v -136.587448 -41.994968 -150.000000
v -136.587448 -48.994129 -150.000000
v -136.587448 -55.993290 -150.000000
v -136.587448 -62.992455 -150.000000
v 81.952499 -62.992455 -142.500519
v 81.952499 -55.993294 -142.500519
v 81.952499 -48.994133 -142.500519
v 81.952499 -41.994972 -142.500519
v 81.952499 -34.995811 -142.500519
v 81.952499 -27.996649 -142.500519
v 81.952499 -20.997486 -142.500519
v 81.952499 -13.998323 -142.500519
v 81.952499 -6.999162 -142.500519
v 74.147499 -6.999162 -142.500519
v 74.147499 -13.998323 -142.500519
v 74.147499 -20.997486 -142.500519
v 74.147499 -27.996647 -142.500519
v 74.147499 -34.995808 -142.500519
v 74.147499 -41.994968 -142.500519
v 74.147499 -48.994129 -142.500519
v 74.147499 -55.993290 -142.500519
v 74.147499 -62.992455 -142.500519
v -35.122475 -62.992455 -142.500519
v -35.122475 -55.993294 -142.500519
v -35.122475 -48.994133 -142.500519
v -35.122475 -41.994972 -142.500519
v -35.122475 -34.995811 -142.500519
v -35.122475 -27.996649 -142.500519
v -35.122475 -20.997486 -142.500519
v -35.122475 -13.998323 -142.500519
v -35.122475 -6.999162 -142.500519
v -3.902488 -62.992455 -150.000000
v -3.902488 -55.993294 -150.000000
v -3.902488 -48.994133 -150.000000
v -3.902488 -41.994972 -150.000000
v -3.902488 -34.995811 -150.000000
v -3.902488 -27.996649 -150.000000
v -3.902488 -20.997486 -150.000000
v -3.902488 -13.998323 -150.000000
v -3.902488 -6.999162 -150.000000
v -27.317478 -6.999162 -142.500519
v -27.317478 -13.998323 -142.500519
v -27.317478 -20.997486 -142.500519
v -27.317478 -27.996647 -142.500519
v -27.317478 -34.995808 -142.500519
v -27.317478 -41.994968 -142.500519
v -27.317478 -48.994129 -142.500519
v -27.317478 -55.993290 -142.500519
v -27.317478 -62.992455 -142.500519
v -19.512484 -62.992455 -142.500519
v -19.512484 -55.993294 -142.500519
v -19.512484 -48.994133 -142.500519
v -19.512484 -41.994972 -142.500519
v -19.512484 -34.995811 -142.500519
v -19.512484 -27.996649 -142.500519
v -19.512484 -20.997486 -142.500519
v -19.512484 -13.998323 -142.500519
v -19.512484 -6.999162 -142.500519
v -11.707485 -62.992455 -150.000000
v -11.707485 -55.993294 -150.000000
v -11.707485 -48.994133 -150.000000
v -11.707485 -41.994972 -150.000000
v -11.707485 -34.995811 -150.000000
v -11.707485 -27.996649 -150.000000
v -11.707485 -20.997486 -150.000000
v -11.707485 -13.998323 -150.000000
v -11.707485 -6.999162 -150.000000
v -11.707485 -6.999162 -142.500519
v -11.707485 -13.998323 -142.500519
v -11.707485 -20.997486 -142.500519
v -11.707485 -27.996647 -142.500519
v -11.707485 -34.995808 -142.500519
v -11.707485 -41.994968 -142.500519
v -11.707485 -48.994129 -142.500519
v -11.707485 -55.993290 -142.500519
v -11.707485 -62.992455 -142.500519
v -3.902488 -62.992455 -142.500519
v -3.902488 -55.993294 -142.500519
v -3.902488 -48.994133 -142.500519
v -3.902488 -41.994972 -142.500519
v -3.902488 -34.995811 -142.500519
v -3.902488 -27.996649 -142.500519
v -3.902488 -20.997486 -142.500519
v -3.902488 -13.998323 -142.500519
v -3.902488 -6.999162 -142.500519
v 160.002441 -62.992455 -150.000000
v 160.002441 -55.993294 -150.000000
v 160.002441 -48.994133 -150.000000
v 160.002441 -41.994972 -150.000000
v 160.002441 -34.995811 -150.000000
v 160.002441 -27.996649 -150.000000
v 160.002441 -20.997486 -150.000000
v 160.002441 -13.998323 -150.000000
v 160.002441 -6.999162 -150.000000
v 3.902510 -6.999162 -142.500519
v 3.902510 -13.998323 -142.500519
v 3.902510 -20.997486 -142.500519
v 3.902510 -27.996647 -142.500519
v 3.902510 -34.995808 -142.500519
v 3.902510 -41.994968 -142.500519
v 3.902510 -48.994129 -142.500519
v 3.902510 -55.993290 -142.500519
v 3.902510 -62.992455 -142.500519
v 11.707508 -62.992455 -142.500519
v 11.707508 -55.993294 -142.500519
v 11.707508 -48.994133 -142.500519
v 11.707508 -41.994972 -142.500519
v 11.707508 -34.995811 -142.500519
v 11.707508 -27.996649 -142.500519
v 11.707508 -20.997486 -142.500519
v 11.707508 -13.998323 -142.500519
v 11.707508 -6.999162 -142.500519
v -19.512482 -62.992455 -150.000000
v -19.512482 -55.993294 -150.000000
v -19.512482 -48.994133 -150.000000
v -19.512482 -41.994972 -150.000000
v -19.512482 -34.995811 -150.000000
v -19.512482 -27.996649 -150.000000
v -19.512482 -20.997486 -150.000000
v -19.512482 -13.998323 -150.000000
v -19.512482 -6.999162 -150.000000
v 19.512505 -6.999162 -142.500519
v 19.512505 -13.998323 -142.500519
v 19.512505 -20.997486 -142.500519
v 19.512505 -27.996647 -142.500519
v 19.512505 -34.995808 -142.500519
v 19.512505 -41.994968 -142.500519
v 19.512505 -48.994129 -142.500519
v 19.512505 -55.993290 -142.500519
v 19.512505 -62.992455 -142.500519
v 27.317505 -62.992455 -142.500519
v 27.317505 -55.993294 -142.500519
v 27.317505 -48.994133 -142.500519
v 27.317505 -41.994972 -142.500519
v 27.317505 -34.995811 -142.500519
v 27.317505 -27.996649 -142.500519
v 27.317505 -20.997486 -142.500519
v 27.317505 -13.998323 -142.500519
v 27.317505 -6.999162 -142.500519
v 35.122501 -6.999162 -142.500519
v 35.122501 -13.998323 -142.500519
v 35.122501 -20.997486 -142.500519
v 35.122501 -27.996647 -142.500519
v 35.122501 -34.995808 -142.500519
v 35.122501 -41.994968 -142.500519
v 35.122501 -48.994129 -142.500519
v 35.122501 -55.993290 -142.500519
v 35.122501 -62.992455 -142.500519
v 42.927498 -62.992455 -142.500519
v 42.927498 -55.993294 -142.500519
v 42.927498 -48.994133 -142.500519
v 42.927498 -41.994972 -142.500519
v 42.927498 -34.995811 -142.500519
v 42.927498 -27.996649 -142.500519
v 42.927498 -20.997486 -142.500519
v 42.927498 -13.998323 -142.500519
v 42.927498 -6.999162 -142.500519
v -27.317478 -62.992455 -150.000000
v -27.317478 -55.993294 -150.000000
v -27.317478 -48.994133 -150.000000
v -27.317478 -41.994972 -150.000000
v -27.317478 -34.995811 -150.000000
v -27.317478 -27.996649 -150.000000
v -27.317478 -20.997486 -150.000000
v -27.317478 -13.998323 -150.000000
v -27.317478 -6.999162 -150.000000
v 50.732498 -6.999162 -142.500519
v 50.732498 -13.998323 -142.500519
v 50.732498 -20.997486 -142.500519
v 50.732498 -27.996647 -142.500519
v 50.732498 -34.995808 -142.500519
v 50.732498 -41.994968 -142.500519
v 50.732498 -48.994129 -142.500519
v 50.732498 -55.993290 -142.500519
v 50.732498 -62.992455 -142.500519
v 58.537498 -62.992455 -142.500519
v 58.537498 -55.993294 -142.500519
v 58.537498 -48.994133 -142.500519
v 58.537498 -41.994972 -142.500519
v 58.537498 -34.995811 -142.500519
v 58.537498 -27.996649 -142.500519
v 58.537498 -20.997486 -142.500519
v 58.537498 -13.998323 -142.500519
v 58.537498 -6.999162 -142.500519
v -35.122475 -62.992455 -150.000000
v -35.122475 -55.993294 -150.000000
v -35.122475 -48.994133 -150.000000
v -35.122475 -41.994972 -150.000000
v -35.122475 -34.995811 -150.000000
v -35.122475 -27.996649 -150.000000
v -35.122475 -20.997486 -150.000000
v -35.122475 -13.998323 -150.000000
v -35.122475 -6.999162 -150.000000
v 66.342499 -6.999162 -142.500519
v 66.342499 -13.998323 -142.500519
v 66.342499 -20.997486 -142.500519
v 66.342499 -27.996647 -142.500519
v 66.342499 -34.995808 -142.500519
v 66.342499 -41.994968 -142.500519
v 66.342499 -48.994129 -142.500519
v 66.342499 -55.993290 -142.500519
v 66.342499 -62.992455 -142.500519
v -42.927475 -62.992455 -150.000000
v -42.927475 -55.993294 -150.000000
v -42.927475 -48.994133 -150.000000
v -42.927475 -41.994972 -150.000000
v -42.927475 -34.995811 -150.000000
v -42.927475 -27.996649 -150.000000
v -42.927475 -20.997486 -150.000000
v -42.927475 -13.998323 -150.000000
v -42.927475 -6.999162 -150.000000
v -50.732475 -62.992455 -150.000000
v -50.732475 -55.993294 -150.000000
v -50.732475 -48.994133 -150.000000
v -50.732475 -41.994972 -150.000000
v -50.732475 -34.995811 -150.000000
v -50.732475 -27.996649 -150.000000
v -50.732475 -20.997486 -150.000000
v -50.732475 -13.998323 -150.000000
v -50.732475 -6.999162 -150.000000
v 152.197449 -62.992455 -150.000000
v 152.197449 -55.993294 -150.000000
v 152.197449 -48.994133 -150.000000
v 152.197449 -41.994972 -150.000000
v 152.197449 -34.995811 -150.000000
v 152.197449 -27.996649 -150.000000
v 152.197449 -20.997486 -150.000000
v 152.197449 -13.998323 -150.000000
v 152.197449 -6.999162 -150.000000
v -58.537476 -62.992455 -150.000000
v -58.537476 -55.993294 -150.000000
v -58.537476 -48.994133 -150.000000
v -58.537476 -41.994972 -150.000000
v -58.537476 -34.995811 -150.000000
v -58.537476 -27.996649 -150.000000
v -58.537476 -20.997486 -150.000000
v -58.537476 -13.998323 -150.000000
v -58.537476 -6.999162 -150.000000
v 144.392456 -62.992455 -150.000000
v 144.392456 -55.993294 -150.000000
v 144.392456 -48.994133 -150.000000
v 144.392456 -41.994972 -150.000000
v 144.392456 -34.995811 -150.000000
v 144.392456 -27.996649 -150.000000
v 144.392456 -20.997486 -150.000000
v 144.392456 -13.998323 -150.000000
v 144.392456 -6.999162 -150.000000
v -66.342476 -62.992455 -150.000000
v -66.342476 -55.993294 -150.000000
v -66.342476 -48.994133 -150.000000
v -66.342476 -41.994972 -150.000000
v -66.342476 -34.995811 -150.000000
v -66.342476 -27.996649 -150.000000
v -66.342476 -20.997486 -150.000000
v -66.342476 -13.998323 -150.000000
v -66.342476 -6.999162 -150.000000
v 136.587463 -62.992455 -150.000000
v 136.587463 -55.993294 -150.000000
v 136.587463 -48.994133 -150.000000
v 136.587463 -41.994972 -150.000000
v 136.587463 -34.995811 -150.000000
v 136.587463 -27.996649 -150.000000
v 136.587463 -20.997486 -150.000000
v 136.587463 -13.998323 -150.000000
v 136.587463 -6.999162 -150.000000
v -74.147476 -62.992455 -150.000000
v -74.147476 -55.993294 -150.000000
v -74.147476 -48.994133 -150.000000
v -74.147476 -41.994972 -150.000000
v -74.147476 -34.995811 -150.000000
v -74.147476 -27.996649 -150.000000
v -74.147476 -20.997486 -150.000000
v -74.147476 -13.998323 -150.000000
v -74.147476 -6.999162 -150.000000
v 128.782471 -62.992455 -150.000000
v 128.782471 -55.993294 -150.000000
v 128.782471 -48.994133 -150.000000
v 128.782471 -41.994972 -150.000000
v 128.782471 -34.995811 -150.000000
v 128.782471 -27.996649 -150.000000
v 128.782471 -20.997486 -150.000000
v 128.782471 -13.998323 -150.000000
v 128.782471 -6.999162 -150.000000
v -81.952469 -62.992455 -150.000000
v -81.952469 -55.993294 -150.000000
v -81.952469 -48.994133 -150.000000
v -81.952469 -41.994972 -150.000000
v -81.952469 -34.995811 -150.000000
v -81.952469 -27.996649 -150.000000
v -81.952469 -20.997486 -150.000000
v -81.952469 -13.998323 -150.000000
v -81.952469 -6.999162 -150.000000
v 120.977470 -62.992455 -150.000000
v 120.977470 -55.993294 -150.000000
v 120.977470 -48.994133 -150.000000
v 120.977470 -41.994972 -150.000000
v 120.977470 -34.995811 -150.000000
v 120.977470 -27.996649 -150.000000
v 120.977470 -20.997486 -150.000000
v 120.977470 -13.998323 -150.000000
v 120.977470 -6.999162 -150.000000
v -89.757462 -62.992455 -150.000000
v -89.757462 -55.993294 -150.000000
v -89.757462 -48.994133 -150.000000
v -89.757462 -41.994972 -150.000000
v -89.757462 -34.995811 -150.000000
v -89.757462 -27.996649 -150.000000
v -89.757462 -20.997486 -150.000000
v -89.757462 -13.998323 -150.000000
v -89.757462 -6.999162 -150.000000
v 113.172470 -62.992455 -150.000000
v 113.172470 -55.993294 -150.000000
v 113.172470 -48.994133 -150.000000
v 113.172470 -41.994972 -150.000000
v 113.172470 -34.995811 -150.000000
v 113.172470 -27.996649 -150.000000
v 113.172470 -20.997486 -150.000000
v 113.172470 -13.998323 -150.000000
v 113.172470 -6.999162 -150.000000
v -97.562454 -62.992455 -150.000000
v -97.562454 -55.993294 -150.000000
v -97.562454 -48.994133 -150.000000
v -97.562454 -41.994972 -150.000000
v -97.562454 -34.995811 -150.000000
v -97.562454 -27.996649 -150.000000
v -97.562454 -20.997486 -150.000000
v -97.562454 -13.998323 -150.000000
v -97.562454 -6.999162 -150.000000
v 105.367477 -62.992455 -150.000000
v 105.367477 -55.993294 -150.000000
v 105.367477 -48.994133 -150.000000
v 105.367477 -41.994972 -150.000000
v 105.367477 -34.995811 -150.000000
v 105.367477 -27.996649 -150.000000
v 105.367477 -20.997486 -150.000000
v 105.367477 -13.998323 -150.000000
v 105.367477 -6.999162 -150.000000
v -105.367447 -62.992455 -150.000000
v -105.367447 -55.993294 -150.000000
v -105.367447 -48.994133 -150.000000
v -105.367447 -41.994972 -150.000000
v -105.367447 -34.995811 -150.000000
v -105.367447 -27.996649 -150.000000
v -105.367447 -20.997486 -150.000000
v -105.367447 -13.998323 -150.000000
v -105.367447 -6.999162 -150.000000
v 97.562485 -62.992455 -150.000000
v 97.562485 -55.993294 -150.000000
v 97.562485 -48.994133 -150.000000
v 97.562485 -41.994972 -150.000000
v 97.562485 -34.995811 -150.000000
v 97.562485 -27.996649 -150.000000
v 97.562485 -20.997486 -150.000000
v 97.562485 -13.998323 -150.000000
v 97.562485 -6.999162 -150.000000
v -113.172447 -62.992455 -150.000000
v -113.172447 -55.993294 -150.000000
v -113.172447 -48.994133 -150.000000
v -113.172447 -41.994972 -150.000000
v -113.172447 -34.995811 -150.000000
v -113.172447 -27.996649 -150.000000
v -113.172447 -20.997486 -150.000000
v -113.172447 -13.998323 -150.000000
v -113.172447 -6.999162 -150.000000
v 89.757492 -62.992455 -150.000000
v 89.757492 -55.993294 -150.000000
v 89.757492 -48.994133 -150.000000
v 89.757492 -41.994972 -150.000000
v 89.757492 -34.995811 -150.000000
v 89.757492 -27.996649 -150.000000
v 89.757492 -20.997486 -150.000000
v 89.757492 -13.998323 -150.000000
v 89.757492 -6.999162 -150.000000
v -120.977440 -62.992455 -150.000000
v -120.977440 -55.993294 -150.000000
v -120.977440 -48.994133 -150.000000
v -120.977440 -41.994972 -150.000000
v -120.977440 -34.995811 -150.000000
v -120.977440 -27.996649 -150.000000
v -120.977440 -20.997486 -150.000000
v -120.977440 -13.998323 -150.000000
v -120.977440 -6.999162 -150.000000
v 81.952499 -62.992455 -150.000000
v 81.952499 -55.993294 -150.000000
v 81.952499 -48.994133 -150.000000
v 81.952499 -41.994972 -150.000000
v 81.952499 -34.995811 -150.000000
v 81.952499 -27.996649 -150.000000
v 81.952499 -20.997486 -150.000000
v 81.952499 -13.998323 -150.000000
v 81.952499 -6.999162 -150.000000
v -128.782440 -62.992455 -150.000000
v -128.782440 -55.993294 -150.000000
v -128.782440 -48.994133 -150.000000
v -128.782440 -41.994972 -150.000000
v -128.782440 -34.995811 -150.000000
v -128.782440 -27.996649 -150.000000
v -128.782440 -20.997486 -150.000000
v -128.782440 -13.998323 -150.000000
v -128.782440 -6.999162 -150.000000
v 74.147499 -62.992455 -150.000000
v 74.147499 -55.993294 -150.000000
v 74.147499 -48.994133 -150.000000
v 74.147499 -41.994972 -150.000000
v 74.147499 -34.995811 -150.000000
v 74.147499 -27.996649 -150.000000
v 74.147499 -20.997486 -150.000000
v 74.147499 -13.998323 -150.000000
v 74.147499 -6.999162 -150.000000
s off
f 246 3 169
f 9 8 7
f 324 5 247
f 89 2 1
f 247 128 3444
f 208 168 1884
f 324 129 6
f 363 130 129
f 402 131 130
f 441 132 131
f 480 133 132
f 519 134 133
f 558 135 134
f 597 136 135
f 636 137 136
f 675 138 137
f 714 139 138
f 753 140 139
f 792 141 140
f 831 142 141
f 870 143 142
f 909 144 143
f 948 145 144
f 1026 145 987
f 1026 147 146
f 1104 147 1065
f 1104 149 148
f 1182 149 1143
f 1221 150 1182
f 1221 152 151
f 1260 153 152
f 1338 153 1299
f 1338 155 154
f 1377 156 155
f 1416 157 156
f 1455 158 157
f 1494 159 158
f 1533 160 159
f 1572 161 160
f 1611 162 161
f 1650 163 162
f 1689 164 163
f 1767 164 1728
f 1806 165 1767
f 1806 167 166
f 1845 168 167
f 3922 3514 3895
f 1962 89 1923
f 1962 91 90
f 2001 92 91
f 2040 93 92
f 2079 94 93
f 2118 95 94
f 2157 96 95
f 2196 97 96
f 2235 98 97
f 2274 99 98
f 2313 100 99
f 2352 101 100
f 2391 102 101
f 2430 103 102
f 2469 104 103
f 2508 105 104
f 2586 105 2547
f 2586 107 106
f 2664 107 2625
f 2664 109 108
f 2742 109 2703
f 2781 110 2742
f 2781 112 111
f 2820 113 112
f 2898 113 2859
f 2898 115 114
f 2937 116 115
f 2976 117 116
f 3015 118 117
f 3054 119 118
f 3093 120 119
f 3132 121 120
f 3171 122 121
f 3210 123 122
f 3249 124 123
f 3327 124 3288
f 3366 125 3327
f 3366 127 126
f 3405 128 127
f 5 129 128
f 128 130 127
f 127 131 126
f 126 132 125
f 125 133 124
f 124 134 123
f 123 135 122
f 122 136 121
f 121 137 120
f 120 138 119
f 119 139 118
f 118 140 117
f 117 141 116
f 116 142 115
f 115 143 114
f 114 144 113
f 113 145 112
f 112 146 111
f 111 147 110
f 110 148 109
f 109 149 108
f 108 150 107
f 107 151 106
f 106 152 105
f 105 153 104
f 104 154 103
f 103 155 102
f 102 156 101
f 101 157 100
f 100 158 99
f 99 159 98
f 98 160 97
f 97 161 96
f 96 162 95
f 95 163 94
f 94 164 93
f 93 165 92
f 92 166 91
f 91 167 90
f 90 168 89
f 3 49 48
f 48 50 47
f 47 51 46
f 46 52 45
f 45 53 44
f 44 54 43
f 43 55 42
f 42 56 41
f 41 57 40
f 40 58 39
f 39 59 38
f 38 60 37
f 37 61 36
f 36 62 35
f 35 63 34
f 34 64 33
f 33 65 32
f 32 66 31
f 31 67 30
f 30 68 29
f 29 69 28
f 28 70 27
f 27 71 26
f 26 72 25
f 25 73 24
f 24 74 23
f 23 75 22
f 22 76 21
f 21 77 20
f 20 78 19
f 19 79 18
f 18 80 17
f 17 81 16
f 16 82 15
f 15 83 14
f 14 84 13
f 13 85 12
f 12 86 11
f 11 87 10
f 10 88 9
f 4644 4340 4625
f 3406 3368 3367
f 3407 3369 3368
f 3408 3370 3369
f 3409 3371 3370
f 3410 3372 3371
f 3411 3373 3372
f 3412 3374 3373
f 3413 3375 3374
f 3414 3376 3375
f 3415 3377 3376
f 3416 3378 3377
f 3417 3379 3378
f 3418 3380 3379
f 3419 3381 3380
f 3420 3382 3381
f 3421 3383 3382
f 3422 3384 3383
f 3423 3385 3384
f 3424 3386 3385
f 3425 3387 3386
f 3426 3388 3387
f 3427 3389 3388
f 3428 3390 3389
f 3429 3391 3390
f 3430 3392 3391
f 3431 3393 3392
f 3432 3394 3393
f 3433 3395 3394
f 3434 3396 3395
f 3435 3397 3396
f 3436 3398 3397
f 3437 3399 3398
f 3438 3400 3399
f 3439 3401 3400
f 3440 3402 3401
f 3441 3403 3402
f 3442 3404 3403
f 3404 3444 3405
f 4860 4292 4878
f 3367 3329 3328
f 3368 3330 3329
f 3369 3331 3330
f 3370 3332 3331
f 3371 3333 3332
f 3372 3334 3333
f 3373 3335 3334
f 3374 3336 3335
f 3375 3337 3336
f 3376 3338 3337
f 3377 3339 3338
f 3378 3340 3339
f 3379 3341 3340
f 3380 3342 3341
f 3381 3343 3342
f 3382 3344 3343
f 3383 3345 3344
f 3384 3346 3345
f 3385 3347 3346
f 3386 3348 3347
f 3387 3349 3348
f 3388 3350 3349
f 3389 3351 3350
f 3390 3352 3351
f 3391 3353 3352
f 3392 3354 3353
f 3393 3355 3354
f 3394 3356 3355
f 3395 3357 3356
f 3396 3358 3357
f 3397 3359 3358
f 3398 3360 3359
f 3399 3361 3360
f 3400 3362 3361
f 3401 3363 3362
f 3402 3364 3363
f 3403 3365 3364
f 3365 3405 3366
f 4680 4338 4661
f 3328 3290 3289
f 3329 3291 3290
f 3330 3292 3291
f 3331 3293 3292
f 3332 3294 3293
f 3333 3295 3294
f 3334 3296 3295
f 3335 3297 3296
f 3336 3298 3297
f 3337 3299 3298
f 3338 3300 3299
f 3339 3301 3300
f 3340 3302 3301
f 3341 3303 3302
f 3342 3304 3303
f 3343 3305 3304
f 3344 3306 3305
f 3345 3307 3306
f 3346 3308 3307
f 3347 3309 3308
f 3348 3310 3309
f 3349 3311 3310
f 3350 3312 3311
f 3351 3313 3312
f 3352 3314 3313
f 3353 3315 3314
f 3354 3316 3315
f 3355 3317 3316
f 3356 3318 3317
f 3357 3319 3318
f 3358 3320 3319
f 3359 3321 3320
f 3360 3322 3321
f 3361 3323 3322
f 3362 3324 3323
f 3363 3325 3324
f 3325 3365 3326
f 3326 3366 3327
f 4877 4336 4697
f 3289 3251 3250
f 3290 3252 3251
f 3291 3253 3252
f 3292 3254 3253
f 3293 3255 3254
f 3294 3256 3255
f 3295 3257 3256
f 3296 3258 3257
f 3297 3259 3258
f 3298 3260 3259
f 3299 3261 3260
f 3300 3262 3261
f 3301 3263 3262
f 3302 3264 3263
f 3303 3265 3264
f 3304 3266 3265
f 3305 3267 3266
f 3306 3268 3267
f 3307 3269 3268
f 3308 3270 3269
f 3309 3271 3270
f 3310 3272 3271
f 3311 3273 3272
f 3312 3274 3273
f 3313 3275 3274
f 3314 3276 3275
f 3315 3277 3276
f 3316 3278 3277
f 3317 3279 3278
f 3318 3280 3279
f 3319 3281 3280
f 3320 3282 3281
f 3321 3283 3282
f 3283 3323 3284
f 3323 3285 3284
f 3324 3286 3285
f 3286 3326 3287
f 3287 3327 3288
f 4833 4291 4860
f 3250 3212 3211
f 3251 3213 3212
f 3252 3214 3213
f 3253 3215 3214
f 3254 3216 3215
f 3255 3217 3216
f 3256 3218 3217
f 3257 3219 3218
f 3258 3220 3219
f 3259 3221 3220
f 3260 3222 3221
f 3261 3223 3222
f 3262 3224 3223
f 3263 3225 3224
f 3264 3226 3225
f 3265 3227 3226
f 3266 3228 3227
f 3267 3229 3228
f 3268 3230 3229
f 3269 3231 3230
f 3270 3232 3231
f 3271 3233 3232
f 3272 3234 3233
f 3273 3235 3234
f 3274 3236 3235
f 3275 3237 3236
f 3276 3238 3237
f 3277 3239 3238
f 3278 3240 3239
f 3279 3241 3240
f 3280 3242 3241
f 3281 3243 3242
f 3282 3244 3243
f 3244 3284 3245
f 3245 3285 3246
f 3246 3286 3247
f 3247 3287 3248
f 3248 3288 3249
f 4850 4334 4851
f 3211 3173 3172
f 3212 3174 3173
f 3213 3175 3174
f 3214 3176 3175
f 3215 3177 3176
f 3216 3178 3177
f 3217 3179 3178
f 3218 3180 3179
f 3219 3181 3180
f 3220 3182 3181
f 3221 3183 3182
f 3222 3184 3183
f 3223 3185 3184
f 3224 3186 3185
f 3225 3187 3186
f 3226 3188 3187
f 3227 3189 3188
f 3228 3190 3189
f 3229 3191 3190
f 3230 3192 3191
f 3231 3193 3192
f 3232 3194 3193
f 3233 3195 3194
f 3234 3196 3195
f 3235 3197 3196
f 3236 3198 3197
f 3237 3199 3198
f 3238 3200 3199
f 3239 3201 3200
f 3240 3202 3201
f 3241 3203 3202
f 3242 3204 3203
f 3243 3205 3204
f 3205 3245 3206
f 3206 3246 3207
f 3207 3247 3208
f 3208 3248 3209
f 3209 3249 3210
f 4788 4290 4833
f 3172 3134 3133
f 3173 3135 3134
f 3174 3136 3135
f 3175 3137 3136
f 3176 3138 3137
f 3177 3139 3138
f 3178 3140 3139
f 3179 3141 3140
f 3180 3142 3141
f 3181 3143 3142
f 3182 3144 3143
f 3183 3145 3144
f 3184 3146 3145
f 3185 3147 3146
f 3186 3148 3147
f 3187 3149 3148
f 3188 3150 3149
f 3189 3151 3150
f 3190 3152 3151
f 3191 3153 3152
f 3192 3154 3153
f 3193 3155 3154
f 3194 3156 3155
f 3195 3157 3156
f 3196 3158 3157
f 3197 3159 3158
f 3198 3160 3159
f 3199 3161 3160
f 3200 3162 3161
f 3201 3163 3162
f 3202 3164 3163
f 3203 3165 3164
f 3204 3166 3165
f 3166 3206 3167
f 3167 3207 3168
f 3168 3208 3169
f 3169 3209 3170
f 3170 3210 3171
f 4823 4332 4824
f 3133 3095 3094
f 3134 3096 3095
f 3135 3097 3096
f 3136 3098 3097
f 3137 3099 3098
f 3138 3100 3099
f 3139 3101 3100
f 3140 3102 3101
f 3141 3103 3102
f 3142 3104 3103
f 3143 3105 3104
f 3144 3106 3105
f 3145 3107 3106
f 3146 3108 3107
f 3147 3109 3108
f 3148 3110 3109
f 3149 3111 3110
f 3150 3112 3111
f 3151 3113 3112
f 3152 3114 3113
f 3153 3115 3114
f 3154 3116 3115
f 3155 3117 3116
f 3156 3118 3117
f 3157 3119 3118
f 3158 3120 3119
f 3159 3121 3120
f 3160 3122 3121
f 3161 3123 3122
f 3162 3124 3123
f 3163 3125 3124
f 3164 3126 3125
f 3165 3127 3126
f 3127 3167 3128
f 3128 3168 3129
f 3129 3169 3130
f 3130 3170 3131
f 3131 3171 3132
f 4805 4330 4806
f 3094 3056 3055
f 3095 3057 3056
f 3096 3058 3057
f 3097 3059 3058
f 3098 3060 3059
f 3099 3061 3060
f 3100 3062 3061
f 3101 3063 3062
f 3102 3064 3063
f 3103 3065 3064
f 3104 3066 3065
f 3105 3067 3066
f 3106 3068 3067
f 3107 3069 3068
f 3108 3070 3069
f 3109 3071 3070
f 3110 3072 3071
f 3111 3073 3072
f 3112 3074 3073
f 3113 3075 3074
f 3114 3076 3075
f 3115 3077 3076
f 3116 3078 3077
f 3117 3079 3078
f 3118 3080 3079
f 3119 3081 3080
f 3120 3082 3081
f 3121 3083 3082
f 3122 3084 3083
f 3123 3085 3084
f 3124 3086 3085
f 3125 3087 3086
f 3126 3088 3087
f 3088 3128 3089
f 3089 3129 3090
f 3090 3130 3091
f 3091 3131 3092
f 3092 3132 3093
f 4734 4289 4788
f 3055 3017 3016
f 3056 3018 3017
f 3057 3019 3018
f 3058 3020 3019
f 3059 3021 3020
f 3060 3022 3021
f 3061 3023 3022
f 3062 3024 3023
f 3063 3025 3024
f 3064 3026 3025
f 3065 3027 3026
f 3066 3028 3027
f 3067 3029 3028
f 3068 3030 3029
f 3069 3031 3030
f 3070 3032 3031
f 3071 3033 3032
f 3072 3034 3033
f 3073 3035 3034
f 3074 3036 3035
f 3075 3037 3036
f 3076 3038 3037
f 3077 3039 3038
f 3078 3040 3039
f 3079 3041 3040
f 3080 3042 3041
f 3081 3043 3042
f 3082 3044 3043
f 3083 3045 3044
f 3045 3085 3046
f 3085 3047 3046
f 3086 3048 3047
f 3087 3049 3048
f 3049 3089 3050
f 3050 3090 3051
f 3051 3091 3052
f 3052 3092 3053
f 3053 3093 3054
f 4778 4328 4779
f 3016 2978 2977
f 3017 2979 2978
f 3018 2980 2979
f 3019 2981 2980
f 3020 2982 2981
f 3021 2983 2982
f 3022 2984 2983
f 3023 2985 2984
f 3024 2986 2985
f 3025 2987 2986
f 3026 2988 2987
f 3027 2989 2988
f 3028 2990 2989
f 3029 2991 2990
f 3030 2992 2991
f 3031 2993 2992
f 3032 2994 2993
f 3033 2995 2994
f 3034 2996 2995
f 3035 2997 2996
f 3036 2998 2997
f 3037 2999 2998
f 3038 3000 2999
f 3039 3001 3000
f 3040 3002 3001
f 3041 3003 3002
f 3042 3004 3003
f 3043 3005 3004
f 3044 3006 3005
f 3006 3046 3007
f 3007 3047 3008
f 3008 3048 3009
f 3009 3049 3010
f 3010 3050 3011
f 3011 3051 3012
f 3012 3052 3013
f 3013 3053 3014
f 3014 3054 3015
f 4554 4266 4761
f 2977 2939 2938
f 2978 2940 2939
f 2979 2941 2940
f 2980 2942 2941
f 2981 2943 2942
f 2982 2944 2943
f 2983 2945 2944
f 2984 2946 2945
f 2985 2947 2946
f 2986 2948 2947
f 2987 2949 2948
f 2988 2950 2949
f 2989 2951 2950
f 2990 2952 2951
f 2991 2953 2952
f 2992 2954 2953
f 2993 2955 2954
f 2994 2956 2955
f 2995 2957 2956
f 2996 2958 2957
f 2997 2959 2958
f 2998 2960 2959
f 2999 2961 2960
f 3000 2962 2961
f 3001 2963 2962
f 3002 2964 2963
f 3003 2965 2964
f 3004 2966 2965
f 3005 2967 2966
f 2967 3007 2968
f 2968 3008 2969
f 2969 3009 2970
f 2970 3010 2971
f 2971 3011 2972
f 2972 3012 2973
f 2973 3013 2974
f 2974 3014 2975
f 2975 3015 2976
f 4751 4326 4752
f 2938 2900 2899
f 2939 2901 2900
f 2940 2902 2901
f 2941 2903 2902
f 2942 2904 2903
f 2943 2905 2904
f 2944 2906 2905
f 2945 2907 2906
f 2946 2908 2907
f 2947 2909 2908
f 2948 2910 2909
f 2949 2911 2910
f 2950 2912 2911
f 2951 2913 2912
f 2952 2914 2913
f 2953 2915 2914
f 2954 2916 2915
f 2955 2917 2916
f 2956 2918 2917
f 2957 2919 2918
f 2958 2920 2919
f 2959 2921 2920
f 2960 2922 2921
f 2961 2923 2922
f 2962 2924 2923
f 2963 2925 2924
f 2964 2926 2925
f 2965 2927 2926
f 2966 2928 2927
f 2928 2968 2929
f 2929 2969 2930
f 2930 2970 2931
f 2931 2971 2932
f 2932 2972 2933
f 2933 2973 2934
f 2934 2974 2935
f 2935 2975 2936
f 2936 2976 2937
f 4707 4288 4734
f 2899 2861 2860
f 2900 2862 2861
f 2901 2863 2862
f 2902 2864 2863
f 2903 2865 2864
f 2904 2866 2865
f 2905 2867 2866
f 2906 2868 2867
f 2907 2869 2868
f 2908 2870 2869
f 2909 2871 2870
f 2910 2872 2871
f 2911 2873 2872
f 2912 2874 2873
f 2913 2875 2874
f 2914 2876 2875
f 2915 2877 2876
f 2916 2878 2877
f 2917 2879 2878
f 2918 2880 2879
f 2919 2881 2880
f 2920 2882 2881
f 2921 2883 2882
f 2922 2884 2883
f 2923 2885 2884
f 2924 2886 2885
f 2925 2887 2886
f 2926 2888 2887
f 2927 2889 2888
f 2889 2929 2890
f 2890 2930 2891
f 2891 2931 2892
f 2892 2932 2893
f 2893 2933 2894
f 2894 2934 2895
f 2895 2935 2896
f 2896 2936 2897
f 2897 2937 2898
f 4724 4324 4725
f 2860 2822 2821
f 2861 2823 2822
f 2862 2824 2823
f 2863 2825 2824
f 2864 2826 2825
f 2865 2827 2826
f 2866 2828 2827
f 2867 2829 2828
f 2868 2830 2829
f 2869 2831 2830
f 2870 2832 2831
f 2871 2833 2832
f 2872 2834 2833
f 2873 2835 2834
f 2874 2836 2835
f 2875 2837 2836
f 2876 2838 2837
f 2838 2878 2839
f 2878 2840 2839
f 2879 2841 2840
f 2841 2881 2842
f 2842 2882 2843
f 2882 2844 2843
f 2883 2845 2844
f 2845 2885 2846
f 2846 2886 2847
f 2886 2848 2847
f 2887 2849 2848
f 2888 2850 2849
f 2850 2890 2851
f 2890 2852 2851
f 2891 2853 2852
f 2853 2893 2854
f 2854 2894 2855
f 2894 2856 2855
f 2895 2857 2856
f 2857 2897 2858
f 2858 2898 2859
f 4374 4287 4707
f 2821 2783 2782
f 2822 2784 2783
f 2823 2785 2784
f 2824 2786 2785
f 2825 2787 2786
f 2826 2788 2787
f 2827 2789 2788
f 2828 2790 2789
f 2829 2791 2790
f 2830 2792 2791
f 2831 2793 2792
f 2832 2794 2793
f 2833 2795 2794
f 2834 2796 2795
f 2835 2797 2796
f 2836 2798 2797
f 2837 2799 2798
f 2799 2839 2800
f 2800 2840 2801
f 2801 2841 2802
f 2802 2842 2803
f 2803 2843 2804
f 2804 2844 2805
f 2805 2845 2806
f 2806 2846 2807
f 2807 2847 2808
f 2808 2848 2809
f 2809 2849 2810
f 2810 2850 2811
f 2811 2851 2812
f 2812 2852 2813
f 2813 2853 2814
f 2814 2854 2815
f 2854 2816 2815
f 2816 2856 2817
f 2817 2857 2818
f 2857 2819 2818
f 2858 2820 2819
f 4355 4322 4698
f 2782 2744 2743
f 2744 2784 2745
f 2784 2746 2745
f 2785 2747 2746
f 2786 2748 2747
f 2787 2749 2748
f 2788 2750 2749
f 2789 2751 2750
f 2790 2752 2751
f 2791 2753 2752
f 2792 2754 2753
f 2793 2755 2754
f 2794 2756 2755
f 2795 2757 2756
f 2796 2758 2757
f 2797 2759 2758
f 2759 2799 2760
f 2799 2761 2760
f 2800 2762 2761
f 2762 2802 2763
f 2802 2764 2763
f 2764 2804 2765
f 2765 2805 2766
f 2766 2806 2767
f 2806 2768 2767
f 2768 2808 2769
f 2769 2809 2770
f 2770 2810 2771
f 2810 2772 2771
f 2772 2812 2773
f 2773 2813 2774
f 2774 2814 2775
f 2814 2776 2775
f 2815 2777 2776
f 2777 2817 2778
f 2778 2818 2779
f 2779 2819 2780
f 2819 2781 2780
f 4373 4320 4356
f 2743 2705 2704
f 2744 2706 2705
f 2745 2707 2706
f 2746 2708 2707
f 2747 2709 2708
f 2748 2710 2709
f 2749 2711 2710
f 2750 2712 2711
f 2712 2752 2713
f 2752 2714 2713
f 2753 2715 2714
f 2754 2716 2715
f 2716 2756 2717
f 2717 2757 2718
f 2757 2719 2718
f 2758 2720 2719
f 2720 2760 2721
f 2721 2761 2722
f 2761 2723 2722
f 2762 2724 2723
f 2724 2764 2725
f 2725 2765 2726
f 2765 2727 2726
f 2766 2728 2727
f 2728 2768 2729
f 2729 2769 2730
f 2769 2731 2730
f 2770 2732 2731
f 2732 2772 2733
f 2733 2773 2734
f 2773 2735 2734
f 2774 2736 2735
f 2736 2776 2737
f 2776 2738 2737
f 2777 2739 2738
f 2778 2740 2739
f 2779 2741 2740
f 2780 2742 2741
f 4419 4286 4374
f 2665 2705 2666
f 2666 2706 2667
f 2667 2707 2668
f 2707 2669 2668
f 2669 2709 2670
f 2709 2671 2670
f 2671 2711 2672
f 2711 2673 2672
f 2712 2674 2673
f 2713 2675 2674
f 2675 2715 2676
f 2715 2677 2676
f 2716 2678 2677
f 2678 2718 2679
f 2679 2719 2680
f 2719 2681 2680
f 2720 2682 2681
f 2682 2722 2683
f 2683 2723 2684
f 2723 2685 2684
f 2724 2686 2685
f 2686 2726 2687
f 2687 2727 2688
f 2727 2689 2688
f 2728 2690 2689
f 2690 2730 2691
f 2691 2731 2692
f 2731 2693 2692
f 2732 2694 2693
f 2694 2734 2695
f 2695 2735 2696
f 2735 2697 2696
f 2736 2698 2697
f 2698 2738 2699
f 2699 2739 2700
f 2700 2740 2701
f 2701 2741 2702
f 2741 2703 2702
f 4400 4318 4383
f 2626 2666 2627
f 2627 2667 2628
f 2628 2668 2629
f 2629 2669 2630
f 2630 2670 2631
f 2670 2632 2631
f 2632 2672 2633
f 2633 2673 2634
f 2634 2674 2635
f 2674 2636 2635
f 2675 2637 2636
f 2637 2677 2638
f 2638 2678 2639
f 2639 2679 2640
f 2640 2680 2641
f 2641 2681 2642
f 2642 2682 2643
f 2643 2683 2644
f 2644 2684 2645
f 2645 2685 2646
f 2646 2686 2647
f 2686 2648 2647
f 2648 2688 2649
f 2649 2689 2650
f 2650 2690 2651
f 2651 2691 2652
f 2652 2692 2653
f 2653 2693 2654
f 2654 2694 2655
f 2655 2695 2656
f 2656 2696 2657
f 2657 2697 2658
f 2697 2659 2658
f 2698 2660 2659
f 2660 2700 2661
f 2661 2701 2662
f 2701 2663 2662
f 2702 2664 2663
f 4418 4316 4401
f 2626 2588 2587
f 2627 2589 2588
f 2628 2590 2589
f 2629 2591 2590
f 2630 2592 2591
f 2631 2593 2592
f 2632 2594 2593
f 2633 2595 2594
f 2634 2596 2595
f 2635 2597 2596
f 2636 2598 2597
f 2637 2599 2598
f 2638 2600 2599
f 2600 2640 2601
f 2640 2602 2601
f 2641 2603 2602
f 2642 2604 2603
f 2604 2644 2605
f 2644 2606 2605
f 2645 2607 2606
f 2646 2608 2607
f 2608 2648 2609
f 2648 2610 2609
f 2649 2611 2610
f 2650 2612 2611
f 2612 2652 2613
f 2652 2614 2613
f 2653 2615 2614
f 2654 2616 2615
f 2616 2656 2617
f 2656 2618 2617
f 2657 2619 2618
f 2658 2620 2619
f 2620 2660 2621
f 2621 2661 2622
f 2661 2623 2622
f 2623 2663 2624
f 2624 2664 2625
f 4446 4285 4419
f 2548 2588 2549
f 2588 2550 2549
f 2589 2551 2550
f 2590 2552 2551
f 2591 2553 2552
f 2592 2554 2553
f 2554 2594 2555
f 2594 2556 2555
f 2595 2557 2556
f 2596 2558 2557
f 2597 2559 2558
f 2598 2560 2559
f 2599 2561 2560
f 2561 2601 2562
f 2562 2602 2563
f 2602 2564 2563
f 2603 2565 2564
f 2565 2605 2566
f 2566 2606 2567
f 2606 2568 2567
f 2607 2569 2568
f 2569 2609 2570
f 2570 2610 2571
f 2610 2572 2571
f 2611 2573 2572
f 2573 2613 2574
f 2574 2614 2575
f 2614 2576 2575
f 2615 2577 2576
f 2577 2617 2578
f 2578 2618 2579
f 2618 2580 2579
f 2619 2581 2580
f 2581 2621 2582
f 2582 2622 2583
f 2622 2584 2583
f 2623 2585 2584
f 2585 2625 2586
f 4445 4314 4428
f 2509 2549 2510
f 2549 2511 2510
f 2550 2512 2511
f 2512 2552 2513
f 2552 2514 2513
f 2553 2515 2514
f 2554 2516 2515
f 2516 2556 2517
f 2556 2518 2517
f 2557 2519 2518
f 2558 2520 2519
f 2559 2521 2520
f 2560 2522 2521
f 2561 2523 2522
f 2523 2563 2524
f 2563 2525 2524
f 2564 2526 2525
f 2526 2566 2527
f 2527 2567 2528
f 2567 2529 2528
f 2529 2569 2530
f 2530 2570 2531
f 2570 2532 2531
f 2571 2533 2532
f 2572 2534 2533
f 2573 2535 2534
f 2574 2536 2535
f 2536 2576 2537
f 2576 2538 2537
f 2577 2539 2538
f 2578 2540 2539
f 2540 2580 2541
f 2580 2542 2541
f 2581 2543 2542
f 2582 2544 2543
f 2544 2584 2545
f 2584 2546 2545
f 2585 2547 2546
f 4455 4284 4446
f 2509 2471 2470
f 2510 2472 2471
f 2511 2473 2472
f 2512 2474 2473
f 2513 2475 2474
f 2514 2476 2475
f 2515 2477 2476
f 2516 2478 2477
f 2517 2479 2478
f 2518 2480 2479
f 2519 2481 2480
f 2520 2482 2481
f 2521 2483 2482
f 2522 2484 2483
f 2523 2485 2484
f 2524 2486 2485
f 2525 2487 2486
f 2487 2527 2488
f 2488 2528 2489
f 2489 2529 2490
f 2490 2530 2491
f 2491 2531 2492
f 2492 2532 2493
f 2493 2533 2494
f 2494 2534 2495
f 2495 2535 2496
f 2496 2536 2497
f 2497 2537 2498
f 2498 2538 2499
f 2499 2539 2500
f 2500 2540 2501
f 2501 2541 2502
f 2502 2542 2503
f 2542 2504 2503
f 2504 2544 2505
f 2505 2545 2506
f 2545 2507 2506
f 2546 2508 2507
f 4464 4283 4455
f 2470 2432 2431
f 2471 2433 2432
f 2472 2434 2433
f 2473 2435 2434
f 2474 2436 2435
f 2475 2437 2436
f 2476 2438 2437
f 2477 2439 2438
f 2478 2440 2439
f 2479 2441 2440
f 2480 2442 2441
f 2481 2443 2442
f 2482 2444 2443
f 2483 2445 2444
f 2484 2446 2445
f 2485 2447 2446
f 2486 2448 2447
f 2487 2449 2448
f 2449 2489 2450
f 2450 2490 2451
f 2490 2452 2451
f 2491 2453 2452
f 2492 2454 2453
f 2493 2455 2454
f 2494 2456 2455
f 2495 2457 2456
f 2496 2458 2457
f 2458 2498 2459
f 2498 2460 2459
f 2499 2461 2460
f 2461 2501 2462
f 2462 2502 2463
f 2502 2464 2463
f 2503 2465 2464
f 2465 2505 2466
f 2466 2506 2467
f 2506 2468 2467
f 2507 2469 2468
f 4509 4282 4464
f 2431 2393 2392
f 2432 2394 2393
f 2433 2395 2394
f 2434 2396 2395
f 2435 2397 2396
f 2436 2398 2397
f 2437 2399 2398
f 2438 2400 2399
f 2439 2401 2400
f 2440 2402 2401
f 2441 2403 2402
f 2442 2404 2403
f 2443 2405 2404
f 2444 2406 2405
f 2445 2407 2406
f 2446 2408 2407
f 2447 2409 2408
f 2448 2410 2409
f 2449 2411 2410
f 2450 2412 2411
f 2451 2413 2412
f 2452 2414 2413
f 2453 2415 2414
f 2454 2416 2415
f 2455 2417 2416
f 2456 2418 2417
f 2457 2419 2418
f 2458 2420 2419
f 2459 2421 2420
f 2421 2461 2422
f 2422 2462 2423
f 2423 2463 2424
f 2424 2464 2425
f 2425 2465 2426
f 2426 2466 2427
f 2427 2467 2428
f 2428 2468 2429
f 2429 2469 2430
f 4490 4312 4473
f 2392 2354 2353
f 2393 2355 2354
f 2394 2356 2355
f 2395 2357 2356
f 2396 2358 2357
f 2397 2359 2358
f 2398 2360 2359
f 2399 2361 2360
f 2400 2362 2361
f 2401 2363 2362
f 2402 2364 2363
f 2403 2365 2364
f 2404 2366 2365
f 2405 2367 2366
f 2406 2368 2367
f 2407 2369 2368
f 2408 2370 2369
f 2409 2371 2370
f 2410 2372 2371
f 2411 2373 2372
f 2412 2374 2373
f 2413 2375 2374
f 2414 2376 2375
f 2415 2377 2376
f 2416 2378 2377
f 2417 2379 2378
f 2418 2380 2379
f 2419 2381 2380
f 2420 2382 2381
f 2382 2422 2383
f 2383 2423 2384
f 2384 2424 2385
f 2385 2425 2386
f 2386 2426 2387
f 2387 2427 2388
f 2388 2428 2389
f 2389 2429 2390
f 2390 2430 2391
f 4508 4310 4491
f 2353 2315 2314
f 2354 2316 2315
f 2355 2317 2316
f 2356 2318 2317
f 2357 2319 2318
f 2358 2320 2319
f 2359 2321 2320
f 2360 2322 2321
f 2361 2323 2322
f 2362 2324 2323
f 2363 2325 2324
f 2364 2326 2325
f 2365 2327 2326
f 2366 2328 2327
f 2367 2329 2328
f 2368 2330 2329
f 2369 2331 2330
f 2370 2332 2331
f 2371 2333 2332
f 2372 2334 2333
f 2373 2335 2334
f 2374 2336 2335
f 2375 2337 2336
f 2376 2338 2337
f 2377 2339 2338
f 2378 2340 2339
f 2379 2341 2340
f 2380 2342 2341
f 2381 2343 2342
f 2343 2383 2344
f 2344 2384 2345
f 2345 2385 2346
f 2346 2386 2347
f 2347 2387 2348
f 2348 2388 2349
f 2349 2389 2350
f 2350 2390 2351
f 2351 2391 2352
f 4590 4281 4509
f 2314 2276 2275
f 2315 2277 2276
f 2316 2278 2277
f 2317 2279 2278
f 2318 2280 2279
f 2319 2281 2280
f 2320 2282 2281
f 2321 2283 2282
f 2322 2284 2283
f 2323 2285 2284
f 2324 2286 2285
f 2325 2287 2286
f 2326 2288 2287
f 2327 2289 2288
f 2328 2290 2289
f 2329 2291 2290
f 2330 2292 2291
f 2331 2293 2292
f 2332 2294 2293
f 2333 2295 2294
f 2334 2296 2295
f 2335 2297 2296
f 2336 2298 2297
f 2337 2299 2298
f 2338 2300 2299
f 2339 2301 2300
f 2340 2302 2301
f 2341 2303 2302
f 2342 2304 2303
f 2304 2344 2305
f 2305 2345 2306
f 2306 2346 2307
f 2307 2347 2308
f 2308 2348 2309
f 2309 2349 2310
f 2310 2350 2311
f 2311 2351 2312
f 2312 2352 2313
f 4535 4345 4518
f 2275 2237 2236
f 2276 2238 2237
f 2277 2239 2238
f 2278 2240 2239
f 2279 2241 2240
f 2280 2242 2241
f 2281 2243 2242
f 2282 2244 2243
f 2283 2245 2244
f 2284 2246 2245
f 2285 2247 2246
f 2286 2248 2247
f 2287 2249 2248
f 2288 2250 2249
f 2289 2251 2250
f 2290 2252 2251
f 2291 2253 2252
f 2292 2254 2253
f 2293 2255 2254
f 2294 2256 2255
f 2295 2257 2256
f 2296 2258 2257
f 2297 2259 2258
f 2298 2260 2259
f 2299 2261 2260
f 2300 2262 2261
f 2301 2263 2262
f 2302 2264 2263
f 2303 2265 2264
f 2304 2266 2265
f 2266 2306 2267
f 2267 2307 2268
f 2307 2269 2268
f 2269 2309 2270
f 2270 2310 2271
f 2271 2311 2272
f 2272 2312 2273
f 2273 2313 2274
f 4553 4308 4536
f 2236 2198 2197
f 2237 2199 2198
f 2238 2200 2199
f 2239 2201 2200
f 2240 2202 2201
f 2241 2203 2202
f 2242 2204 2203
f 2243 2205 2204
f 2244 2206 2205
f 2245 2207 2206
f 2246 2208 2207
f 2247 2209 2208
f 2248 2210 2209
f 2249 2211 2210
f 2250 2212 2211
f 2251 2213 2212
f 2252 2214 2213
f 2253 2215 2214
f 2254 2216 2215
f 2255 2217 2216
f 2256 2218 2217
f 2257 2219 2218
f 2258 2220 2219
f 2259 2221 2220
f 2260 2222 2221
f 2261 2223 2222
f 2262 2224 2223
f 2263 2225 2224
f 2264 2226 2225
f 2265 2227 2226
f 2266 2228 2227
f 2267 2229 2228
f 2268 2230 2229
f 2230 2270 2231
f 2231 2271 2232
f 2232 2272 2233
f 2233 2273 2234
f 2234 2274 2235
f 4571 4265 4554
f 2197 2159 2158
f 2198 2160 2159
f 2199 2161 2160
f 2200 2162 2161
f 2201 2163 2162
f 2202 2164 2163
f 2203 2165 2164
f 2204 2166 2165
f 2205 2167 2166
f 2206 2168 2167
f 2207 2169 2168
f 2208 2170 2169
f 2209 2171 2170
f 2210 2172 2171
f 2211 2173 2172
f 2212 2174 2173
f 2213 2175 2174
f 2214 2176 2175
f 2215 2177 2176
f 2216 2178 2177
f 2217 2179 2178
f 2218 2180 2179
f 2219 2181 2180
f 2220 2182 2181
f 2221 2183 2182
f 2222 2184 2183
f 2223 2185 2184
f 2224 2186 2185
f 2225 2187 2186
f 2226 2188 2187
f 2227 2189 2188
f 2228 2190 2189
f 2229 2191 2190
f 2191 2231 2192
f 2192 2232 2193
f 2193 2233 2194
f 2194 2234 2195
f 2195 2235 2196
f 4589 4343 4572
f 2158 2120 2119
f 2159 2121 2120
f 2160 2122 2121
f 2161 2123 2122
f 2162 2124 2123
f 2163 2125 2124
f 2164 2126 2125
f 2165 2127 2126
f 2166 2128 2127
f 2167 2129 2128
f 2168 2130 2129
f 2169 2131 2130
f 2170 2132 2131
f 2171 2133 2132
f 2172 2134 2133
f 2173 2135 2134
f 2174 2136 2135
f 2175 2137 2136
f 2176 2138 2137
f 2177 2139 2138
f 2178 2140 2139
f 2179 2141 2140
f 2180 2142 2141
f 2181 2143 2142
f 2182 2144 2143
f 2183 2145 2144
f 2184 2146 2145
f 2185 2147 2146
f 2186 2148 2147
f 2187 2149 2148
f 2188 2150 2149
f 2189 2151 2150
f 2190 2152 2151
f 2152 2192 2153
f 2153 2193 2154
f 2154 2194 2155
f 2155 2195 2156
f 2156 2196 2157
f 4626 4280 4590
f 2119 2081 2080
f 2120 2082 2081
f 2121 2083 2082
f 2122 2084 2083
f 2123 2085 2084
f 2124 2086 2085
f 2125 2087 2086
f 2126 2088 2087
f 2127 2089 2088
f 2128 2090 2089
f 2129 2091 2090
f 2130 2092 2091
f 2131 2093 2092
f 2132 2094 2093
f 2133 2095 2094
f 2134 2096 2095
f 2135 2097 2096
f 2136 2098 2097
f 2137 2099 2098
f 2138 2100 2099
f 2139 2101 2100
f 2140 2102 2101
f 2141 2103 2102
f 2142 2104 2103
f 2143 2105 2104
f 2144 2106 2105
f 2145 2107 2106
f 2146 2108 2107
f 2147 2109 2108
f 2148 2110 2109
f 2149 2111 2110
f 2150 2112 2111
f 2151 2113 2112
f 2113 2153 2114
f 2114 2154 2115
f 2115 2155 2116
f 2116 2156 2117
f 2117 2157 2118
f 4662 4306 4599
f 2080 2042 2041
f 2081 2043 2042
f 2082 2044 2043
f 2083 2045 2044
f 2084 2046 2045
f 2085 2047 2046
f 2086 2048 2047
f 2087 2049 2048
f 2088 2050 2049
f 2089 2051 2050
f 2090 2052 2051
f 2091 2053 2052
f 2092 2054 2053
f 2093 2055 2054
f 2094 2056 2055
f 2095 2057 2056
f 2096 2058 2057
f 2097 2059 2058
f 2098 2060 2059
f 2099 2061 2060
f 2100 2062 2061
f 2101 2063 2062
f 2102 2064 2063
f 2103 2065 2064
f 2104 2066 2065
f 2105 2067 2066
f 2106 2068 2067
f 2107 2069 2068
f 2108 2070 2069
f 2109 2071 2070
f 2110 2072 2071
f 2111 2073 2072
f 2112 2074 2073
f 2074 2114 2075
f 2075 2115 2076
f 2076 2116 2077
f 2077 2117 2078
f 2078 2118 2079
f 4625 4341 4608
f 2041 2003 2002
f 2042 2004 2003
f 2043 2005 2004
f 2044 2006 2005
f 2045 2007 2006
f 2046 2008 2007
f 2047 2009 2008
f 2048 2010 2009
f 2049 2011 2010
f 2050 2012 2011
f 2051 2013 2012
f 2052 2014 2013
f 2053 2015 2014
f 2054 2016 2015
f 2055 2017 2016
f 2056 2018 2017
f 2057 2019 2018
f 2058 2020 2019
f 2059 2021 2020
f 2060 2022 2021
f 2061 2023 2022
f 2062 2024 2023
f 2063 2025 2024
f 2064 2026 2025
f 2065 2027 2026
f 2066 2028 2027
f 2067 2029 2028
f 2068 2030 2029
f 2069 2031 2030
f 2070 2032 2031
f 2071 2033 2032
f 2072 2034 2033
f 2073 2035 2034
f 2074 2036 2035
f 2036 2076 2037
f 2037 2077 2038
f 2038 2078 2039
f 2039 2079 2040
f 4643 4279 4626
f 2002 1964 1963
f 2003 1965 1964
f 2004 1966 1965
f 2005 1967 1966
f 2006 1968 1967
f 2007 1969 1968
f 2008 1970 1969
f 2009 1971 1970
f 2010 1972 1971
f 2011 1973 1972
f 2012 1974 1973
f 2013 1975 1974
f 2014 1976 1975
f 2015 1977 1976
f 2016 1978 1977
f 2017 1979 1978
f 2018 1980 1979
f 2019 1981 1980
f 2020 1982 1981
f 2021 1983 1982
f 2022 1984 1983
f 2023 1985 1984
f 2024 1986 1985
f 2025 1987 1986
f 2026 1988 1987
f 2027 1989 1988
f 2028 1990 1989
f 2029 1991 1990
f 2030 1992 1991
f 2031 1993 1992
f 2032 1994 1993
f 2033 1995 1994
f 2034 1996 1995
f 2035 1997 1996
f 2036 1998 1997
f 2037 1999 1998
f 1999 2039 2000
f 2000 2040 2001
f 4661 4339 4644
f 1963 1925 1924
f 1964 1926 1925
f 1965 1927 1926
f 1966 1928 1927
f 1967 1929 1928
f 1968 1930 1929
f 1969 1931 1930
f 1970 1932 1931
f 1971 1933 1932
f 1972 1934 1933
f 1973 1935 1934
f 1974 1936 1935
f 1975 1937 1936
f 1976 1938 1937
f 1977 1939 1938
f 1978 1940 1939
f 1979 1941 1940
f 1980 1942 1941
f 1981 1943 1942
f 1982 1944 1943
f 1983 1945 1944
f 1984 1946 1945
f 1985 1947 1946
f 1986 1948 1947
f 1987 1949 1948
f 1988 1950 1949
f 1989 1951 1950
f 1990 1952 1951
f 1991 1953 1952
f 1992 1954 1953
f 1993 1955 1954
f 1994 1956 1955
f 1995 1957 1956
f 1996 1958 1957
f 1997 1959 1958
f 1998 1960 1959
f 1999 1961 1960
f 1961 2001 1962
f 4679 4305 4662
f 1885 1925 1886
f 1886 1926 1887
f 1887 1927 1888
f 1888 1928 1889
f 1889 1929 1890
f 1890 1930 1891
f 1891 1931 1892
f 1892 1932 1893
f 1893 1933 1894
f 1894 1934 1895
f 1895 1935 1896
f 1896 1936 1897
f 1897 1937 1898
f 1898 1938 1899
f 1938 1900 1899
f 1939 1901 1900
f 1940 1902 1901
f 1941 1903 1902
f 1942 1904 1903
f 1943 1905 1904
f 1944 1906 1905
f 1945 1907 1906
f 1946 1908 1907
f 1947 1909 1908
f 1948 1910 1909
f 1949 1911 1910
f 1950 1912 1911
f 1951 1913 1912
f 1952 1914 1913
f 1953 1915 1914
f 1954 1916 1915
f 1955 1917 1916
f 1956 1918 1917
f 1957 1919 1918
f 1958 1920 1919
f 1959 1921 1920
f 1960 1922 1921
f 1922 1962 1923
f 3878 3461 3905
f 3527 3487 3896
f 3895 3513 3562
f 3563 3460 3878
f 3572 3486 3527
f 3553 3446 3536
f 3562 3512 3589
f 3590 3459 3563
f 3599 3485 3572
f 3589 3511 3616
f 3617 3458 3590
f 3626 3484 3599
f 3616 3510 3643
f 3644 3457 3617
f 3653 3483 3626
f 3643 3509 3670
f 3671 3456 3644
f 3680 3482 3653
f 3670 3508 3697
f 3698 3455 3671
f 3707 3481 3680
f 3697 3507 3724
f 3725 3454 3698
f 3734 3480 3707
f 3724 3506 3751
f 3752 3453 3725
f 3761 3479 3734
f 3751 3505 3778
f 3779 3452 3752
f 3797 3478 3761
f 3778 3504 3814
f 3796 3451 3779
f 3815 3477 3797
f 3814 3503 3832
f 3833 3476 3815
f 3832 3502 3859
f 3860 3475 3833
f 3859 3501 3842
f 3877 3474 3860
f 49 1807 50
f 1846 1808 1807
f 1847 1809 1808
f 1848 1810 1809
f 1849 1811 1810
f 1850 1812 1811
f 1851 1813 1812
f 1852 1814 1813
f 1853 1815 1814
f 1854 1816 1815
f 1855 1817 1816
f 1856 1818 1817
f 1857 1819 1818
f 1858 1820 1819
f 1859 1821 1820
f 1860 1822 1821
f 1861 1823 1822
f 1862 1824 1823
f 1863 1825 1824
f 1864 1826 1825
f 1865 1827 1826
f 1866 1828 1827
f 1867 1829 1828
f 1868 1830 1829
f 1869 1831 1830
f 1870 1832 1831
f 1871 1833 1832
f 1872 1834 1833
f 1873 1835 1834
f 1874 1836 1835
f 1875 1837 1836
f 1876 1838 1837
f 1877 1839 1838
f 1878 1840 1839
f 1879 1841 1840
f 1880 1842 1841
f 1881 1843 1842
f 1882 1844 1843
f 1844 1884 1845
f 50 1768 51
f 1807 1769 1768
f 1808 1770 1769
f 1809 1771 1770
f 1810 1772 1771
f 1811 1773 1772
f 1812 1774 1773
f 1813 1775 1774
f 1814 1776 1775
f 1815 1777 1776
f 1816 1778 1777
f 1817 1779 1778
f 1818 1780 1779
f 1819 1781 1780
f 1820 1782 1781
f 1821 1783 1782
f 1822 1784 1783
f 1823 1785 1784
f 1824 1786 1785
f 1825 1787 1786
f 1826 1788 1787
f 1827 1789 1788
f 1828 1790 1789
f 1829 1791 1790
f 1830 1792 1791
f 1831 1793 1792
f 1832 1794 1793
f 1833 1795 1794
f 1834 1796 1795
f 1835 1797 1796
f 1836 1798 1797
f 1837 1799 1798
f 1838 1800 1799
f 1839 1801 1800
f 1840 1802 1801
f 1841 1803 1802
f 1842 1804 1803
f 1843 1805 1804
f 1805 1845 1806
f 51 1729 52
f 1768 1730 1729
f 1769 1731 1730
f 1770 1732 1731
f 1771 1733 1732
f 1772 1734 1733
f 1773 1735 1734
f 1774 1736 1735
f 1775 1737 1736
f 1776 1738 1737
f 1777 1739 1738
f 1778 1740 1739
f 1779 1741 1740
f 1780 1742 1741
f 1781 1743 1742
f 1782 1744 1743
f 1783 1745 1744
f 1784 1746 1745
f 1785 1747 1746
f 1786 1748 1747
f 1787 1749 1748
f 1788 1750 1749
f 1789 1751 1750
f 1790 1752 1751
f 1791 1753 1752
f 1792 1754 1753
f 1793 1755 1754
f 1794 1756 1755
f 1795 1757 1756
f 1796 1758 1757
f 1797 1759 1758
f 1798 1760 1759
f 1799 1761 1760
f 1800 1762 1761
f 1801 1763 1762
f 1802 1764 1763
f 1803 1765 1764
f 1765 1805 1766
f 1766 1806 1767
f 52 1690 53
f 1729 1691 1690
f 1730 1692 1691
f 1731 1693 1692
f 1732 1694 1693
f 1733 1695 1694
f 1734 1696 1695
f 1735 1697 1696
f 1736 1698 1697
f 1737 1699 1698
f 1738 1700 1699
f 1739 1701 1700
f 1740 1702 1701
f 1741 1703 1702
f 1742 1704 1703
f 1743 1705 1704
f 1744 1706 1705
f 1745 1707 1706
f 1746 1708 1707
f 1747 1709 1708
f 1748 1710 1709
f 1749 1711 1710
f 1750 1712 1711
f 1751 1713 1712
f 1752 1714 1713
f 1753 1715 1714
f 1754 1716 1715
f 1755 1717 1716
f 1756 1718 1717
f 1757 1719 1718
f 1758 1720 1719
f 1759 1721 1720
f 1760 1722 1721
f 1761 1723 1722
f 1723 1763 1724
f 1763 1725 1724
f 1764 1726 1725
f 1726 1766 1727
f 1727 1767 1728
f 53 1651 54
f 1690 1652 1651
f 1691 1653 1652
f 1692 1654 1653
f 1693 1655 1654
f 1694 1656 1655
f 1695 1657 1656
f 1696 1658 1657
f 1697 1659 1658
f 1698 1660 1659
f 1699 1661 1660
f 1700 1662 1661
f 1701 1663 1662
f 1702 1664 1663
f 1703 1665 1664
f 1704 1666 1665
f 1705 1667 1666
f 1706 1668 1667
f 1707 1669 1668
f 1708 1670 1669
f 1709 1671 1670
f 1710 1672 1671
f 1711 1673 1672
f 1712 1674 1673
f 1713 1675 1674
f 1714 1676 1675
f 1715 1677 1676
f 1716 1678 1677
f 1717 1679 1678
f 1718 1680 1679
f 1719 1681 1680
f 1720 1682 1681
f 1721 1683 1682
f 1722 1684 1683
f 1684 1724 1685
f 1685 1725 1686
f 1686 1726 1687
f 1687 1727 1688
f 1688 1728 1689
f 54 1612 55
f 1651 1613 1612
f 1652 1614 1613
f 1653 1615 1614
f 1654 1616 1615
f 1655 1617 1616
f 1656 1618 1617
f 1657 1619 1618
f 1658 1620 1619
f 1659 1621 1620
f 1660 1622 1621
f 1661 1623 1622
f 1662 1624 1623
f 1663 1625 1624
f 1664 1626 1625
f 1665 1627 1626
f 1666 1628 1627
f 1667 1629 1628
f 1668 1630 1629
f 1669 1631 1630
f 1670 1632 1631
f 1671 1633 1632
f 1672 1634 1633
f 1673 1635 1634
f 1674 1636 1635
f 1675 1637 1636
f 1676 1638 1637
f 1677 1639 1638
f 1678 1640 1639
f 1679 1641 1640
f 1680 1642 1641
f 1681 1643 1642
f 1682 1644 1643
f 1683 1645 1644
f 1645 1685 1646
f 1646 1686 1647
f 1647 1687 1648
f 1648 1688 1649
f 1649 1689 1650
f 55 1573 56
f 1612 1574 1573
f 1613 1575 1574
f 1614 1576 1575
f 1615 1577 1576
f 1616 1578 1577
f 1617 1579 1578
f 1618 1580 1579
f 1619 1581 1580
f 1620 1582 1581
f 1621 1583 1582
f 1622 1584 1583
f 1623 1585 1584
f 1624 1586 1585
f 1625 1587 1586
f 1626 1588 1587
f 1627 1589 1588
f 1628 1590 1589
f 1629 1591 1590
f 1630 1592 1591
f 1631 1593 1592
f 1632 1594 1593
f 1633 1595 1594
f 1634 1596 1595
f 1635 1597 1596
f 1636 1598 1597
f 1637 1599 1598
f 1638 1600 1599
f 1639 1601 1600
f 1640 1602 1601
f 1641 1603 1602
f 1642 1604 1603
f 1643 1605 1604
f 1644 1606 1605
f 1606 1646 1607
f 1607 1647 1608
f 1608 1648 1609
f 1609 1649 1610
f 1610 1650 1611
f 56 1534 57
f 1573 1535 1534
f 1574 1536 1535
f 1575 1537 1536
f 1576 1538 1537
f 1577 1539 1538
f 1578 1540 1539
f 1579 1541 1540
f 1580 1542 1541
f 1581 1543 1542
f 1582 1544 1543
f 1583 1545 1544
f 1584 1546 1545
f 1585 1547 1546
f 1586 1548 1547
f 1587 1549 1548
f 1588 1550 1549
f 1589 1551 1550
f 1590 1552 1551
f 1591 1553 1552
f 1592 1554 1553
f 1593 1555 1554
f 1594 1556 1555
f 1595 1557 1556
f 1596 1558 1557
f 1597 1559 1558
f 1598 1560 1559
f 1599 1561 1560
f 1600 1562 1561
f 1601 1563 1562
f 1602 1564 1563
f 1603 1565 1564
f 1604 1566 1565
f 1605 1567 1566
f 1567 1607 1568
f 1568 1608 1569
f 1569 1609 1570
f 1570 1610 1571
f 1571 1611 1572
f 57 1495 58
f 1534 1496 1495
f 1535 1497 1496
f 1536 1498 1497
f 1537 1499 1498
f 1538 1500 1499
f 1539 1501 1500
f 1540 1502 1501
f 1541 1503 1502
f 1542 1504 1503
f 1543 1505 1504
f 1544 1506 1505
f 1545 1507 1506
f 1546 1508 1507
f 1547 1509 1508
f 1548 1510 1509
f 1549 1511 1510
f 1550 1512 1511
f 1551 1513 1512
f 1552 1514 1513
f 1553 1515 1514
f 1554 1516 1515
f 1555 1517 1516
f 1556 1518 1517
f 1557 1519 1518
f 1558 1520 1519
f 1559 1521 1520
f 1560 1522 1521
f 1561 1523 1522
f 1562 1524 1523
f 1563 1525 1524
f 1564 1526 1525
f 1565 1527 1526
f 1566 1528 1527
f 1528 1568 1529
f 1529 1569 1530
f 1530 1570 1531
f 1531 1571 1532
f 1532 1572 1533
f 58 1456 59
f 1495 1457 1456
f 1496 1458 1457
f 1497 1459 1458
f 1498 1460 1459
f 1499 1461 1460
f 1500 1462 1461
f 1501 1463 1462
f 1502 1464 1463
f 1503 1465 1464
f 1504 1466 1465
f 1505 1467 1466
f 1506 1468 1467
f 1507 1469 1468
f 1508 1470 1469
f 1509 1471 1470
f 1510 1472 1471
f 1511 1473 1472
f 1512 1474 1473
f 1513 1475 1474
f 1514 1476 1475
f 1515 1477 1476
f 1516 1478 1477
f 1517 1479 1478
f 1518 1480 1479
f 1519 1481 1480
f 1520 1482 1481
f 1521 1483 1482
f 1522 1484 1483
f 1523 1485 1484
f 1485 1525 1486
f 1525 1487 1486
f 1526 1488 1487
f 1527 1489 1488
f 1489 1529 1490
f 1490 1530 1491
f 1491 1531 1492
f 1492 1532 1493
f 1493 1533 1494
f 59 1417 60
f 1456 1418 1417
f 1457 1419 1418
f 1458 1420 1419
f 1459 1421 1420
f 1460 1422 1421
f 1461 1423 1422
f 1462 1424 1423
f 1463 1425 1424
f 1464 1426 1425
f 1465 1427 1426
f 1466 1428 1427
f 1467 1429 1428
f 1468 1430 1429
f 1469 1431 1430
f 1470 1432 1431
f 1471 1433 1432
f 1472 1434 1433
f 1473 1435 1434
f 1474 1436 1435
f 1475 1437 1436
f 1476 1438 1437
f 1477 1439 1438
f 1478 1440 1439
f 1479 1441 1440
f 1480 1442 1441
f 1481 1443 1442
f 1482 1444 1443
f 1483 1445 1444
f 1484 1446 1445
f 1446 1486 1447
f 1447 1487 1448
f 1448 1488 1449
f 1449 1489 1450
f 1450 1490 1451
f 1451 1491 1452
f 1452 1492 1453
f 1453 1493 1454
f 1454 1494 1455
f 60 1378 61
f 1417 1379 1378
f 1418 1380 1379
f 1419 1381 1380
f 1420 1382 1381
f 1421 1383 1382
f 1422 1384 1383
f 1423 1385 1384
f 1424 1386 1385
f 1425 1387 1386
f 1426 1388 1387
f 1427 1389 1388
f 1428 1390 1389
f 1429 1391 1390
f 1430 1392 1391
f 1431 1393 1392
f 1432 1394 1393
f 1433 1395 1394
f 1434 1396 1395
f 1435 1397 1396
f 1436 1398 1397
f 1437 1399 1398
f 1438 1400 1399
f 1439 1401 1400
f 1440 1402 1401
f 1441 1403 1402
f 1442 1404 1403
f 1443 1405 1404
f 1444 1406 1405
f 1445 1407 1406
f 1407 1447 1408
f 1408 1448 1409
f 1409 1449 1410
f 1410 1450 1411
f 1411 1451 1412
f 1412 1452 1413
f 1413 1453 1414
f 1414 1454 1415
f 1415 1455 1416
f 61 1339 62
f 1378 1340 1339
f 1379 1341 1340
f 1380 1342 1341
f 1381 1343 1342
f 1382 1344 1343
f 1383 1345 1344
f 1384 1346 1345
f 1385 1347 1346
f 1386 1348 1347
f 1387 1349 1348
f 1388 1350 1349
f 1389 1351 1350
f 1390 1352 1351
f 1391 1353 1352
f 1392 1354 1353
f 1393 1355 1354
f 1394 1356 1355
f 1395 1357 1356
f 1396 1358 1357
f 1397 1359 1358
f 1398 1360 1359
f 1399 1361 1360
f 1400 1362 1361
f 1401 1363 1362
f 1402 1364 1363
f 1403 1365 1364
f 1404 1366 1365
f 1405 1367 1366
f 1406 1368 1367
f 1368 1408 1369
f 1369 1409 1370
f 1370 1410 1371
f 1371 1411 1372
f 1372 1412 1373
f 1373 1413 1374
f 1374 1414 1375
f 1375 1415 1376
f 1376 1416 1377
f 62 1300 63
f 1339 1301 1300
f 1340 1302 1301
f 1341 1303 1302
f 1342 1304 1303
f 1343 1305 1304
f 1344 1306 1305
f 1345 1307 1306
f 1346 1308 1307
f 1347 1309 1308
f 1348 1310 1309
f 1349 1311 1310
f 1350 1312 1311
f 1351 1313 1312
f 1352 1314 1313
f 1353 1315 1314
f 1354 1316 1315
f 1355 1317 1316
f 1356 1318 1317
f 1357 1319 1318
f 1358 1320 1319
f 1359 1321 1320
f 1360 1322 1321
f 1361 1323 1322
f 1362 1324 1323
f 1363 1325 1324
f 1364 1326 1325
f 1365 1327 1326
f 1366 1328 1327
f 1367 1329 1328
f 1329 1369 1330
f 1330 1370 1331
f 1331 1371 1332
f 1332 1372 1333
f 1333 1373 1334
f 1334 1374 1335
f 1335 1375 1336
f 1336 1376 1337
f 1337 1377 1338
f 63 1261 64
f 1300 1262 1261
f 1301 1263 1262
f 1302 1264 1263
f 1303 1265 1264
f 1304 1266 1265
f 1305 1267 1266
f 1306 1268 1267
f 1307 1269 1268
f 1308 1270 1269
f 1309 1271 1270
f 1310 1272 1271
f 1311 1273 1272
f 1312 1274 1273
f 1313 1275 1274
f 1314 1276 1275
f 1315 1277 1276
f 1316 1278 1277
f 1278 1318 1279
f 1318 1280 1279
f 1319 1281 1280
f 1281 1321 1282
f 1282 1322 1283
f 1322 1284 1283
f 1323 1285 1284
f 1285 1325 1286
f 1286 1326 1287
f 1326 1288 1287
f 1327 1289 1288
f 1328 1290 1289
f 1290 1330 1291
f 1330 1292 1291
f 1331 1293 1292
f 1293 1333 1294
f 1294 1334 1295
f 1334 1296 1295
f 1335 1297 1296
f 1297 1337 1298
f 1298 1338 1299
f 64 1222 65
f 1261 1223 1222
f 1262 1224 1223
f 1263 1225 1224
f 1264 1226 1225
f 1265 1227 1226
f 1266 1228 1227
f 1267 1229 1228
f 1268 1230 1229
f 1269 1231 1230
f 1270 1232 1231
f 1271 1233 1232
f 1272 1234 1233
f 1273 1235 1234
f 1274 1236 1235
f 1275 1237 1236
f 1276 1238 1237
f 1277 1239 1238
f 1239 1279 1240
f 1240 1280 1241
f 1241 1281 1242
f 1242 1282 1243
f 1243 1283 1244
f 1244 1284 1245
f 1245 1285 1246
f 1246 1286 1247
f 1247 1287 1248
f 1248 1288 1249
f 1249 1289 1250
f 1250 1290 1251
f 1251 1291 1252
f 1252 1292 1253
f 1253 1293 1254
f 1254 1294 1255
f 1294 1256 1255
f 1256 1296 1257
f 1257 1297 1258
f 1297 1259 1258
f 1298 1260 1259
f 65 1183 66
f 1222 1184 1183
f 1184 1224 1185
f 1224 1186 1185
f 1225 1187 1186
f 1226 1188 1187
f 1227 1189 1188
f 1228 1190 1189
f 1229 1191 1190
f 1230 1192 1191
f 1231 1193 1192
f 1232 1194 1193
f 1233 1195 1194
f 1234 1196 1195
f 1235 1197 1196
f 1236 1198 1197
f 1237 1199 1198
f 1199 1239 1200
f 1239 1201 1200
f 1240 1202 1201
f 1202 1242 1203
f 1242 1204 1203
f 1204 1244 1205
f 1205 1245 1206
f 1206 1246 1207
f 1246 1208 1207
f 1208 1248 1209
f 1209 1249 1210
f 1210 1250 1211
f 1250 1212 1211
f 1212 1252 1213
f 1213 1253 1214
f 1214 1254 1215
f 1254 1216 1215
f 1255 1217 1216
f 1217 1257 1218
f 1218 1258 1219
f 1219 1259 1220
f 1259 1221 1220
f 66 1144 67
f 1183 1145 1144
f 1184 1146 1145
f 1185 1147 1146
f 1186 1148 1147
f 1187 1149 1148
f 1188 1150 1149
f 1189 1151 1150
f 1190 1152 1151
f 1152 1192 1153
f 1192 1154 1153
f 1193 1155 1154
f 1194 1156 1155
f 1156 1196 1157
f 1157 1197 1158
f 1197 1159 1158
f 1198 1160 1159
f 1160 1200 1161
f 1161 1201 1162
f 1201 1163 1162
f 1202 1164 1163
f 1164 1204 1165
f 1165 1205 1166
f 1205 1167 1166
f 1206 1168 1167
f 1168 1208 1169
f 1169 1209 1170
f 1209 1171 1170
f 1210 1172 1171
f 1172 1212 1173
f 1173 1213 1174
f 1213 1175 1174
f 1214 1176 1175
f 1176 1216 1177
f 1216 1178 1177
f 1217 1179 1178
f 1218 1180 1179
f 1219 1181 1180
f 1220 1182 1181
f 67 1105 68
f 1105 1145 1106
f 1106 1146 1107
f 1107 1147 1108
f 1147 1109 1108
f 1109 1149 1110
f 1149 1111 1110
f 1111 1151 1112
f 1151 1113 1112
f 1152 1114 1113
f 1153 1115 1114
f 1115 1155 1116
f 1155 1117 1116
f 1156 1118 1117
f 1118 1158 1119
f 1119 1159 1120
f 1159 1121 1120
f 1160 1122 1121
f 1122 1162 1123
f 1123 1163 1124
f 1163 1125 1124
f 1164 1126 1125
f 1126 1166 1127
f 1127 1167 1128
f 1167 1129 1128
f 1168 1130 1129
f 1130 1170 1131
f 1131 1171 1132
f 1171 1133 1132
f 1172 1134 1133
f 1134 1174 1135
f 1135 1175 1136
f 1175 1137 1136
f 1176 1138 1137
f 1138 1178 1139
f 1139 1179 1140
f 1140 1180 1141
f 1141 1181 1142
f 1181 1143 1142
f 69 1105 1066
f 1066 1106 1067
f 1067 1107 1068
f 1068 1108 1069
f 1069 1109 1070
f 1070 1110 1071
f 1110 1072 1071
f 1072 1112 1073
f 1073 1113 1074
f 1074 1114 1075
f 1114 1076 1075
f 1115 1077 1076
f 1077 1117 1078
f 1078 1118 1079
f 1079 1119 1080
f 1080 1120 1081
f 1081 1121 1082
f 1082 1122 1083
f 1083 1123 1084
f 1084 1124 1085
f 1085 1125 1086
f 1086 1126 1087
f 1126 1088 1087
f 1088 1128 1089
f 1089 1129 1090
f 1090 1130 1091
f 1091 1131 1092
f 1092 1132 1093
f 1093 1133 1094
f 1094 1134 1095
f 1095 1135 1096
f 1096 1136 1097
f 1097 1137 1098
f 1137 1099 1098
f 1138 1100 1099
f 1100 1140 1101
f 1101 1141 1102
f 1141 1103 1102
f 1142 1104 1103
f 69 1027 70
f 1066 1028 1027
f 1067 1029 1028
f 1068 1030 1029
f 1069 1031 1030
f 1070 1032 1031
f 1071 1033 1032
f 1072 1034 1033
f 1073 1035 1034
f 1074 1036 1035
f 1075 1037 1036
f 1076 1038 1037
f 1077 1039 1038
f 1078 1040 1039
f 1040 1080 1041
f 1080 1042 1041
f 1081 1043 1042
f 1082 1044 1043
f 1044 1084 1045
f 1084 1046 1045
f 1085 1047 1046
f 1086 1048 1047
f 1048 1088 1049
f 1088 1050 1049
f 1089 1051 1050
f 1090 1052 1051
f 1052 1092 1053
f 1092 1054 1053
f 1093 1055 1054
f 1094 1056 1055
f 1056 1096 1057
f 1096 1058 1057
f 1097 1059 1058
f 1098 1060 1059
f 1060 1100 1061
f 1061 1101 1062
f 1101 1063 1062
f 1063 1103 1064
f 1064 1104 1065
f 70 988 71
f 988 1028 989
f 1028 990 989
f 1029 991 990
f 1030 992 991
f 1031 993 992
f 1032 994 993
f 994 1034 995
f 1034 996 995
f 1035 997 996
f 1036 998 997
f 1037 999 998
f 1038 1000 999
f 1039 1001 1000
f 1001 1041 1002
f 1002 1042 1003
f 1042 1004 1003
f 1043 1005 1004
f 1005 1045 1006
f 1006 1046 1007
f 1046 1008 1007
f 1047 1009 1008
f 1009 1049 1010
f 1010 1050 1011
f 1050 1012 1011
f 1051 1013 1012
f 1013 1053 1014
f 1014 1054 1015
f 1054 1016 1015
f 1055 1017 1016
f 1017 1057 1018
f 1018 1058 1019
f 1058 1020 1019
f 1059 1021 1020
f 1021 1061 1022
f 1022 1062 1023
f 1062 1024 1023
f 1063 1025 1024
f 1025 1065 1026
f 71 949 72
f 949 989 950
f 989 951 950
f 990 952 951
f 952 992 953
f 992 954 953
f 993 955 954
f 994 956 955
f 956 996 957
f 996 958 957
f 997 959 958
f 998 960 959
f 999 961 960
f 1000 962 961
f 1001 963 962
f 963 1003 964
f 1003 965 964
f 1004 966 965
f 966 1006 967
f 967 1007 968
f 1007 969 968
f 969 1009 970
f 970 1010 971
f 1010 972 971
f 1011 973 972
f 1012 974 973
f 1013 975 974
f 1014 976 975
f 976 1016 977
f 1016 978 977
f 1017 979 978
f 1018 980 979
f 980 1020 981
f 1020 982 981
f 1021 983 982
f 1022 984 983
f 984 1024 985
f 1024 986 985
f 1025 987 986
f 72 910 73
f 949 911 910
f 950 912 911
f 951 913 912
f 952 914 913
f 953 915 914
f 954 916 915
f 955 917 916
f 956 918 917
f 957 919 918
f 958 920 919
f 959 921 920
f 960 922 921
f 961 923 922
f 962 924 923
f 963 925 924
f 964 926 925
f 965 927 926
f 927 967 928
f 928 968 929
f 929 969 930
f 930 970 931
f 931 971 932
f 932 972 933
f 933 973 934
f 934 974 935
f 935 975 936
f 936 976 937
f 937 977 938
f 938 978 939
f 939 979 940
f 940 980 941
f 941 981 942
f 942 982 943
f 982 944 943
f 944 984 945
f 945 985 946
f 985 947 946
f 986 948 947
f 73 871 74
f 910 872 871
f 911 873 872
f 912 874 873
f 913 875 874
f 914 876 875
f 915 877 876
f 916 878 877
f 917 879 878
f 918 880 879
f 919 881 880
f 920 882 881
f 921 883 882
f 922 884 883
f 923 885 884
f 924 886 885
f 925 887 886
f 926 888 887
f 927 889 888
f 889 929 890
f 890 930 891
f 930 892 891
f 931 893 892
f 932 894 893
f 933 895 894
f 934 896 895
f 935 897 896
f 936 898 897
f 898 938 899
f 938 900 899
f 939 901 900
f 901 941 902
f 902 942 903
f 942 904 903
f 943 905 904
f 905 945 906
f 906 946 907
f 946 908 907
f 947 909 908
f 74 832 75
f 871 833 832
f 872 834 833
f 873 835 834
f 874 836 835
f 875 837 836
f 876 838 837
f 877 839 838
f 878 840 839
f 879 841 840
f 880 842 841
f 881 843 842
f 882 844 843
f 883 845 844
f 884 846 845
f 885 847 846
f 886 848 847
f 887 849 848
f 888 850 849
f 889 851 850
f 890 852 851
f 891 853 852
f 892 854 853
f 893 855 854
f 894 856 855
f 895 857 856
f 896 858 857
f 897 859 858
f 898 860 859
f 899 861 860
f 861 901 862
f 862 902 863
f 863 903 864
f 864 904 865
f 865 905 866
f 866 906 867
f 867 907 868
f 868 908 869
f 869 909 870
f 75 793 76
f 832 794 793
f 833 795 794
f 834 796 795
f 835 797 796
f 836 798 797
f 837 799 798
f 838 800 799
f 839 801 800
f 840 802 801
f 841 803 802
f 842 804 803
f 843 805 804
f 844 806 805
f 845 807 806
f 846 808 807
f 847 809 808
f 848 810 809
f 849 811 810
f 850 812 811
f 851 813 812
f 852 814 813
f 853 815 814
f 854 816 815
f 855 817 816
f 856 818 817
f 857 819 818
f 858 820 819
f 859 821 820
f 860 822 821
f 822 862 823
f 823 863 824
f 824 864 825
f 825 865 826
f 826 866 827
f 827 867 828
f 828 868 829
f 829 869 830
f 830 870 831
f 76 754 77
f 793 755 754
f 794 756 755
f 795 757 756
f 796 758 757
f 797 759 758
f 798 760 759
f 799 761 760
f 800 762 761
f 801 763 762
f 802 764 763
f 803 765 764
f 804 766 765
f 805 767 766
f 806 768 767
f 807 769 768
f 808 770 769
f 809 771 770
f 810 772 771
f 811 773 772
f 812 774 773
f 813 775 774
f 814 776 775
f 815 777 776
f 816 778 777
f 817 779 778
f 818 780 779
f 819 781 780
f 820 782 781
f 821 783 782
f 783 823 784
f 784 824 785
f 785 825 786
f 786 826 787
f 787 827 788
f 788 828 789
f 789 829 790
f 790 830 791
f 791 831 792
f 77 715 78
f 754 716 715
f 755 717 716
f 756 718 717
f 757 719 718
f 758 720 719
f 759 721 720
f 760 722 721
f 761 723 722
f 762 724 723
f 763 725 724
f 764 726 725
f 765 727 726
f 766 728 727
f 767 729 728
f 768 730 729
f 769 731 730
f 770 732 731
f 771 733 732
f 772 734 733
f 773 735 734
f 774 736 735
f 775 737 736
f 776 738 737
f 777 739 738
f 778 740 739
f 779 741 740
f 780 742 741
f 781 743 742
f 782 744 743
f 744 784 745
f 745 785 746
f 746 786 747
f 747 787 748
f 748 788 749
f 749 789 750
f 750 790 751
f 751 791 752
f 752 792 753
f 78 676 79
f 715 677 676
f 716 678 677
f 717 679 678
f 718 680 679
f 719 681 680
f 720 682 681
f 721 683 682
f 722 684 683
f 723 685 684
f 724 686 685
f 725 687 686
f 726 688 687
f 727 689 688
f 728 690 689
f 729 691 690
f 730 692 691
f 731 693 692
f 732 694 693
f 733 695 694
f 734 696 695
f 735 697 696
f 736 698 697
f 737 699 698
f 738 700 699
f 739 701 700
f 740 702 701
f 741 703 702
f 742 704 703
f 743 705 704
f 744 706 705
f 706 746 707
f 707 747 708
f 747 709 708
f 709 749 710
f 710 750 711
f 711 751 712
f 712 752 713
f 713 753 714
f 79 637 80
f 676 638 637
f 677 639 638
f 678 640 639
f 679 641 640
f 680 642 641
f 681 643 642
f 682 644 643
f 683 645 644
f 684 646 645
f 685 647 646
f 686 648 647
f 687 649 648
f 688 650 649
f 689 651 650
f 690 652 651
f 691 653 652
f 692 654 653
f 693 655 654
f 694 656 655
f 695 657 656
f 696 658 657
f 697 659 658
f 698 660 659
f 699 661 660
f 700 662 661
f 701 663 662
f 702 664 663
f 703 665 664
f 704 666 665
f 705 667 666
f 706 668 667
f 707 669 668
f 708 670 669
f 670 710 671
f 671 711 672
f 672 712 673
f 673 713 674
f 674 714 675
f 80 598 81
f 637 599 598
f 638 600 599
f 639 601 600
f 640 602 601
f 641 603 602
f 642 604 603
f 643 605 604
f 644 606 605
f 645 607 606
f 646 608 607
f 647 609 608
f 648 610 609
f 649 611 610
f 650 612 611
f 651 613 612
f 652 614 613
f 653 615 614
f 654 616 615
f 655 617 616
f 656 618 617
f 657 619 618
f 658 620 619
f 659 621 620
f 660 622 621
f 661 623 622
f 662 624 623
f 663 625 624
f 664 626 625
f 665 627 626
f 666 628 627
f 667 629 628
f 668 630 629
f 669 631 630
f 631 671 632
f 632 672 633
f 633 673 634
f 634 674 635
f 635 675 636
f 81 559 82
f 598 560 559
f 599 561 560
f 600 562 561
f 601 563 562
f 602 564 563
f 603 565 564
f 604 566 565
f 605 567 566
f 606 568 567
f 607 569 568
f 608 570 569
f 609 571 570
f 610 572 571
f 611 573 572
f 612 574 573
f 613 575 574
f 614 576 575
f 615 577 576
f 616 578 577
f 617 579 578
f 618 580 579
f 619 581 580
f 620 582 581
f 621 583 582
f 622 584 583
f 623 585 584
f 624 586 585
f 625 587 586
f 626 588 587
f 627 589 588
f 628 590 589
f 629 591 590
f 630 592 591
f 592 632 593
f 593 633 594
f 594 634 595
f 595 635 596
f 596 636 597
f 82 520 83
f 559 521 520
f 560 522 521
f 561 523 522
f 562 524 523
f 563 525 524
f 564 526 525
f 565 527 526
f 566 528 527
f 567 529 528
f 568 530 529
f 569 531 530
f 570 532 531
f 571 533 532
f 572 534 533
f 573 535 534
f 574 536 535
f 575 537 536
f 576 538 537
f 577 539 538
f 578 540 539
f 579 541 540
f 580 542 541
f 581 543 542
f 582 544 543
f 583 545 544
f 584 546 545
f 585 547 546
f 586 548 547
f 587 549 548
f 588 550 549
f 589 551 550
f 590 552 551
f 591 553 552
f 553 593 554
f 554 594 555
f 555 595 556
f 556 596 557
f 557 597 558
f 83 481 84
f 520 482 481
f 521 483 482
f 522 484 483
f 523 485 484
f 524 486 485
f 525 487 486
f 526 488 487
f 527 489 488
f 528 490 489
f 529 491 490
f 530 492 491
f 531 493 492
f 532 494 493
f 533 495 494
f 534 496 495
f 535 497 496
f 536 498 497
f 537 499 498
f 538 500 499
f 539 501 500
f 540 502 501
f 541 503 502
f 542 504 503
f 543 505 504
f 544 506 505
f 545 507 506
f 546 508 507
f 547 509 508
f 548 510 509
f 549 511 510
f 550 512 511
f 551 513 512
f 552 514 513
f 514 554 515
f 515 555 516
f 516 556 517
f 517 557 518
f 518 558 519
f 84 442 85
f 481 443 442
f 482 444 443
f 483 445 444
f 484 446 445
f 485 447 446
f 486 448 447
f 487 449 448
f 488 450 449
f 489 451 450
f 490 452 451
f 491 453 452
f 492 454 453
f 493 455 454
f 494 456 455
f 495 457 456
f 496 458 457
f 497 459 458
f 498 460 459
f 499 461 460
f 500 462 461
f 501 463 462
f 502 464 463
f 503 465 464
f 504 466 465
f 505 467 466
f 506 468 467
f 507 469 468
f 508 470 469
f 509 471 470
f 510 472 471
f 511 473 472
f 512 474 473
f 513 475 474
f 514 476 475
f 476 516 477
f 477 517 478
f 478 518 479
f 479 519 480
f 85 403 86
f 442 404 403
f 443 405 404
f 444 406 405
f 445 407 406
f 446 408 407
f 447 409 408
f 448 410 409
f 449 411 410
f 450 412 411
f 451 413 412
f 452 414 413
f 453 415 414
f 454 416 415
f 455 417 416
f 456 418 417
f 457 419 418
f 458 420 419
f 459 421 420
f 460 422 421
f 461 423 422
f 462 424 423
f 463 425 424
f 464 426 425
f 465 427 426
f 466 428 427
f 467 429 428
f 468 430 429
f 469 431 430
f 470 432 431
f 471 433 432
f 472 434 433
f 473 435 434
f 474 436 435
f 475 437 436
f 476 438 437
f 477 439 438
f 439 479 440
f 440 480 441
f 86 364 87
f 403 365 364
f 404 366 365
f 405 367 366
f 406 368 367
f 407 369 368
f 408 370 369
f 409 371 370
f 410 372 371
f 411 373 372
f 412 374 373
f 413 375 374
f 414 376 375
f 415 377 376
f 416 378 377
f 417 379 378
f 418 380 379
f 419 381 380
f 420 382 381
f 421 383 382
f 422 384 383
f 423 385 384
f 424 386 385
f 425 387 386
f 426 388 387
f 427 389 388
f 428 390 389
f 429 391 390
f 430 392 391
f 431 393 392
f 432 394 393
f 433 395 394
f 434 396 395
f 435 397 396
f 436 398 397
f 437 399 398
f 438 400 399
f 439 401 400
f 401 441 402
f 87 325 88
f 364 326 325
f 365 327 326
f 366 328 327
f 367 329 328
f 368 330 329
f 369 331 330
f 370 332 331
f 371 333 332
f 372 334 333
f 373 335 334
f 374 336 335
f 375 337 336
f 376 338 337
f 377 339 338
f 378 340 339
f 379 341 340
f 380 342 341
f 381 343 342
f 382 344 343
f 383 345 344
f 384 346 345
f 385 347 346
f 386 348 347
f 387 349 348
f 388 350 349
f 389 351 350
f 390 352 351
f 391 353 352
f 392 354 353
f 393 355 354
f 394 356 355
f 395 357 356
f 396 358 357
f 397 359 358
f 398 360 359
f 399 361 360
f 400 362 361
f 362 402 363
f 88 286 8
f 325 287 286
f 326 288 287
f 327 289 288
f 328 290 289
f 329 291 290
f 330 292 291
f 331 293 292
f 332 294 293
f 333 295 294
f 334 296 295
f 335 297 296
f 336 298 297
f 337 299 298
f 338 300 299
f 339 301 300
f 340 302 301
f 341 303 302
f 342 304 303
f 343 305 304
f 344 306 305
f 345 307 306
f 346 308 307
f 347 309 308
f 348 310 309
f 349 311 310
f 350 312 311
f 351 313 312
f 352 314 313
f 353 315 314
f 354 316 315
f 355 317 316
f 356 318 317
f 357 319 318
f 358 320 319
f 359 321 320
f 360 322 321
f 361 323 322
f 362 324 323
f 4 1846 49
f 246 1847 1846
f 245 1848 1847
f 244 1849 1848
f 243 1850 1849
f 242 1851 1850
f 241 1852 1851
f 240 1853 1852
f 239 1854 1853
f 238 1855 1854
f 237 1856 1855
f 236 1857 1856
f 235 1858 1857
f 234 1859 1858
f 233 1860 1859
f 232 1861 1860
f 231 1862 1861
f 230 1863 1862
f 229 1864 1863
f 228 1865 1864
f 227 1866 1865
f 226 1867 1866
f 225 1868 1867
f 224 1869 1868
f 223 1870 1869
f 222 1871 1870
f 221 1872 1871
f 220 1873 1872
f 219 1874 1873
f 218 1875 1874
f 217 1876 1875
f 216 1877 1876
f 215 1878 1877
f 214 1879 1878
f 213 1880 1879
f 212 1881 1880
f 211 1882 1881
f 210 1883 1882
f 209 1884 1883
f 4697 4337 4680
f 285 3407 3406
f 284 3408 3407
f 283 3409 3408
f 282 3410 3409
f 281 3411 3410
f 280 3412 3411
f 279 3413 3412
f 278 3414 3413
f 277 3415 3414
f 276 3416 3415
f 275 3417 3416
f 274 3418 3417
f 273 3419 3418
f 272 3420 3419
f 271 3421 3420
f 270 3422 3421
f 269 3423 3422
f 268 3424 3423
f 267 3425 3424
f 266 3426 3425
f 265 3427 3426
f 264 3428 3427
f 263 3429 3428
f 262 3430 3429
f 261 3431 3430
f 260 3432 3431
f 259 3433 3432
f 258 3434 3433
f 257 3435 3434
f 256 3436 3435
f 255 3437 3436
f 254 3438 3437
f 253 3439 3438
f 252 3440 3439
f 251 3441 3440
f 250 3442 3441
f 249 3443 3442
f 248 3444 3443
f 7 286 285
f 285 287 284
f 284 288 283
f 283 289 282
f 282 290 281
f 281 291 280
f 280 292 279
f 279 293 278
f 278 294 277
f 277 295 276
f 276 296 275
f 275 297 274
f 274 298 273
f 273 299 272
f 272 300 271
f 271 301 270
f 270 302 269
f 269 303 268
f 268 304 267
f 267 305 266
f 266 306 265
f 265 307 264
f 264 308 263
f 263 309 262
f 262 310 261
f 261 311 260
f 260 312 259
f 259 313 258
f 258 314 257
f 257 315 256
f 256 316 255
f 255 317 254
f 254 318 253
f 253 319 252
f 252 320 251
f 251 321 250
f 250 322 249
f 249 323 248
f 248 324 247
f 1 208 207
f 207 209 206
f 206 210 205
f 205 211 204
f 204 212 203
f 203 213 202
f 202 214 201
f 201 215 200
f 200 216 199
f 199 217 198
f 198 218 197
f 197 219 196
f 196 220 195
f 195 221 194
f 194 222 193
f 193 223 192
f 192 224 191
f 191 225 190
f 190 226 189
f 189 227 188
f 188 228 187
f 187 229 186
f 186 230 185
f 185 231 184
f 184 232 183
f 183 233 182
f 182 234 181
f 181 235 180
f 180 236 179
f 179 237 178
f 178 238 177
f 177 239 176
f 239 175 176
f 240 174 175
f 241 173 174
f 242 172 173
f 243 171 172
f 244 170 171
f 245 169 170
f 3445 3449 3446
f 3447 3451 3448
f 3489 3452 3451
f 3490 3453 3452
f 3491 3454 3453
f 3492 3455 3454
f 3493 3456 3455
f 3494 3457 3456
f 3495 3458 3457
f 3496 3459 3458
f 3497 3460 3459
f 3498 3461 3460
f 3499 3462 3461
f 3500 3463 3462
f 3501 3464 3463
f 3502 3465 3464
f 3503 3466 3465
f 3504 3467 3466
f 3505 3468 3467
f 3506 3469 3468
f 3507 3470 3469
f 3508 3471 3470
f 3509 3472 3471
f 3510 3473 3472
f 3511 3474 3473
f 3512 3475 3474
f 3513 3476 3475
f 3514 3477 3476
f 3515 3478 3477
f 3516 3479 3478
f 3517 3480 3479
f 3518 3481 3480
f 3519 3482 3481
f 3520 3483 3482
f 3521 3484 3483
f 3522 3485 3484
f 3523 3486 3485
f 3524 3487 3486
f 3525 3488 3487
f 3526 3445 3488
f 3931 3447 3932
f 3896 3488 3941
f 3958 3450 3959
f 3905 3462 3968
f 3985 3515 3922
f 3994 3489 3931
f 3941 3445 3553
f 3968 3463 3995
f 4012 3516 3985
f 3932 3448 3796
f 4021 3490 3994
f 3995 3464 4022
f 4039 3517 4012
f 4048 3491 4021
f 4022 3465 4049
f 4066 3518 4039
f 4075 3492 4048
f 4049 3466 4076
f 4093 3519 4066
f 4102 3493 4075
f 4076 3467 4103
f 4120 3520 4093
f 4129 3494 4102
f 4103 3468 4130
f 4147 3521 4120
f 4156 3495 4129
f 4130 3469 4157
f 4174 3522 4147
f 4183 3496 4156
f 4157 3470 4184
f 4201 3523 4174
f 4210 3497 4183
f 4184 3471 4211
f 4228 3524 4201
f 4237 3498 4210
f 4211 3472 4238
f 4255 3525 4228
f 4264 3499 4237
f 3536 3449 3958
f 4238 3473 3877
f 3959 3526 4255
f 3842 3500 4264
f 1897 4256 1896
f 4256 3849 4257
f 4257 3848 4258
f 4258 3847 4259
f 4259 3846 4260
f 4260 3845 4261
f 4261 3844 4262
f 3844 4263 4262
f 3843 4264 4263
f 1922 3967 4247
f 4247 3966 4248
f 4248 3965 4249
f 4249 3964 4250
f 4250 3963 4251
f 4251 3962 4252
f 4252 3961 4253
f 3961 4254 4253
f 3960 4255 4254
f 191 4246 3869
f 3869 4245 3870
f 3870 4244 3871
f 3871 4243 3872
f 3872 4242 3873
f 3873 4241 3874
f 3874 4240 3875
f 4240 3876 3875
f 4239 3877 3876
f 89 3544 3950
f 3950 3543 3951
f 3951 3542 3952
f 3952 3541 3953
f 3953 3540 3954
f 3954 3539 3955
f 3955 3538 3956
f 3538 3957 3956
f 3537 3958 3957
f 1896 4229 1895
f 4256 4230 4229
f 4257 4231 4230
f 4258 4232 4231
f 4259 4233 4232
f 4260 4234 4233
f 4261 4235 4234
f 4262 4236 4235
f 4263 4237 4236
f 1922 4220 1921
f 4247 4221 4220
f 4248 4222 4221
f 4249 4223 4222
f 4250 4224 4223
f 4251 4225 4224
f 4252 4226 4225
f 4253 4227 4226
f 4254 4228 4227
f 189 4246 190
f 4219 4245 4246
f 4218 4244 4245
f 4217 4243 4244
f 4216 4242 4243
f 4215 4241 4242
f 4214 4240 4241
f 4213 4239 4240
f 4212 4238 4239
f 1895 4202 1894
f 4229 4203 4202
f 4230 4204 4203
f 4231 4205 4204
f 4232 4206 4205
f 4233 4207 4206
f 4234 4208 4207
f 4235 4209 4208
f 4236 4210 4209
f 1921 4193 1920
f 4220 4194 4193
f 4221 4195 4194
f 4222 4196 4195
f 4223 4197 4196
f 4224 4198 4197
f 4225 4199 4198
f 4226 4200 4199
f 4227 4201 4200
f 188 4219 189
f 4192 4218 4219
f 4191 4217 4218
f 4190 4216 4217
f 4189 4215 4216
f 4188 4214 4215
f 4187 4213 4214
f 4186 4212 4213
f 4185 4211 4212
f 1894 4175 1893
f 4202 4176 4175
f 4203 4177 4176
f 4204 4178 4177
f 4205 4179 4178
f 4206 4180 4179
f 4207 4181 4180
f 4208 4182 4181
f 4209 4183 4182
f 1920 4166 1919
f 4193 4167 4166
f 4194 4168 4167
f 4195 4169 4168
f 4196 4170 4169
f 4197 4171 4170
f 4198 4172 4171
f 4199 4173 4172
f 4200 4174 4173
f 187 4192 188
f 4165 4191 4192
f 4164 4190 4191
f 4163 4189 4190
f 4162 4188 4189
f 4161 4187 4188
f 4160 4186 4187
f 4159 4185 4186
f 4158 4184 4185
f 1893 4148 1892
f 4175 4149 4148
f 4176 4150 4149
f 4177 4151 4150
f 4178 4152 4151
f 4179 4153 4152
f 4180 4154 4153
f 4181 4155 4154
f 4182 4156 4155
f 1919 4139 1918
f 4166 4140 4139
f 4167 4141 4140
f 4168 4142 4141
f 4169 4143 4142
f 4170 4144 4143
f 4171 4145 4144
f 4172 4146 4145
f 4173 4147 4146
f 186 4165 187
f 4138 4164 4165
f 4137 4163 4164
f 4136 4162 4163
f 4135 4161 4162
f 4134 4160 4161
f 4133 4159 4160
f 4132 4158 4159
f 4131 4157 4158
f 1892 4121 1891
f 4148 4122 4121
f 4149 4123 4122
f 4150 4124 4123
f 4151 4125 4124
f 4152 4126 4125
f 4153 4127 4126
f 4154 4128 4127
f 4155 4129 4128
f 1918 4112 1917
f 4139 4113 4112
f 4140 4114 4113
f 4141 4115 4114
f 4142 4116 4115
f 4143 4117 4116
f 4144 4118 4117
f 4145 4119 4118
f 4146 4120 4119
f 185 4138 186
f 4111 4137 4138
f 4110 4136 4137
f 4109 4135 4136
f 4108 4134 4135
f 4107 4133 4134
f 4106 4132 4133
f 4105 4131 4132
f 4104 4130 4131
f 1891 4094 1890
f 4121 4095 4094
f 4122 4096 4095
f 4123 4097 4096
f 4124 4098 4097
f 4125 4099 4098
f 4126 4100 4099
f 4127 4101 4100
f 4128 4102 4101
f 1917 4085 1916
f 4112 4086 4085
f 4113 4087 4086
f 4114 4088 4087
f 4115 4089 4088
f 4116 4090 4089
f 4117 4091 4090
f 4118 4092 4091
f 4119 4093 4092
f 184 4111 185
f 4084 4110 4111
f 4083 4109 4110
f 4082 4108 4109
f 4081 4107 4108
f 4080 4106 4107
f 4079 4105 4106
f 4078 4104 4105
f 4077 4103 4104
f 1890 4067 1889
f 4094 4068 4067
f 4095 4069 4068
f 4096 4070 4069
f 4097 4071 4070
f 4098 4072 4071
f 4099 4073 4072
f 4100 4074 4073
f 4101 4075 4074
f 1916 4058 1915
f 4085 4059 4058
f 4086 4060 4059
f 4087 4061 4060
f 4088 4062 4061
f 4089 4063 4062
f 4090 4064 4063
f 4091 4065 4064
f 4092 4066 4065
f 183 4084 184
f 4057 4083 4084
f 4056 4082 4083
f 4055 4081 4082
f 4054 4080 4081
f 4053 4079 4080
f 4052 4078 4079
f 4051 4077 4078
f 4050 4076 4077
f 1889 4040 1888
f 4067 4041 4040
f 4068 4042 4041
f 4069 4043 4042
f 4070 4044 4043
f 4071 4045 4044
f 4072 4046 4045
f 4073 4047 4046
f 4074 4048 4047
f 1915 4031 1914
f 4058 4032 4031
f 4059 4033 4032
f 4060 4034 4033
f 4061 4035 4034
f 4062 4036 4035
f 4063 4037 4036
f 4064 4038 4037
f 4065 4039 4038
f 182 4057 183
f 4030 4056 4057
f 4029 4055 4056
f 4028 4054 4055
f 4027 4053 4054
f 4026 4052 4053
f 4025 4051 4052
f 4024 4050 4051
f 4023 4049 4050
f 1888 4013 1887
f 4040 4014 4013
f 4041 4015 4014
f 4042 4016 4015
f 4043 4017 4016
f 4044 4018 4017
f 4045 4019 4018
f 4046 4020 4019
f 4047 4021 4020
f 1914 4004 1913
f 4031 4005 4004
f 4032 4006 4005
f 4033 4007 4006
f 4034 4008 4007
f 4035 4009 4008
f 4036 4010 4009
f 4037 4011 4010
f 4038 4012 4011
f 181 4030 182
f 4003 4029 4030
f 4002 4028 4029
f 4001 4027 4028
f 4000 4026 4027
f 3999 4025 4026
f 3998 4024 4025
f 3997 4023 4024
f 3996 4022 4023
f 1887 3986 1886
f 4013 3987 3986
f 4014 3988 3987
f 4015 3989 3988
f 4016 3990 3989
f 4017 3991 3990
f 4018 3992 3991
f 4019 3993 3992
f 4020 3994 3993
f 3 3940 3788
f 3788 3939 3789
f 3789 3938 3790
f 3790 3937 3791
f 3791 3936 3792
f 3792 3935 3793
f 3793 3934 3794
f 3934 3795 3794
f 3933 3796 3795
f 1913 3977 1912
f 4004 3978 3977
f 4005 3979 3978
f 4006 3980 3979
f 4007 3981 3980
f 4008 3982 3981
f 4009 3983 3982
f 4010 3984 3983
f 4011 3985 3984
f 180 4003 181
f 3976 4002 4003
f 3975 4001 4002
f 3974 4000 4001
f 3973 3999 4000
f 3972 3998 3999
f 3971 3997 3998
f 3970 3996 3997
f 3969 3995 3996
f 207 3949 3545
f 3545 3948 3546
f 3546 3947 3547
f 3547 3946 3548
f 3548 3945 3549
f 3549 3944 3550
f 3550 3943 3551
f 3943 3552 3551
f 3942 3553 3552
f 1886 3923 1885
f 3986 3924 3923
f 3987 3925 3924
f 3988 3926 3925
f 3989 3927 3926
f 3990 3928 3927
f 3991 3929 3928
f 3992 3930 3929
f 3993 3931 3930
f 1912 3914 1911
f 3977 3915 3914
f 3978 3916 3915
f 3979 3917 3916
f 3980 3918 3917
f 3981 3919 3918
f 3982 3920 3919
f 3983 3921 3920
f 3984 3922 3921
f 179 3976 180
f 3913 3975 3976
f 3912 3974 3975
f 3911 3973 3974
f 3910 3972 3973
f 3909 3971 3972
f 3908 3970 3971
f 3907 3969 3970
f 3906 3968 3969
f 89 3967 1923
f 3950 3966 3967
f 3951 3965 3966
f 3952 3964 3965
f 3953 3963 3964
f 3954 3962 3963
f 3955 3961 3962
f 3956 3960 3961
f 3957 3959 3960
f 205 3949 206
f 3904 3948 3949
f 3903 3947 3948
f 3902 3946 3947
f 3901 3945 3946
f 3900 3944 3945
f 3899 3943 3944
f 3898 3942 3943
f 3897 3941 3942
f 1885 3940 48
f 3923 3939 3940
f 3924 3938 3939
f 3925 3937 3938
f 3926 3936 3937
f 3927 3935 3936
f 3928 3934 3935
f 3929 3933 3934
f 3930 3932 3933
f 191 3868 192
f 3869 3867 3868
f 3870 3866 3867
f 3871 3865 3866
f 3872 3864 3865
f 3873 3863 3864
f 3874 3862 3863
f 3875 3861 3862
f 3876 3860 3861
f 1898 3850 1897
f 3851 3849 3850
f 3852 3848 3849
f 3853 3847 3848
f 3854 3846 3847
f 3855 3845 3846
f 3856 3844 3845
f 3857 3843 3844
f 3858 3842 3843
f 192 3841 193
f 3868 3840 3841
f 3867 3839 3840
f 3866 3838 3839
f 3865 3837 3838
f 3864 3836 3837
f 3863 3835 3836
f 3862 3834 3835
f 3861 3833 3834
f 1899 3851 1898
f 3824 3852 3851
f 3825 3853 3852
f 3826 3854 3853
f 3827 3855 3854
f 3828 3856 3855
f 3829 3857 3856
f 3830 3858 3857
f 3831 3859 3858
f 193 3823 194
f 3841 3822 3823
f 3840 3821 3822
f 3839 3820 3821
f 3838 3819 3820
f 3837 3818 3819
f 3836 3817 3818
f 3835 3816 3817
f 3834 3815 3816
f 1900 3824 1899
f 3806 3825 3824
f 3807 3826 3825
f 3808 3827 3826
f 3809 3828 3827
f 3810 3829 3828
f 3811 3830 3829
f 3812 3831 3830
f 3813 3832 3831
f 194 3805 195
f 3823 3804 3805
f 3822 3803 3804
f 3821 3802 3803
f 3820 3801 3802
f 3819 3800 3801
f 3818 3799 3800
f 3817 3798 3799
f 3816 3797 3798
f 3 3787 169
f 3788 3786 3787
f 3789 3785 3786
f 3790 3784 3785
f 3791 3783 3784
f 3792 3782 3783
f 3793 3781 3782
f 3794 3780 3781
f 3795 3779 3780
f 1901 3806 1900
f 3770 3807 3806
f 3771 3808 3807
f 3772 3809 3808
f 3773 3810 3809
f 3774 3811 3810
f 3775 3812 3811
f 3776 3813 3812
f 3777 3814 3813
f 195 3769 196
f 3805 3768 3769
f 3804 3767 3768
f 3803 3766 3767
f 3802 3765 3766
f 3801 3764 3765
f 3800 3763 3764
f 3799 3762 3763
f 3798 3761 3762
f 169 3760 170
f 3787 3759 3760
f 3786 3758 3759
f 3785 3757 3758
f 3784 3756 3757
f 3783 3755 3756
f 3782 3754 3755
f 3781 3753 3754
f 3780 3752 3753
f 1902 3770 1901
f 3743 3771 3770
f 3744 3772 3771
f 3745 3773 3772
f 3746 3774 3773
f 3747 3775 3774
f 3748 3776 3775
f 3749 3777 3776
f 3750 3778 3777
f 196 3742 197
f 3769 3741 3742
f 3768 3740 3741
f 3767 3739 3740
f 3766 3738 3739
f 3765 3737 3738
f 3764 3736 3737
f 3763 3735 3736
f 3762 3734 3735
f 170 3733 171
f 3760 3732 3733
f 3759 3731 3732
f 3758 3730 3731
f 3757 3729 3730
f 3756 3728 3729
f 3755 3727 3728
f 3754 3726 3727
f 3753 3725 3726
f 1903 3743 1902
f 3716 3744 3743
f 3717 3745 3744
f 3718 3746 3745
f 3719 3747 3746
f 3720 3748 3747
f 3721 3749 3748
f 3722 3750 3749
f 3723 3751 3750
f 197 3715 198
f 3742 3714 3715
f 3741 3713 3714
f 3740 3712 3713
f 3739 3711 3712
f 3738 3710 3711
f 3737 3709 3710
f 3736 3708 3709
f 3735 3707 3708
f 171 3706 172
f 3733 3705 3706
f 3732 3704 3705
f 3731 3703 3704
f 3730 3702 3703
f 3729 3701 3702
f 3728 3700 3701
f 3727 3699 3700
f 3726 3698 3699
f 1904 3716 1903
f 3689 3717 3716
f 3690 3718 3717
f 3691 3719 3718
f 3692 3720 3719
f 3693 3721 3720
f 3694 3722 3721
f 3695 3723 3722
f 3696 3724 3723
f 198 3688 199
f 3715 3687 3688
f 3714 3686 3687
f 3713 3685 3686
f 3712 3684 3685
f 3711 3683 3684
f 3710 3682 3683
f 3709 3681 3682
f 3708 3680 3681
f 172 3679 173
f 3706 3678 3679
f 3705 3677 3678
f 3704 3676 3677
f 3703 3675 3676
f 3702 3674 3675
f 3701 3673 3674
f 3700 3672 3673
f 3699 3671 3672
f 1905 3689 1904
f 3662 3690 3689
f 3663 3691 3690
f 3664 3692 3691
f 3665 3693 3692
f 3666 3694 3693
f 3667 3695 3694
f 3668 3696 3695
f 3669 3697 3696
f 199 3661 200
f 3688 3660 3661
f 3687 3659 3660
f 3686 3658 3659
f 3685 3657 3658
f 3684 3656 3657
f 3683 3655 3656
f 3682 3654 3655
f 3681 3653 3654
f 173 3652 174
f 3679 3651 3652
f 3678 3650 3651
f 3677 3649 3650
f 3676 3648 3649
f 3675 3647 3648
f 3674 3646 3647
f 3673 3645 3646
f 3672 3644 3645
f 1906 3662 1905
f 3635 3663 3662
f 3636 3664 3663
f 3637 3665 3664
f 3638 3666 3665
f 3639 3667 3666
f 3640 3668 3667
f 3641 3669 3668
f 3642 3670 3669
f 200 3634 201
f 3661 3633 3634
f 3660 3632 3633
f 3659 3631 3632
f 3658 3630 3631
f 3657 3629 3630
f 3656 3628 3629
f 3655 3627 3628
f 3654 3626 3627
f 174 3625 175
f 3652 3624 3625
f 3651 3623 3624
f 3650 3622 3623
f 3649 3621 3622
f 3648 3620 3621
f 3647 3619 3620
f 3646 3618 3619
f 3645 3617 3618
f 1907 3635 1906
f 3608 3636 3635
f 3609 3637 3636
f 3610 3638 3637
f 3611 3639 3638
f 3612 3640 3639
f 3613 3641 3640
f 3614 3642 3641
f 3615 3643 3642
f 201 3607 202
f 3634 3606 3607
f 3633 3605 3606
f 3632 3604 3605
f 3631 3603 3604
f 3630 3602 3603
f 3629 3601 3602
f 3628 3600 3601
f 3627 3599 3600
f 175 3598 176
f 3625 3597 3598
f 3624 3596 3597
f 3623 3595 3596
f 3622 3594 3595
f 3621 3593 3594
f 3620 3592 3593
f 3619 3591 3592
f 3618 3590 3591
f 1908 3608 1907
f 3581 3609 3608
f 3582 3610 3609
f 3583 3611 3610
f 3584 3612 3611
f 3585 3613 3612
f 3586 3614 3613
f 3587 3615 3614
f 3588 3616 3615
f 202 3580 203
f 3607 3579 3580
f 3606 3578 3579
f 3605 3577 3578
f 3604 3576 3577
f 3603 3575 3576
f 3602 3574 3575
f 3601 3573 3574
f 3600 3572 3573
f 176 3571 177
f 3598 3570 3571
f 3597 3569 3570
f 3596 3568 3569
f 3595 3567 3568
f 3594 3566 3567
f 3593 3565 3566
f 3592 3564 3565
f 3591 3563 3564
f 1909 3581 1908
f 3554 3582 3581
f 3555 3583 3582
f 3556 3584 3583
f 3557 3585 3584
f 3558 3586 3585
f 3559 3587 3586
f 3560 3588 3587
f 3561 3589 3588
f 207 3544 1
f 3545 3543 3544
f 3546 3542 3543
f 3547 3541 3542
f 3548 3540 3541
f 3549 3539 3540
f 3550 3538 3539
f 3551 3537 3538
f 3552 3536 3537
f 203 3535 204
f 3580 3534 3535
f 3579 3533 3534
f 3578 3532 3533
f 3577 3531 3532
f 3576 3530 3531
f 3575 3529 3530
f 3574 3528 3529
f 3573 3527 3528
f 177 3886 178
f 3571 3885 3886
f 3570 3884 3885
f 3569 3883 3884
f 3568 3882 3883
f 3567 3881 3882
f 3566 3880 3881
f 3565 3879 3880
f 3564 3878 3879
f 1910 3554 1909
f 3887 3555 3554
f 3888 3556 3555
f 3889 3557 3556
f 3890 3558 3557
f 3891 3559 3558
f 3892 3560 3559
f 3893 3561 3560
f 3894 3562 3561
f 204 3904 205
f 3535 3903 3904
f 3534 3902 3903
f 3533 3901 3902
f 3532 3900 3901
f 3531 3899 3900
f 3530 3898 3899
f 3529 3897 3898
f 3528 3896 3897
f 178 3913 179
f 3886 3912 3913
f 3885 3911 3912
f 3884 3910 3911
f 3883 3909 3910
f 3882 3908 3909
f 3881 3907 3908
f 3880 3906 3907
f 3879 3905 3906
f 1911 3887 1910
f 3914 3888 3887
f 3915 3889 3888
f 3916 3890 3889
f 3917 3891 3890
f 3918 3892 3891
f 3919 3893 3892
f 3920 3894 3893
f 3921 3895 3894
f 4267 4345 4268
f 4268 4344 4269
f 4269 4343 4270
f 4270 4342 4271
f 4271 4341 4272
f 4272 4340 4273
f 4273 4339 4274
f 4274 4338 4275
f 4275 4337 4276
f 4276 4336 4277
f 4277 4335 4278
f 4278 4334 4279
f 4279 4333 4280
f 4280 4332 4281
f 4281 4331 4282
f 4282 4330 4283
f 4283 4329 4284
f 4284 4328 4285
f 4285 4327 4286
f 4287 4327 4326
f 4287 4325 4288
f 4288 4324 4289
f 4289 4323 4290
f 4290 4322 4291
f 4291 4321 4292
f 4292 4320 4293
f 4293 4319 4294
f 4294 4318 4295
f 4295 4317 4296
f 4296 4316 4297
f 4297 4315 4298
f 4298 4314 4299
f 4299 4313 4300
f 4300 4312 4301
f 4301 4311 4302
f 4302 4310 4303
f 4303 4309 4304
f 4304 4308 4305
f 4306 4308 4307
f 4266 4346 4267
f 4878 4293 4887
f 4608 4342 4589
f 4761 4267 4896
f 4572 4344 4535
f 4536 4309 4508
f 4887 4294 4905
f 4896 4268 4914
f 4518 4346 4571
f 4491 4311 4490
f 4905 4295 4923
f 4914 4269 4932
f 4599 4307 4553
f 4923 4296 4941
f 4932 4270 4950
f 4941 4297 4959
f 4950 4271 4968
f 4473 4313 4445
f 4428 4315 4418
f 4959 4298 4977
f 4968 4272 4986
f 4401 4317 4400
f 4977 4299 4995
f 4383 4319 4373
f 4986 4273 5004
f 4356 4321 4355
f 4995 4300 5013
f 5004 4274 5022
f 4698 4323 4724
f 4725 4325 4751
f 5013 4301 5031
f 5022 4275 5040
f 4752 4327 4778
f 5031 4302 5049
f 4779 4329 4805
f 5040 4276 5058
f 4806 4331 4823
f 5049 4303 5067
f 5058 4277 5076
f 4824 4333 4850
f 4851 4335 4877
f 5067 4304 4679
f 5076 4278 4643
f 19 4635 20
f 5084 4636 4635
f 5083 4637 4636
f 5082 4638 4637
f 5081 4639 4638
f 5080 4640 4639
f 5079 4641 4640
f 5078 4642 4641
f 5077 4643 4642
f 45 4671 46
f 5075 4672 4671
f 5074 4673 4672
f 5073 4674 4673
f 5072 4675 4674
f 5071 4676 4675
f 5070 4677 4676
f 5069 4678 4677
f 5068 4679 4678
f 2938 4869 2977
f 4859 4870 4869
f 4858 4871 4870
f 4857 4872 4871
f 4856 4873 4872
f 4855 4874 4873
f 4854 4875 4874
f 4853 4876 4875
f 4852 4877 4876
f 2860 4842 2899
f 4832 4843 4842
f 4831 4844 4843
f 4830 4845 4844
f 4829 4846 4845
f 4828 4847 4846
f 4827 4848 4847
f 4826 4849 4848
f 4825 4850 4849
f 18 5084 19
f 5066 5083 5084
f 5065 5082 5083
f 5064 5081 5082
f 5063 5080 5081
f 5062 5079 5080
f 5061 5078 5079
f 5060 5077 5078
f 5059 5076 5077
f 44 5075 45
f 5057 5074 5075
f 5056 5073 5074
f 5055 5072 5073
f 5054 5071 5072
f 5053 5070 5071
f 5052 5069 5070
f 5051 5068 5069
f 5050 5067 5068
f 2782 4815 2821
f 4814 4816 4815
f 4813 4817 4816
f 4812 4818 4817
f 4811 4819 4818
f 4810 4820 4819
f 4809 4821 4820
f 4808 4822 4821
f 4807 4823 4822
f 17 5066 18
f 5048 5065 5066
f 5047 5064 5065
f 5046 5063 5064
f 5045 5062 5063
f 5044 5061 5062
f 5043 5060 5061
f 5042 5059 5060
f 5041 5058 5059
f 2704 4797 2743
f 4787 4798 4797
f 4786 4799 4798
f 4785 4800 4799
f 4784 4801 4800
f 4783 4802 4801
f 4782 4803 4802
f 4781 4804 4803
f 4780 4805 4804
f 43 5057 44
f 5039 5056 5057
f 5038 5055 5056
f 5037 5054 5055
f 5036 5053 5054
f 5035 5052 5053
f 5034 5051 5052
f 5033 5050 5051
f 5032 5049 5050
f 2626 4770 2665
f 4760 4771 4770
f 4759 4772 4771
f 4758 4773 4772
f 4757 4774 4773
f 4756 4775 4774
f 4755 4776 4775
f 4754 4777 4776
f 4753 4778 4777
f 16 5048 17
f 5030 5047 5048
f 5029 5046 5047
f 5028 5045 5046
f 5027 5044 5045
f 5026 5043 5044
f 5025 5042 5043
f 5024 5041 5042
f 5023 5040 5041
f 42 5039 43
f 5021 5038 5039
f 5020 5037 5038
f 5019 5036 5037
f 5018 5035 5036
f 5017 5034 5035
f 5016 5033 5034
f 5015 5032 5033
f 5014 5031 5032
f 2548 4743 2587
f 4733 4744 4743
f 4732 4745 4744
f 4731 4746 4745
f 4730 4747 4746
f 4729 4748 4747
f 4728 4749 4748
f 4727 4750 4749
f 4726 4751 4750
f 2470 4716 2509
f 4706 4717 4716
f 4705 4718 4717
f 4704 4719 4718
f 4703 4720 4719
f 4702 4721 4720
f 4701 4722 4721
f 4700 4723 4722
f 4699 4724 4723
f 15 5030 16
f 5012 5029 5030
f 5011 5028 5029
f 5010 5027 5028
f 5009 5026 5027
f 5008 5025 5026
f 5007 5024 5025
f 5006 5023 5024
f 5005 5022 5023
f 41 5021 42
f 5003 5020 5021
f 5002 5019 5020
f 5001 5018 5019
f 5000 5017 5018
f 4999 5016 5017
f 4998 5015 5016
f 4997 5014 5015
f 4996 5013 5014
f 2392 4347 2431
f 4364 4348 4347
f 4363 4349 4348
f 4362 4350 4349
f 4361 4351 4350
f 4360 4352 4351
f 4359 4353 4352
f 4358 4354 4353
f 4357 4355 4354
f 14 5012 15
f 4994 5011 5012
f 4993 5010 5011
f 4992 5009 5010
f 4991 5008 5009
f 4990 5007 5008
f 4989 5006 5007
f 4988 5005 5006
f 4987 5004 5005
f 2314 4365 2353
f 4391 4366 4365
f 4390 4367 4366
f 4389 4368 4367
f 4388 4369 4368
f 4387 4370 4369
f 4386 4371 4370
f 4385 4372 4371
f 4384 4373 4372
f 40 5003 41
f 4985 5002 5003
f 4984 5001 5002
f 4983 5000 5001
f 4982 4999 5000
f 4981 4998 4999
f 4980 4997 4998
f 4979 4996 4997
f 4978 4995 4996
f 2236 4392 2275
f 4409 4393 4392
f 4408 4394 4393
f 4407 4395 4394
f 4406 4396 4395
f 4405 4397 4396
f 4404 4398 4397
f 4403 4399 4398
f 4402 4400 4399
f 13 4994 14
f 4976 4993 4994
f 4975 4992 4993
f 4974 4991 4992
f 4973 4990 4991
f 4972 4989 4990
f 4971 4988 4989
f 4970 4987 4988
f 4969 4986 4987
f 39 4985 40
f 4967 4984 4985
f 4966 4983 4984
f 4965 4982 4983
f 4964 4981 4982
f 4963 4980 4981
f 4962 4979 4980
f 4961 4978 4979
f 4960 4977 4978
f 2158 4410 2197
f 4436 4411 4410
f 4435 4412 4411
f 4434 4413 4412
f 4433 4414 4413
f 4432 4415 4414
f 4431 4416 4415
f 4430 4417 4416
f 4429 4418 4417
f 2080 4437 2119
f 4481 4438 4437
f 4480 4439 4438
f 4479 4440 4439
f 4478 4441 4440
f 4477 4442 4441
f 4476 4443 4442
f 4475 4444 4443
f 4474 4445 4444
f 12 4976 13
f 4958 4975 4976
f 4957 4974 4975
f 4956 4973 4974
f 4955 4972 4973
f 4954 4971 4972
f 4953 4970 4971
f 4952 4969 4970
f 4951 4968 4969
f 38 4967 39
f 4949 4966 4967
f 4948 4965 4966
f 4947 4964 4965
f 4946 4963 4964
f 4945 4962 4963
f 4944 4961 4962
f 4943 4960 4961
f 4942 4959 4960
f 11 4958 12
f 4940 4957 4958
f 4939 4956 4957
f 4938 4955 4956
f 4937 4954 4955
f 4936 4953 4954
f 4935 4952 4953
f 4934 4951 4952
f 4933 4950 4951
f 37 4949 38
f 4931 4948 4949
f 4930 4947 4948
f 4929 4946 4947
f 4928 4945 4946
f 4927 4944 4945
f 4926 4943 4944
f 4925 4942 4943
f 4924 4941 4942
f 48 4545 1885
f 4607 4546 4545
f 4606 4547 4546
f 4605 4548 4547
f 4604 4549 4548
f 4603 4550 4549
f 4602 4551 4550
f 4601 4552 4551
f 4600 4553 4552
f 10 4940 11
f 4922 4939 4940
f 4921 4938 4939
f 4920 4937 4938
f 4919 4936 4937
f 4918 4935 4936
f 4917 4934 4935
f 4916 4933 4934
f 4915 4932 4933
f 36 4931 37
f 4913 4930 4931
f 4912 4929 4930
f 4911 4928 4929
f 4910 4927 4928
f 4909 4926 4927
f 4908 4925 4926
f 4907 4924 4925
f 4906 4923 4924
f 2002 4482 2041
f 4499 4483 4482
f 4498 4484 4483
f 4497 4485 4484
f 4496 4486 4485
f 4495 4487 4486
f 4494 4488 4487
f 4493 4489 4488
f 4492 4490 4489
f 3367 4563 3406
f 4526 4564 4563
f 4525 4565 4564
f 4524 4566 4565
f 4523 4567 4566
f 4522 4568 4567
f 4521 4569 4568
f 4520 4570 4569
f 4519 4571 4570
f 9 4922 10
f 4904 4921 4922
f 4903 4920 4921
f 4902 4919 4920
f 4901 4918 4919
f 4900 4917 4918
f 4899 4916 4917
f 4898 4915 4916
f 4897 4914 4915
f 35 4913 36
f 4895 4912 4913
f 4894 4911 4912
f 4893 4910 4911
f 4892 4909 4910
f 4891 4908 4909
f 4890 4907 4908
f 4889 4906 4907
f 4888 4905 4906
f 1924 4500 1963
f 4544 4501 4500
f 4543 4502 4501
f 4542 4503 4502
f 4541 4504 4503
f 4540 4505 4504
f 4539 4506 4505
f 4538 4507 4506
f 4537 4508 4507
f 3289 4527 3328
f 4580 4528 4527
f 4579 4529 4528
f 4578 4530 4529
f 4577 4531 4530
f 4576 4532 4531
f 4575 4533 4532
f 4574 4534 4533
f 4573 4535 4534
f 7 4904 9
f 4769 4903 4904
f 4768 4902 4903
f 4767 4901 4902
f 4766 4900 4901
f 4765 4899 4900
f 4764 4898 4899
f 4763 4897 4898
f 4762 4896 4897
f 3211 4581 3250
f 4616 4582 4581
f 4615 4583 4582
f 4614 4584 4583
f 4613 4585 4584
f 4612 4586 4585
f 4611 4587 4586
f 4610 4588 4587
f 4609 4589 4588
f 34 4895 35
f 4886 4894 4895
f 4885 4893 4894
f 4884 4892 4893
f 4883 4891 4892
f 4882 4890 4891
f 4881 4889 4890
f 4880 4888 4889
f 4879 4887 4888
f 3016 4688 3055
f 4689 4687 4688
f 4690 4686 4687
f 4686 4692 4685
f 4685 4693 4684
f 4684 4694 4683
f 4683 4695 4682
f 4682 4696 4681
f 4681 4697 4680
f 46 4670 47
f 4671 4669 4670
f 4672 4668 4669
f 4668 4674 4667
f 4667 4675 4666
f 4666 4676 4665
f 4665 4677 4664
f 4664 4678 4663
f 4663 4679 4662
f 3094 4652 3133
f 4653 4651 4652
f 4654 4650 4651
f 4650 4656 4649
f 4649 4657 4648
f 4648 4658 4647
f 4647 4659 4646
f 4646 4660 4645
f 4645 4661 4644
f 20 4634 21
f 4635 4633 4634
f 4636 4632 4633
f 4632 4638 4631
f 4631 4639 4630
f 4630 4640 4629
f 4629 4641 4628
f 4628 4642 4627
f 4627 4643 4626
f 3172 4616 3211
f 4617 4615 4616
f 4618 4614 4615
f 4614 4620 4613
f 4613 4621 4612
f 4612 4622 4611
f 4611 4623 4610
f 4610 4624 4609
f 4609 4625 4608
f 47 4607 48
f 4670 4606 4607
f 4669 4605 4606
f 4668 4604 4605
f 4667 4603 4604
f 4666 4602 4603
f 4665 4601 4602
f 4664 4600 4601
f 4663 4599 4600
f 21 4598 22
f 4634 4597 4598
f 4633 4596 4597
f 4632 4595 4596
f 4631 4594 4595
f 4630 4593 4594
f 4629 4592 4593
f 4628 4591 4592
f 4627 4590 4591
f 3250 4580 3289
f 4581 4579 4580
f 4582 4578 4579
f 4578 4584 4577
f 4577 4585 4576
f 4576 4586 4575
f 4575 4587 4574
f 4574 4588 4573
f 4573 4589 4572
f 3406 4562 285
f 4563 4561 4562
f 4564 4560 4561
f 4560 4566 4559
f 4559 4567 4558
f 4558 4568 4557
f 4557 4569 4556
f 4556 4570 4555
f 4555 4571 4554
f 1885 4544 1924
f 4545 4543 4544
f 4546 4542 4543
f 4542 4548 4541
f 4541 4549 4540
f 4540 4550 4539
f 4539 4551 4538
f 4538 4552 4537
f 4537 4553 4536
f 3328 4526 3367
f 4527 4525 4526
f 4528 4524 4525
f 4524 4530 4523
f 4523 4531 4522
f 4522 4532 4521
f 4521 4533 4520
f 4520 4534 4519
f 4519 4535 4518
f 22 4517 23
f 4598 4516 4517
f 4597 4515 4516
f 4596 4514 4515
f 4595 4513 4514
f 4594 4512 4513
f 4593 4511 4512
f 4592 4510 4511
f 4591 4509 4510
f 1963 4499 2002
f 4500 4498 4499
f 4501 4497 4498
f 4497 4503 4496
f 4496 4504 4495
f 4495 4505 4494
f 4494 4506 4493
f 4493 4507 4492
f 4492 4508 4491
f 2041 4481 2080
f 4482 4480 4481
f 4483 4479 4480
f 4479 4485 4478
f 4478 4486 4477
f 4477 4487 4476
f 4476 4488 4475
f 4475 4489 4474
f 4474 4490 4473
f 23 4472 24
f 4517 4471 4472
f 4516 4470 4471
f 4515 4469 4470
f 4514 4468 4469
f 4513 4467 4468
f 4512 4466 4467
f 4511 4465 4466
f 4510 4464 4465
f 24 4463 25
f 4472 4462 4463
f 4471 4461 4462
f 4470 4460 4461
f 4469 4459 4460
f 4468 4458 4459
f 4467 4457 4458
f 4466 4456 4457
f 4465 4455 4456
f 25 4454 26
f 4463 4453 4454
f 4462 4452 4453
f 4461 4451 4452
f 4460 4450 4451
f 4459 4449 4450
f 4458 4448 4449
f 4457 4447 4448
f 4456 4446 4447
f 2119 4436 2158
f 4437 4435 4436
f 4438 4434 4435
f 4434 4440 4433
f 4433 4441 4432
f 4432 4442 4431
f 4431 4443 4430
f 4430 4444 4429
f 4429 4445 4428
f 26 4427 27
f 4454 4426 4427
f 4453 4425 4426
f 4452 4424 4425
f 4451 4423 4424
f 4450 4422 4423
f 4449 4421 4422
f 4448 4420 4421
f 4447 4419 4420
f 2197 4409 2236
f 4410 4408 4409
f 4411 4407 4408
f 4407 4413 4406
f 4406 4414 4405
f 4405 4415 4404
f 4404 4416 4403
f 4403 4417 4402
f 4402 4418 4401
f 2275 4391 2314
f 4392 4390 4391
f 4393 4389 4390
f 4389 4395 4388
f 4388 4396 4387
f 4387 4397 4386
f 4386 4398 4385
f 4385 4399 4384
f 4384 4400 4383
f 27 4382 28
f 4427 4381 4382
f 4426 4380 4381
f 4425 4379 4380
f 4424 4378 4379
f 4423 4377 4378
f 4422 4376 4377
f 4421 4375 4376
f 4420 4374 4375
f 2353 4364 2392
f 4365 4363 4364
f 4366 4362 4363
f 4362 4368 4361
f 4361 4369 4360
f 4360 4370 4359
f 4359 4371 4358
f 4358 4372 4357
f 4357 4373 4356
f 2431 4706 2470
f 4347 4705 4706
f 4348 4704 4705
f 4704 4350 4703
f 4703 4351 4702
f 4702 4352 4701
f 4701 4353 4700
f 4700 4354 4699
f 4699 4355 4698
f 28 4715 29
f 4382 4714 4715
f 4381 4713 4714
f 4380 4712 4713
f 4379 4711 4712
f 4378 4710 4711
f 4377 4709 4710
f 4376 4708 4709
f 4375 4707 4708
f 2509 4733 2548
f 4716 4732 4733
f 4717 4731 4732
f 4731 4719 4730
f 4730 4720 4729
f 4729 4721 4728
f 4728 4722 4727
f 4727 4723 4726
f 4726 4724 4725
f 29 4742 30
f 4715 4741 4742
f 4714 4740 4741
f 4713 4739 4740
f 4712 4738 4739
f 4711 4737 4738
f 4710 4736 4737
f 4709 4735 4736
f 4708 4734 4735
f 2587 4760 2626
f 4743 4759 4760
f 4744 4758 4759
f 4758 4746 4757
f 4757 4747 4756
f 4756 4748 4755
f 4755 4749 4754
f 4754 4750 4753
f 4753 4751 4752
f 285 4769 7
f 4562 4768 4769
f 4561 4767 4768
f 4560 4766 4767
f 4559 4765 4766
f 4558 4764 4765
f 4557 4763 4764
f 4556 4762 4763
f 4555 4761 4762
f 2665 4787 2704
f 4770 4786 4787
f 4771 4785 4786
f 4785 4773 4784
f 4784 4774 4783
f 4783 4775 4782
f 4782 4776 4781
f 4781 4777 4780
f 4780 4778 4779
f 30 4796 31
f 4742 4795 4796
f 4741 4794 4795
f 4740 4793 4794
f 4739 4792 4793
f 4738 4791 4792
f 4737 4790 4791
f 4736 4789 4790
f 4735 4788 4789
f 2743 4814 2782
f 4797 4813 4814
f 4798 4812 4813
f 4812 4800 4811
f 4811 4801 4810
f 4810 4802 4809
f 4809 4803 4808
f 4808 4804 4807
f 4807 4805 4806
f 2821 4832 2860
f 4815 4831 4832
f 4816 4830 4831
f 4830 4818 4829
f 4829 4819 4828
f 4828 4820 4827
f 4827 4821 4826
f 4826 4822 4825
f 4825 4823 4824
f 31 4841 32
f 4796 4840 4841
f 4795 4839 4840
f 4794 4838 4839
f 4793 4837 4838
f 4792 4836 4837
f 4791 4835 4836
f 4790 4834 4835
f 4789 4833 4834
f 2899 4859 2938
f 4842 4858 4859
f 4843 4857 4858
f 4857 4845 4856
f 4856 4846 4855
f 4855 4847 4854
f 4854 4848 4853
f 4853 4849 4852
f 4852 4850 4851
f 32 4868 33
f 4841 4867 4868
f 4840 4866 4867
f 4839 4865 4866
f 4838 4864 4865
f 4837 4863 4864
f 4836 4862 4863
f 4835 4861 4862
f 4834 4860 4861
f 2977 4689 3016
f 4869 4690 4689
f 4870 4691 4690
f 4871 4692 4691
f 4872 4693 4692
f 4873 4694 4693
f 4874 4695 4694
f 4875 4696 4695
f 4876 4697 4696
f 3055 4653 3094
f 4688 4654 4653
f 4687 4655 4654
f 4686 4656 4655
f 4685 4657 4656
f 4684 4658 4657
f 4683 4659 4658
f 4682 4660 4659
f 4681 4661 4660
f 33 4886 34
f 4868 4885 4886
f 4867 4884 4885
f 4866 4883 4884
f 4865 4882 4883
f 4864 4881 4882
f 4863 4880 4881
f 4862 4879 4880
f 4861 4878 4879
f 3133 4617 3172
f 4652 4618 4617
f 4651 4619 4618
f 4650 4620 4619
f 4649 4621 4620
f 4648 4622 4621
f 4647 4623 4622
f 4646 4624 4623
f 4645 4625 4624
f 246 4 3
f 9 88 8
f 324 6 5
f 89 168 2
f 247 5 128
f 208 2 168
f 324 363 129
f 363 402 130
f 402 441 131
f 441 480 132
f 480 519 133
f 519 558 134
f 558 597 135
f 597 636 136
f 636 675 137
f 675 714 138
f 714 753 139
f 753 792 140
f 792 831 141
f 831 870 142
f 870 909 143
f 909 948 144
f 948 987 145
f 1026 146 145
f 1026 1065 147
f 1104 148 147
f 1104 1143 149
f 1182 150 149
f 1221 151 150
f 1221 1260 152
f 1260 1299 153
f 1338 154 153
f 1338 1377 155
f 1377 1416 156
f 1416 1455 157
f 1455 1494 158
f 1494 1533 159
f 1533 1572 160
f 1572 1611 161
f 1611 1650 162
f 1650 1689 163
f 1689 1728 164
f 1767 165 164
f 1806 166 165
f 1806 1845 167
f 1845 1884 168
f 3922 3515 3514
f 1962 90 89
f 1962 2001 91
f 2001 2040 92
f 2040 2079 93
f 2079 2118 94
f 2118 2157 95
f 2157 2196 96
f 2196 2235 97
f 2235 2274 98
f 2274 2313 99
f 2313 2352 100
f 2352 2391 101
f 2391 2430 102
f 2430 2469 103
f 2469 2508 104
f 2508 2547 105
f 2586 106 105
f 2586 2625 107
f 2664 108 107
f 2664 2703 109
f 2742 110 109
f 2781 111 110
f 2781 2820 112
f 2820 2859 113
f 2898 114 113
f 2898 2937 115
f 2937 2976 116
f 2976 3015 117
f 3015 3054 118
f 3054 3093 119
f 3093 3132 120
f 3132 3171 121
f 3171 3210 122
f 3210 3249 123
f 3249 3288 124
f 3327 125 124
f 3366 126 125
f 3366 3405 127
f 3405 3444 128
f 5 6 129
f 128 129 130
f 127 130 131
f 126 131 132
f 125 132 133
f 124 133 134
f 123 134 135
f 122 135 136
f 121 136 137
f 120 137 138
f 119 138 139
f 118 139 140
f 117 140 141
f 116 141 142
f 115 142 143
f 114 143 144
f 113 144 145
f 112 145 146
f 111 146 147
f 110 147 148
f 109 148 149
f 108 149 150
f 107 150 151
f 106 151 152
f 105 152 153
f 104 153 154
f 103 154 155
f 102 155 156
f 101 156 157
f 100 157 158
f 99 158 159
f 98 159 160
f 97 160 161
f 96 161 162
f 95 162 163
f 94 163 164
f 93 164 165
f 92 165 166
f 91 166 167
f 90 167 168
f 3 4 49
f 48 49 50
f 47 50 51
f 46 51 52
f 45 52 53
f 44 53 54
f 43 54 55
f 42 55 56
f 41 56 57
f 40 57 58
f 39 58 59
f 38 59 60
f 37 60 61
f 36 61 62
f 35 62 63
f 34 63 64
f 33 64 65
f 32 65 66
f 31 66 67
f 30 67 68
f 29 68 69
f 28 69 70
f 27 70 71
f 26 71 72
f 25 72 73
f 24 73 74
f 23 74 75
f 22 75 76
f 21 76 77
f 20 77 78
f 19 78 79
f 18 79 80
f 17 80 81
f 16 81 82
f 15 82 83
f 14 83 84
f 13 84 85
f 12 85 86
f 11 86 87
f 10 87 88
f 4644 4339 4340
f 3406 3407 3368
f 3407 3408 3369
f 3408 3409 3370
f 3409 3410 3371
f 3410 3411 3372
f 3411 3412 3373
f 3412 3413 3374
f 3413 3414 3375
f 3414 3415 3376
f 3415 3416 3377
f 3416 3417 3378
f 3417 3418 3379
f 3418 3419 3380
f 3419 3420 3381
f 3420 3421 3382
f 3421 3422 3383
f 3422 3423 3384
f 3423 3424 3385
f 3424 3425 3386
f 3425 3426 3387
f 3426 3427 3388
f 3427 3428 3389
f 3428 3429 3390
f 3429 3430 3391
f 3430 3431 3392
f 3431 3432 3393
f 3432 3433 3394
f 3433 3434 3395
f 3434 3435 3396
f 3435 3436 3397
f 3436 3437 3398
f 3437 3438 3399
f 3438 3439 3400
f 3439 3440 3401
f 3440 3441 3402
f 3441 3442 3403
f 3442 3443 3404
f 3404 3443 3444
f 4860 4291 4292
f 3367 3368 3329
f 3368 3369 3330
f 3369 3370 3331
f 3370 3371 3332
f 3371 3372 3333
f 3372 3373 3334
f 3373 3374 3335
f 3374 3375 3336
f 3375 3376 3337
f 3376 3377 3338
f 3377 3378 3339
f 3378 3379 3340
f 3379 3380 3341
f 3380 3381 3342
f 3381 3382 3343
f 3382 3383 3344
f 3383 3384 3345
f 3384 3385 3346
f 3385 3386 3347
f 3386 3387 3348
f 3387 3388 3349
f 3388 3389 3350
f 3389 3390 3351
f 3390 3391 3352
f 3391 3392 3353
f 3392 3393 3354
f 3393 3394 3355
f 3394 3395 3356
f 3395 3396 3357
f 3396 3397 3358
f 3397 3398 3359
f 3398 3399 3360
f 3399 3400 3361
f 3400 3401 3362
f 3401 3402 3363
f 3402 3403 3364
f 3403 3404 3365
f 3365 3404 3405
f 4680 4337 4338
f 3328 3329 3290
f 3329 3330 3291
f 3330 3331 3292
f 3331 3332 3293
f 3332 3333 3294
f 3333 3334 3295
f 3334 3335 3296
f 3335 3336 3297
f 3336 3337 3298
f 3337 3338 3299
f 3338 3339 3300
f 3339 3340 3301
f 3340 3341 3302
f 3341 3342 3303
f 3342 3343 3304
f 3343 3344 3305
f 3344 3345 3306
f 3345 3346 3307
f 3346 3347 3308
f 3347 3348 3309
f 3348 3349 3310
f 3349 3350 3311
f 3350 3351 3312
f 3351 3352 3313
f 3352 3353 3314
f 3353 3354 3315
f 3354 3355 3316
f 3355 3356 3317
f 3356 3357 3318
f 3357 3358 3319
f 3358 3359 3320
f 3359 3360 3321
f 3360 3361 3322
f 3361 3362 3323
f 3362 3363 3324
f 3363 3364 3325
f 3325 3364 3365
f 3326 3365 3366
f 4877 4335 4336
f 3289 3290 3251
f 3290 3291 3252
f 3291 3292 3253
f 3292 3293 3254
f 3293 3294 3255
f 3294 3295 3256
f 3295 3296 3257
f 3296 3297 3258
f 3297 3298 3259
f 3298 3299 3260
f 3299 3300 3261
f 3300 3301 3262
f 3301 3302 3263
f 3302 3303 3264
f 3303 3304 3265
f 3304 3305 3266
f 3305 3306 3267
f 3306 3307 3268
f 3307 3308 3269
f 3308 3309 3270
f 3309 3310 3271
f 3310 3311 3272
f 3311 3312 3273
f 3312 3313 3274
f 3313 3314 3275
f 3314 3315 3276
f 3315 3316 3277
f 3316 3317 3278
f 3317 3318 3279
f 3318 3319 3280
f 3319 3320 3281
f 3320 3321 3282
f 3321 3322 3283
f 3283 3322 3323
f 3323 3324 3285
f 3324 3325 3286
f 3286 3325 3326
f 3287 3326 3327
f 4833 4290 4291
f 3250 3251 3212
f 3251 3252 3213
f 3252 3253 3214
f 3253 3254 3215
f 3254 3255 3216
f 3255 3256 3217
f 3256 3257 3218
f 3257 3258 3219
f 3258 3259 3220
f 3259 3260 3221
f 3260 3261 3222
f 3261 3262 3223
f 3262 3263 3224
f 3263 3264 3225
f 3264 3265 3226
f 3265 3266 3227
f 3266 3267 3228
f 3267 3268 3229
f 3268 3269 3230
f 3269 3270 3231
f 3270 3271 3232
f 3271 3272 3233
f 3272 3273 3234
f 3273 3274 3235
f 3274 3275 3236
f 3275 3276 3237
f 3276 3277 3238
f 3277 3278 3239
f 3278 3279 3240
f 3279 3280 3241
f 3280 3281 3242
f 3281 3282 3243
f 3282 3283 3244
f 3244 3283 3284
f 3245 3284 3285
f 3246 3285 3286
f 3247 3286 3287
f 3248 3287 3288
f 4850 4333 4334
f 3211 3212 3173
f 3212 3213 3174
f 3213 3214 3175
f 3214 3215 3176
f 3215 3216 3177
f 3216 3217 3178
f 3217 3218 3179
f 3218 3219 3180
f 3219 3220 3181
f 3220 3221 3182
f 3221 3222 3183
f 3222 3223 3184
f 3223 3224 3185
f 3224 3225 3186
f 3225 3226 3187
f 3226 3227 3188
f 3227 3228 3189
f 3228 3229 3190
f 3229 3230 3191
f 3230 3231 3192
f 3231 3232 3193
f 3232 3233 3194
f 3233 3234 3195
f 3234 3235 3196
f 3235 3236 3197
f 3236 3237 3198
f 3237 3238 3199
f 3238 3239 3200
f 3239 3240 3201
f 3240 3241 3202
f 3241 3242 3203
f 3242 3243 3204
f 3243 3244 3205
f 3205 3244 3245
f 3206 3245 3246
f 3207 3246 3247
f 3208 3247 3248
f 3209 3248 3249
f 4788 4289 4290
f 3172 3173 3134
f 3173 3174 3135
f 3174 3175 3136
f 3175 3176 3137
f 3176 3177 3138
f 3177 3178 3139
f 3178 3179 3140
f 3179 3180 3141
f 3180 3181 3142
f 3181 3182 3143
f 3182 3183 3144
f 3183 3184 3145
f 3184 3185 3146
f 3185 3186 3147
f 3186 3187 3148
f 3187 3188 3149
f 3188 3189 3150
f 3189 3190 3151
f 3190 3191 3152
f 3191 3192 3153
f 3192 3193 3154
f 3193 3194 3155
f 3194 3195 3156
f 3195 3196 3157
f 3196 3197 3158
f 3197 3198 3159
f 3198 3199 3160
f 3199 3200 3161
f 3200 3201 3162
f 3201 3202 3163
f 3202 3203 3164
f 3203 3204 3165
f 3204 3205 3166
f 3166 3205 3206
f 3167 3206 3207
f 3168 3207 3208
f 3169 3208 3209
f 3170 3209 3210
f 4823 4331 4332
f 3133 3134 3095
f 3134 3135 3096
f 3135 3136 3097
f 3136 3137 3098
f 3137 3138 3099
f 3138 3139 3100
f 3139 3140 3101
f 3140 3141 3102
f 3141 3142 3103
f 3142 3143 3104
f 3143 3144 3105
f 3144 3145 3106
f 3145 3146 3107
f 3146 3147 3108
f 3147 3148 3109
f 3148 3149 3110
f 3149 3150 3111
f 3150 3151 3112
f 3151 3152 3113
f 3152 3153 3114
f 3153 3154 3115
f 3154 3155 3116
f 3155 3156 3117
f 3156 3157 3118
f 3157 3158 3119
f 3158 3159 3120
f 3159 3160 3121
f 3160 3161 3122
f 3161 3162 3123
f 3162 3163 3124
f 3163 3164 3125
f 3164 3165 3126
f 3165 3166 3127
f 3127 3166 3167
f 3128 3167 3168
f 3129 3168 3169
f 3130 3169 3170
f 3131 3170 3171
f 4805 4329 4330
f 3094 3095 3056
f 3095 3096 3057
f 3096 3097 3058
f 3097 3098 3059
f 3098 3099 3060
f 3099 3100 3061
f 3100 3101 3062
f 3101 3102 3063
f 3102 3103 3064
f 3103 3104 3065
f 3104 3105 3066
f 3105 3106 3067
f 3106 3107 3068
f 3107 3108 3069
f 3108 3109 3070
f 3109 3110 3071
f 3110 3111 3072
f 3111 3112 3073
f 3112 3113 3074
f 3113 3114 3075
f 3114 3115 3076
f 3115 3116 3077
f 3116 3117 3078
f 3117 3118 3079
f 3118 3119 3080
f 3119 3120 3081
f 3120 3121 3082
f 3121 3122 3083
f 3122 3123 3084
f 3123 3124 3085
f 3124 3125 3086
f 3125 3126 3087
f 3126 3127 3088
f 3088 3127 3128
f 3089 3128 3129
f 3090 3129 3130
f 3091 3130 3131
f 3092 3131 3132
f 4734 4288 4289
f 3055 3056 3017
f 3056 3057 3018
f 3057 3058 3019
f 3058 3059 3020
f 3059 3060 3021
f 3060 3061 3022
f 3061 3062 3023
f 3062 3063 3024
f 3063 3064 3025
f 3064 3065 3026
f 3065 3066 3027
f 3066 3067 3028
f 3067 3068 3029
f 3068 3069 3030
f 3069 3070 3031
f 3070 3071 3032
f 3071 3072 3033
f 3072 3073 3034
f 3073 3074 3035
f 3074 3075 3036
f 3075 3076 3037
f 3076 3077 3038
f 3077 3078 3039
f 3078 3079 3040
f 3079 3080 3041
f 3080 3081 3042
f 3081 3082 3043
f 3082 3083 3044
f 3083 3084 3045
f 3045 3084 3085
f 3085 3086 3047
f 3086 3087 3048
f 3087 3088 3049
f 3049 3088 3089
f 3050 3089 3090
f 3051 3090 3091
f 3052 3091 3092
f 3053 3092 3093
f 4778 4327 4328
f 3016 3017 2978
f 3017 3018 2979
f 3018 3019 2980
f 3019 3020 2981
f 3020 3021 2982
f 3021 3022 2983
f 3022 3023 2984
f 3023 3024 2985
f 3024 3025 2986
f 3025 3026 2987
f 3026 3027 2988
f 3027 3028 2989
f 3028 3029 2990
f 3029 3030 2991
f 3030 3031 2992
f 3031 3032 2993
f 3032 3033 2994
f 3033 3034 2995
f 3034 3035 2996
f 3035 3036 2997
f 3036 3037 2998
f 3037 3038 2999
f 3038 3039 3000
f 3039 3040 3001
f 3040 3041 3002
f 3041 3042 3003
f 3042 3043 3004
f 3043 3044 3005
f 3044 3045 3006
f 3006 3045 3046
f 3007 3046 3047
f 3008 3047 3048
f 3009 3048 3049
f 3010 3049 3050
f 3011 3050 3051
f 3012 3051 3052
f 3013 3052 3053
f 3014 3053 3054
f 4554 4265 4266
f 2977 2978 2939
f 2978 2979 2940
f 2979 2980 2941
f 2980 2981 2942
f 2981 2982 2943
f 2982 2983 2944
f 2983 2984 2945
f 2984 2985 2946
f 2985 2986 2947
f 2986 2987 2948
f 2987 2988 2949
f 2988 2989 2950
f 2989 2990 2951
f 2990 2991 2952
f 2991 2992 2953
f 2992 2993 2954
f 2993 2994 2955
f 2994 2995 2956
f 2995 2996 2957
f 2996 2997 2958
f 2997 2998 2959
f 2998 2999 2960
f 2999 3000 2961
f 3000 3001 2962
f 3001 3002 2963
f 3002 3003 2964
f 3003 3004 2965
f 3004 3005 2966
f 3005 3006 2967
f 2967 3006 3007
f 2968 3007 3008
f 2969 3008 3009
f 2970 3009 3010
f 2971 3010 3011
f 2972 3011 3012
f 2973 3012 3013
f 2974 3013 3014
f 2975 3014 3015
f 4751 4325 4326
f 2938 2939 2900
f 2939 2940 2901
f 2940 2941 2902
f 2941 2942 2903
f 2942 2943 2904
f 2943 2944 2905
f 2944 2945 2906
f 2945 2946 2907
f 2946 2947 2908
f 2947 2948 2909
f 2948 2949 2910
f 2949 2950 2911
f 2950 2951 2912
f 2951 2952 2913
f 2952 2953 2914
f 2953 2954 2915
f 2954 2955 2916
f 2955 2956 2917
f 2956 2957 2918
f 2957 2958 2919
f 2958 2959 2920
f 2959 2960 2921
f 2960 2961 2922
f 2961 2962 2923
f 2962 2963 2924
f 2963 2964 2925
f 2964 2965 2926
f 2965 2966 2927
f 2966 2967 2928
f 2928 2967 2968
f 2929 2968 2969
f 2930 2969 2970
f 2931 2970 2971
f 2932 2971 2972
f 2933 2972 2973
f 2934 2973 2974
f 2935 2974 2975
f 2936 2975 2976
f 4707 4287 4288
f 2899 2900 2861
f 2900 2901 2862
f 2901 2902 2863
f 2902 2903 2864
f 2903 2904 2865
f 2904 2905 2866
f 2905 2906 2867
f 2906 2907 2868
f 2907 2908 2869
f 2908 2909 2870
f 2909 2910 2871
f 2910 2911 2872
f 2911 2912 2873
f 2912 2913 2874
f 2913 2914 2875
f 2914 2915 2876
f 2915 2916 2877
f 2916 2917 2878
f 2917 2918 2879
f 2918 2919 2880
f 2919 2920 2881
f 2920 2921 2882
f 2921 2922 2883
f 2922 2923 2884
f 2923 2924 2885
f 2924 2925 2886
f 2925 2926 2887
f 2926 2927 2888
f 2927 2928 2889
f 2889 2928 2929
f 2890 2929 2930
f 2891 2930 2931
f 2892 2931 2932
f 2893 2932 2933
f 2894 2933 2934
f 2895 2934 2935
f 2896 2935 2936
f 2897 2936 2937
f 4724 4323 4324
f 2860 2861 2822
f 2861 2862 2823
f 2862 2863 2824
f 2863 2864 2825
f 2864 2865 2826
f 2865 2866 2827
f 2866 2867 2828
f 2867 2868 2829
f 2868 2869 2830
f 2869 2870 2831
f 2870 2871 2832
f 2871 2872 2833
f 2872 2873 2834
f 2873 2874 2835
f 2874 2875 2836
f 2875 2876 2837
f 2876 2877 2838
f 2838 2877 2878
f 2878 2879 2840
f 2879 2880 2841
f 2841 2880 2881
f 2842 2881 2882
f 2882 2883 2844
f 2883 2884 2845
f 2845 2884 2885
f 2846 2885 2886
f 2886 2887 2848
f 2887 2888 2849
f 2888 2889 2850
f 2850 2889 2890
f 2890 2891 2852
f 2891 2892 2853
f 2853 2892 2893
f 2854 2893 2894
f 2894 2895 2856
f 2895 2896 2857
f 2857 2896 2897
f 2858 2897 2898
f 4374 4286 4287
f 2821 2822 2783
f 2822 2823 2784
f 2823 2824 2785
f 2824 2825 2786
f 2825 2826 2787
f 2826 2827 2788
f 2827 2828 2789
f 2828 2829 2790
f 2829 2830 2791
f 2830 2831 2792
f 2831 2832 2793
f 2832 2833 2794
f 2833 2834 2795
f 2834 2835 2796
f 2835 2836 2797
f 2836 2837 2798
f 2837 2838 2799
f 2799 2838 2839
f 2800 2839 2840
f 2801 2840 2841
f 2802 2841 2842
f 2803 2842 2843
f 2804 2843 2844
f 2805 2844 2845
f 2806 2845 2846
f 2807 2846 2847
f 2808 2847 2848
f 2809 2848 2849
f 2810 2849 2850
f 2811 2850 2851
f 2812 2851 2852
f 2813 2852 2853
f 2814 2853 2854
f 2854 2855 2816
f 2816 2855 2856
f 2817 2856 2857
f 2857 2858 2819
f 2858 2859 2820
f 4355 4321 4322
f 2782 2783 2744
f 2744 2783 2784
f 2784 2785 2746
f 2785 2786 2747
f 2786 2787 2748
f 2787 2788 2749
f 2788 2789 2750
f 2789 2790 2751
f 2790 2791 2752
f 2791 2792 2753
f 2792 2793 2754
f 2793 2794 2755
f 2794 2795 2756
f 2795 2796 2757
f 2796 2797 2758
f 2797 2798 2759
f 2759 2798 2799
f 2799 2800 2761
f 2800 2801 2762
f 2762 2801 2802
f 2802 2803 2764
f 2764 2803 2804
f 2765 2804 2805
f 2766 2805 2806
f 2806 2807 2768
f 2768 2807 2808
f 2769 2808 2809
f 2770 2809 2810
f 2810 2811 2772
f 2772 2811 2812
f 2773 2812 2813
f 2774 2813 2814
f 2814 2815 2776
f 2815 2816 2777
f 2777 2816 2817
f 2778 2817 2818
f 2779 2818 2819
f 2819 2820 2781
f 4373 4319 4320
f 2743 2744 2705
f 2744 2745 2706
f 2745 2746 2707
f 2746 2747 2708
f 2747 2748 2709
f 2748 2749 2710
f 2749 2750 2711
f 2750 2751 2712
f 2712 2751 2752
f 2752 2753 2714
f 2753 2754 2715
f 2754 2755 2716
f 2716 2755 2756
f 2717 2756 2757
f 2757 2758 2719
f 2758 2759 2720
f 2720 2759 2760
f 2721 2760 2761
f 2761 2762 2723
f 2762 2763 2724
f 2724 2763 2764
f 2725 2764 2765
f 2765 2766 2727
f 2766 2767 2728
f 2728 2767 2768
f 2729 2768 2769
f 2769 2770 2731
f 2770 2771 2732
f 2732 2771 2772
f 2733 2772 2773
f 2773 2774 2735
f 2774 2775 2736
f 2736 2775 2776
f 2776 2777 2738
f 2777 2778 2739
f 2778 2779 2740
f 2779 2780 2741
f 2780 2781 2742
f 4419 4285 4286
f 2665 2704 2705
f 2666 2705 2706
f 2667 2706 2707
f 2707 2708 2669
f 2669 2708 2709
f 2709 2710 2671
f 2671 2710 2711
f 2711 2712 2673
f 2712 2713 2674
f 2713 2714 2675
f 2675 2714 2715
f 2715 2716 2677
f 2716 2717 2678
f 2678 2717 2718
f 2679 2718 2719
f 2719 2720 2681
f 2720 2721 2682
f 2682 2721 2722
f 2683 2722 2723
f 2723 2724 2685
f 2724 2725 2686
f 2686 2725 2726
f 2687 2726 2727
f 2727 2728 2689
f 2728 2729 2690
f 2690 2729 2730
f 2691 2730 2731
f 2731 2732 2693
f 2732 2733 2694
f 2694 2733 2734
f 2695 2734 2735
f 2735 2736 2697
f 2736 2737 2698
f 2698 2737 2738
f 2699 2738 2739
f 2700 2739 2740
f 2701 2740 2741
f 2741 2742 2703
f 4400 4317 4318
f 2626 2665 2666
f 2627 2666 2667
f 2628 2667 2668
f 2629 2668 2669
f 2630 2669 2670
f 2670 2671 2632
f 2632 2671 2672
f 2633 2672 2673
f 2634 2673 2674
f 2674 2675 2636
f 2675 2676 2637
f 2637 2676 2677
f 2638 2677 2678
f 2639 2678 2679
f 2640 2679 2680
f 2641 2680 2681
f 2642 2681 2682
f 2643 2682 2683
f 2644 2683 2684
f 2645 2684 2685
f 2646 2685 2686
f 2686 2687 2648
f 2648 2687 2688
f 2649 2688 2689
f 2650 2689 2690
f 2651 2690 2691
f 2652 2691 2692
f 2653 2692 2693
f 2654 2693 2694
f 2655 2694 2695
f 2656 2695 2696
f 2657 2696 2697
f 2697 2698 2659
f 2698 2699 2660
f 2660 2699 2700
f 2661 2700 2701
f 2701 2702 2663
f 2702 2703 2664
f 4418 4315 4316
f 2626 2627 2588
f 2627 2628 2589
f 2628 2629 2590
f 2629 2630 2591
f 2630 2631 2592
f 2631 2632 2593
f 2632 2633 2594
f 2633 2634 2595
f 2634 2635 2596
f 2635 2636 2597
f 2636 2637 2598
f 2637 2638 2599
f 2638 2639 2600
f 2600 2639 2640
f 2640 2641 2602
f 2641 2642 2603
f 2642 2643 2604
f 2604 2643 2644
f 2644 2645 2606
f 2645 2646 2607
f 2646 2647 2608
f 2608 2647 2648
f 2648 2649 2610
f 2649 2650 2611
f 2650 2651 2612
f 2612 2651 2652
f 2652 2653 2614
f 2653 2654 2615
f 2654 2655 2616
f 2616 2655 2656
f 2656 2657 2618
f 2657 2658 2619
f 2658 2659 2620
f 2620 2659 2660
f 2621 2660 2661
f 2661 2662 2623
f 2623 2662 2663
f 2624 2663 2664
f 4446 4284 4285
f 2548 2587 2588
f 2588 2589 2550
f 2589 2590 2551
f 2590 2591 2552
f 2591 2592 2553
f 2592 2593 2554
f 2554 2593 2594
f 2594 2595 2556
f 2595 2596 2557
f 2596 2597 2558
f 2597 2598 2559
f 2598 2599 2560
f 2599 2600 2561
f 2561 2600 2601
f 2562 2601 2602
f 2602 2603 2564
f 2603 2604 2565
f 2565 2604 2605
f 2566 2605 2606
f 2606 2607 2568
f 2607 2608 2569
f 2569 2608 2609
f 2570 2609 2610
f 2610 2611 2572
f 2611 2612 2573
f 2573 2612 2613
f 2574 2613 2614
f 2614 2615 2576
f 2615 2616 2577
f 2577 2616 2617
f 2578 2617 2618
f 2618 2619 2580
f 2619 2620 2581
f 2581 2620 2621
f 2582 2621 2622
f 2622 2623 2584
f 2623 2624 2585
f 2585 2624 2625
f 4445 4313 4314
f 2509 2548 2549
f 2549 2550 2511
f 2550 2551 2512
f 2512 2551 2552
f 2552 2553 2514
f 2553 2554 2515
f 2554 2555 2516
f 2516 2555 2556
f 2556 2557 2518
f 2557 2558 2519
f 2558 2559 2520
f 2559 2560 2521
f 2560 2561 2522
f 2561 2562 2523
f 2523 2562 2563
f 2563 2564 2525
f 2564 2565 2526
f 2526 2565 2566
f 2527 2566 2567
f 2567 2568 2529
f 2529 2568 2569
f 2530 2569 2570
f 2570 2571 2532
f 2571 2572 2533
f 2572 2573 2534
f 2573 2574 2535
f 2574 2575 2536
f 2536 2575 2576
f 2576 2577 2538
f 2577 2578 2539
f 2578 2579 2540
f 2540 2579 2580
f 2580 2581 2542
f 2581 2582 2543
f 2582 2583 2544
f 2544 2583 2584
f 2584 2585 2546
f 2585 2586 2547
f 4455 4283 4284
f 2509 2510 2471
f 2510 2511 2472
f 2511 2512 2473
f 2512 2513 2474
f 2513 2514 2475
f 2514 2515 2476
f 2515 2516 2477
f 2516 2517 2478
f 2517 2518 2479
f 2518 2519 2480
f 2519 2520 2481
f 2520 2521 2482
f 2521 2522 2483
f 2522 2523 2484
f 2523 2524 2485
f 2524 2525 2486
f 2525 2526 2487
f 2487 2526 2527
f 2488 2527 2528
f 2489 2528 2529
f 2490 2529 2530
f 2491 2530 2531
f 2492 2531 2532
f 2493 2532 2533
f 2494 2533 2534
f 2495 2534 2535
f 2496 2535 2536
f 2497 2536 2537
f 2498 2537 2538
f 2499 2538 2539
f 2500 2539 2540
f 2501 2540 2541
f 2502 2541 2542
f 2542 2543 2504
f 2504 2543 2544
f 2505 2544 2545
f 2545 2546 2507
f 2546 2547 2508
f 4464 4282 4283
f 2470 2471 2432
f 2471 2472 2433
f 2472 2473 2434
f 2473 2474 2435
f 2474 2475 2436
f 2475 2476 2437
f 2476 2477 2438
f 2477 2478 2439
f 2478 2479 2440
f 2479 2480 2441
f 2480 2481 2442
f 2481 2482 2443
f 2482 2483 2444
f 2483 2484 2445
f 2484 2485 2446
f 2485 2486 2447
f 2486 2487 2448
f 2487 2488 2449
f 2449 2488 2489
f 2450 2489 2490
f 2490 2491 2452
f 2491 2492 2453
f 2492 2493 2454
f 2493 2494 2455
f 2494 2495 2456
f 2495 2496 2457
f 2496 2497 2458
f 2458 2497 2498
f 2498 2499 2460
f 2499 2500 2461
f 2461 2500 2501
f 2462 2501 2502
f 2502 2503 2464
f 2503 2504 2465
f 2465 2504 2505
f 2466 2505 2506
f 2506 2507 2468
f 2507 2508 2469
f 4509 4281 4282
f 2431 2432 2393
f 2432 2433 2394
f 2433 2434 2395
f 2434 2435 2396
f 2435 2436 2397
f 2436 2437 2398
f 2437 2438 2399
f 2438 2439 2400
f 2439 2440 2401
f 2440 2441 2402
f 2441 2442 2403
f 2442 2443 2404
f 2443 2444 2405
f 2444 2445 2406
f 2445 2446 2407
f 2446 2447 2408
f 2447 2448 2409
f 2448 2449 2410
f 2449 2450 2411
f 2450 2451 2412
f 2451 2452 2413
f 2452 2453 2414
f 2453 2454 2415
f 2454 2455 2416
f 2455 2456 2417
f 2456 2457 2418
f 2457 2458 2419
f 2458 2459 2420
f 2459 2460 2421
f 2421 2460 2461
f 2422 2461 2462
f 2423 2462 2463
f 2424 2463 2464
f 2425 2464 2465
f 2426 2465 2466
f 2427 2466 2467
f 2428 2467 2468
f 2429 2468 2469
f 4490 4311 4312
f 2392 2393 2354
f 2393 2394 2355
f 2394 2395 2356
f 2395 2396 2357
f 2396 2397 2358
f 2397 2398 2359
f 2398 2399 2360
f 2399 2400 2361
f 2400 2401 2362
f 2401 2402 2363
f 2402 2403 2364
f 2403 2404 2365
f 2404 2405 2366
f 2405 2406 2367
f 2406 2407 2368
f 2407 2408 2369
f 2408 2409 2370
f 2409 2410 2371
f 2410 2411 2372
f 2411 2412 2373
f 2412 2413 2374
f 2413 2414 2375
f 2414 2415 2376
f 2415 2416 2377
f 2416 2417 2378
f 2417 2418 2379
f 2418 2419 2380
f 2419 2420 2381
f 2420 2421 2382
f 2382 2421 2422
f 2383 2422 2423
f 2384 2423 2424
f 2385 2424 2425
f 2386 2425 2426
f 2387 2426 2427
f 2388 2427 2428
f 2389 2428 2429
f 2390 2429 2430
f 4508 4309 4310
f 2353 2354 2315
f 2354 2355 2316
f 2355 2356 2317
f 2356 2357 2318
f 2357 2358 2319
f 2358 2359 2320
f 2359 2360 2321
f 2360 2361 2322
f 2361 2362 2323
f 2362 2363 2324
f 2363 2364 2325
f 2364 2365 2326
f 2365 2366 2327
f 2366 2367 2328
f 2367 2368 2329
f 2368 2369 2330
f 2369 2370 2331
f 2370 2371 2332
f 2371 2372 2333
f 2372 2373 2334
f 2373 2374 2335
f 2374 2375 2336
f 2375 2376 2337
f 2376 2377 2338
f 2377 2378 2339
f 2378 2379 2340
f 2379 2380 2341
f 2380 2381 2342
f 2381 2382 2343
f 2343 2382 2383
f 2344 2383 2384
f 2345 2384 2385
f 2346 2385 2386
f 2347 2386 2387
f 2348 2387 2388
f 2349 2388 2389
f 2350 2389 2390
f 2351 2390 2391
f 4590 4280 4281
f 2314 2315 2276
f 2315 2316 2277
f 2316 2317 2278
f 2317 2318 2279
f 2318 2319 2280
f 2319 2320 2281
f 2320 2321 2282
f 2321 2322 2283
f 2322 2323 2284
f 2323 2324 2285
f 2324 2325 2286
f 2325 2326 2287
f 2326 2327 2288
f 2327 2328 2289
f 2328 2329 2290
f 2329 2330 2291
f 2330 2331 2292
f 2331 2332 2293
f 2332 2333 2294
f 2333 2334 2295
f 2334 2335 2296
f 2335 2336 2297
f 2336 2337 2298
f 2337 2338 2299
f 2338 2339 2300
f 2339 2340 2301
f 2340 2341 2302
f 2341 2342 2303
f 2342 2343 2304
f 2304 2343 2344
f 2305 2344 2345
f 2306 2345 2346
f 2307 2346 2347
f 2308 2347 2348
f 2309 2348 2349
f 2310 2349 2350
f 2311 2350 2351
f 2312 2351 2352
f 4535 4344 4345
f 2275 2276 2237
f 2276 2277 2238
f 2277 2278 2239
f 2278 2279 2240
f 2279 2280 2241
f 2280 2281 2242
f 2281 2282 2243
f 2282 2283 2244
f 2283 2284 2245
f 2284 2285 2246
f 2285 2286 2247
f 2286 2287 2248
f 2287 2288 2249
f 2288 2289 2250
f 2289 2290 2251
f 2290 2291 2252
f 2291 2292 2253
f 2292 2293 2254
f 2293 2294 2255
f 2294 2295 2256
f 2295 2296 2257
f 2296 2297 2258
f 2297 2298 2259
f 2298 2299 2260
f 2299 2300 2261
f 2300 2301 2262
f 2301 2302 2263
f 2302 2303 2264
f 2303 2304 2265
f 2304 2305 2266
f 2266 2305 2306
f 2267 2306 2307
f 2307 2308 2269
f 2269 2308 2309
f 2270 2309 2310
f 2271 2310 2311
f 2272 2311 2312
f 2273 2312 2313
f 4553 4307 4308
f 2236 2237 2198
f 2237 2238 2199
f 2238 2239 2200
f 2239 2240 2201
f 2240 2241 2202
f 2241 2242 2203
f 2242 2243 2204
f 2243 2244 2205
f 2244 2245 2206
f 2245 2246 2207
f 2246 2247 2208
f 2247 2248 2209
f 2248 2249 2210
f 2249 2250 2211
f 2250 2251 2212
f 2251 2252 2213
f 2252 2253 2214
f 2253 2254 2215
f 2254 2255 2216
f 2255 2256 2217
f 2256 2257 2218
f 2257 2258 2219
f 2258 2259 2220
f 2259 2260 2221
f 2260 2261 2222
f 2261 2262 2223
f 2262 2263 2224
f 2263 2264 2225
f 2264 2265 2226
f 2265 2266 2227
f 2266 2267 2228
f 2267 2268 2229
f 2268 2269 2230
f 2230 2269 2270
f 2231 2270 2271
f 2232 2271 2272
f 2233 2272 2273
f 2234 2273 2274
f 4571 4346 4265
f 2197 2198 2159
f 2198 2199 2160
f 2199 2200 2161
f 2200 2201 2162
f 2201 2202 2163
f 2202 2203 2164
f 2203 2204 2165
f 2204 2205 2166
f 2205 2206 2167
f 2206 2207 2168
f 2207 2208 2169
f 2208 2209 2170
f 2209 2210 2171
f 2210 2211 2172
f 2211 2212 2173
f 2212 2213 2174
f 2213 2214 2175
f 2214 2215 2176
f 2215 2216 2177
f 2216 2217 2178
f 2217 2218 2179
f 2218 2219 2180
f 2219 2220 2181
f 2220 2221 2182
f 2221 2222 2183
f 2222 2223 2184
f 2223 2224 2185
f 2224 2225 2186
f 2225 2226 2187
f 2226 2227 2188
f 2227 2228 2189
f 2228 2229 2190
f 2229 2230 2191
f 2191 2230 2231
f 2192 2231 2232
f 2193 2232 2233
f 2194 2233 2234
f 2195 2234 2235
f 4589 4342 4343
f 2158 2159 2120
f 2159 2160 2121
f 2160 2161 2122
f 2161 2162 2123
f 2162 2163 2124
f 2163 2164 2125
f 2164 2165 2126
f 2165 2166 2127
f 2166 2167 2128
f 2167 2168 2129
f 2168 2169 2130
f 2169 2170 2131
f 2170 2171 2132
f 2171 2172 2133
f 2172 2173 2134
f 2173 2174 2135
f 2174 2175 2136
f 2175 2176 2137
f 2176 2177 2138
f 2177 2178 2139
f 2178 2179 2140
f 2179 2180 2141
f 2180 2181 2142
f 2181 2182 2143
f 2182 2183 2144
f 2183 2184 2145
f 2184 2185 2146
f 2185 2186 2147
f 2186 2187 2148
f 2187 2188 2149
f 2188 2189 2150
f 2189 2190 2151
f 2190 2191 2152
f 2152 2191 2192
f 2153 2192 2193
f 2154 2193 2194
f 2155 2194 2195
f 2156 2195 2196
f 4626 4279 4280
f 2119 2120 2081
f 2120 2121 2082
f 2121 2122 2083
f 2122 2123 2084
f 2123 2124 2085
f 2124 2125 2086
f 2125 2126 2087
f 2126 2127 2088
f 2127 2128 2089
f 2128 2129 2090
f 2129 2130 2091
f 2130 2131 2092
f 2131 2132 2093
f 2132 2133 2094
f 2133 2134 2095
f 2134 2135 2096
f 2135 2136 2097
f 2136 2137 2098
f 2137 2138 2099
f 2138 2139 2100
f 2139 2140 2101
f 2140 2141 2102
f 2141 2142 2103
f 2142 2143 2104
f 2143 2144 2105
f 2144 2145 2106
f 2145 2146 2107
f 2146 2147 2108
f 2147 2148 2109
f 2148 2149 2110
f 2149 2150 2111
f 2150 2151 2112
f 2151 2152 2113
f 2113 2152 2153
f 2114 2153 2154
f 2115 2154 2155
f 2116 2155 2156
f 2117 2156 2157
f 4662 4305 4306
f 2080 2081 2042
f 2081 2082 2043
f 2082 2083 2044
f 2083 2084 2045
f 2084 2085 2046
f 2085 2086 2047
f 2086 2087 2048
f 2087 2088 2049
f 2088 2089 2050
f 2089 2090 2051
f 2090 2091 2052
f 2091 2092 2053
f 2092 2093 2054
f 2093 2094 2055
f 2094 2095 2056
f 2095 2096 2057
f 2096 2097 2058
f 2097 2098 2059
f 2098 2099 2060
f 2099 2100 2061
f 2100 2101 2062
f 2101 2102 2063
f 2102 2103 2064
f 2103 2104 2065
f 2104 2105 2066
f 2105 2106 2067
f 2106 2107 2068
f 2107 2108 2069
f 2108 2109 2070
f 2109 2110 2071
f 2110 2111 2072
f 2111 2112 2073
f 2112 2113 2074
f 2074 2113 2114
f 2075 2114 2115
f 2076 2115 2116
f 2077 2116 2117
f 2078 2117 2118
f 4625 4340 4341
f 2041 2042 2003
f 2042 2043 2004
f 2043 2044 2005
f 2044 2045 2006
f 2045 2046 2007
f 2046 2047 2008
f 2047 2048 2009
f 2048 2049 2010
f 2049 2050 2011
f 2050 2051 2012
f 2051 2052 2013
f 2052 2053 2014
f 2053 2054 2015
f 2054 2055 2016
f 2055 2056 2017
f 2056 2057 2018
f 2057 2058 2019
f 2058 2059 2020
f 2059 2060 2021
f 2060 2061 2022
f 2061 2062 2023
f 2062 2063 2024
f 2063 2064 2025
f 2064 2065 2026
f 2065 2066 2027
f 2066 2067 2028
f 2067 2068 2029
f 2068 2069 2030
f 2069 2070 2031
f 2070 2071 2032
f 2071 2072 2033
f 2072 2073 2034
f 2073 2074 2035
f 2074 2075 2036
f 2036 2075 2076
f 2037 2076 2077
f 2038 2077 2078
f 2039 2078 2079
f 4643 4278 4279
f 2002 2003 1964
f 2003 2004 1965
f 2004 2005 1966
f 2005 2006 1967
f 2006 2007 1968
f 2007 2008 1969
f 2008 2009 1970
f 2009 2010 1971
f 2010 2011 1972
f 2011 2012 1973
f 2012 2013 1974
f 2013 2014 1975
f 2014 2015 1976
f 2015 2016 1977
f 2016 2017 1978
f 2017 2018 1979
f 2018 2019 1980
f 2019 2020 1981
f 2020 2021 1982
f 2021 2022 1983
f 2022 2023 1984
f 2023 2024 1985
f 2024 2025 1986
f 2025 2026 1987
f 2026 2027 1988
f 2027 2028 1989
f 2028 2029 1990
f 2029 2030 1991
f 2030 2031 1992
f 2031 2032 1993
f 2032 2033 1994
f 2033 2034 1995
f 2034 2035 1996
f 2035 2036 1997
f 2036 2037 1998
f 2037 2038 1999
f 1999 2038 2039
f 2000 2039 2040
f 4661 4338 4339
f 1963 1964 1925
f 1964 1965 1926
f 1965 1966 1927
f 1966 1967 1928
f 1967 1968 1929
f 1968 1969 1930
f 1969 1970 1931
f 1970 1971 1932
f 1971 1972 1933
f 1972 1973 1934
f 1973 1974 1935
f 1974 1975 1936
f 1975 1976 1937
f 1976 1977 1938
f 1977 1978 1939
f 1978 1979 1940
f 1979 1980 1941
f 1980 1981 1942
f 1981 1982 1943
f 1982 1983 1944
f 1983 1984 1945
f 1984 1985 1946
f 1985 1986 1947
f 1986 1987 1948
f 1987 1988 1949
f 1988 1989 1950
f 1989 1990 1951
f 1990 1991 1952
f 1991 1992 1953
f 1992 1993 1954
f 1993 1994 1955
f 1994 1995 1956
f 1995 1996 1957
f 1996 1997 1958
f 1997 1998 1959
f 1998 1999 1960
f 1999 2000 1961
f 1961 2000 2001
f 4679 4304 4305
f 1885 1924 1925
f 1886 1925 1926
f 1887 1926 1927
f 1888 1927 1928
f 1889 1928 1929
f 1890 1929 1930
f 1891 1930 1931
f 1892 1931 1932
f 1893 1932 1933
f 1894 1933 1934
f 1895 1934 1935
f 1896 1935 1936
f 1897 1936 1937
f 1898 1937 1938
f 1938 1939 1900
f 1939 1940 1901
f 1940 1941 1902
f 1941 1942 1903
f 1942 1943 1904
f 1943 1944 1905
f 1944 1945 1906
f 1945 1946 1907
f 1946 1947 1908
f 1947 1948 1909
f 1948 1949 1910
f 1949 1950 1911
f 1950 1951 1912
f 1951 1952 1913
f 1952 1953 1914
f 1953 1954 1915
f 1954 1955 1916
f 1955 1956 1917
f 1956 1957 1918
f 1957 1958 1919
f 1958 1959 1920
f 1959 1960 1921
f 1960 1961 1922
f 1922 1961 1962
f 3878 3460 3461
f 3527 3486 3487
f 3895 3514 3513
f 3563 3459 3460
f 3572 3485 3486
f 3553 3445 3446
f 3562 3513 3512
f 3590 3458 3459
f 3599 3484 3485
f 3589 3512 3511
f 3617 3457 3458
f 3626 3483 3484
f 3616 3511 3510
f 3644 3456 3457
f 3653 3482 3483
f 3643 3510 3509
f 3671 3455 3456
f 3680 3481 3482
f 3670 3509 3508
f 3698 3454 3455
f 3707 3480 3481
f 3697 3508 3507
f 3725 3453 3454
f 3734 3479 3480
f 3724 3507 3506
f 3752 3452 3453
f 3761 3478 3479
f 3751 3506 3505
f 3779 3451 3452
f 3797 3477 3478
f 3778 3505 3504
f 3796 3448 3451
f 3815 3476 3477
f 3814 3504 3503
f 3833 3475 3476
f 3832 3503 3502
f 3860 3474 3475
f 3859 3502 3501
f 3877 3473 3474
f 49 1846 1807
f 1846 1847 1808
f 1847 1848 1809
f 1848 1849 1810
f 1849 1850 1811
f 1850 1851 1812
f 1851 1852 1813
f 1852 1853 1814
f 1853 1854 1815
f 1854 1855 1816
f 1855 1856 1817
f 1856 1857 1818
f 1857 1858 1819
f 1858 1859 1820
f 1859 1860 1821
f 1860 1861 1822
f 1861 1862 1823
f 1862 1863 1824
f 1863 1864 1825
f 1864 1865 1826
f 1865 1866 1827
f 1866 1867 1828
f 1867 1868 1829
f 1868 1869 1830
f 1869 1870 1831
f 1870 1871 1832
f 1871 1872 1833
f 1872 1873 1834
f 1873 1874 1835
f 1874 1875 1836
f 1875 1876 1837
f 1876 1877 1838
f 1877 1878 1839
f 1878 1879 1840
f 1879 1880 1841
f 1880 1881 1842
f 1881 1882 1843
f 1882 1883 1844
f 1844 1883 1884
f 50 1807 1768
f 1807 1808 1769
f 1808 1809 1770
f 1809 1810 1771
f 1810 1811 1772
f 1811 1812 1773
f 1812 1813 1774
f 1813 1814 1775
f 1814 1815 1776
f 1815 1816 1777
f 1816 1817 1778
f 1817 1818 1779
f 1818 1819 1780
f 1819 1820 1781
f 1820 1821 1782
f 1821 1822 1783
f 1822 1823 1784
f 1823 1824 1785
f 1824 1825 1786
f 1825 1826 1787
f 1826 1827 1788
f 1827 1828 1789
f 1828 1829 1790
f 1829 1830 1791
f 1830 1831 1792
f 1831 1832 1793
f 1832 1833 1794
f 1833 1834 1795
f 1834 1835 1796
f 1835 1836 1797
f 1836 1837 1798
f 1837 1838 1799
f 1838 1839 1800
f 1839 1840 1801
f 1840 1841 1802
f 1841 1842 1803
f 1842 1843 1804
f 1843 1844 1805
f 1805 1844 1845
f 51 1768 1729
f 1768 1769 1730
f 1769 1770 1731
f 1770 1771 1732
f 1771 1772 1733
f 1772 1773 1734
f 1773 1774 1735
f 1774 1775 1736
f 1775 1776 1737
f 1776 1777 1738
f 1777 1778 1739
f 1778 1779 1740
f 1779 1780 1741
f 1780 1781 1742
f 1781 1782 1743
f 1782 1783 1744
f 1783 1784 1745
f 1784 1785 1746
f 1785 1786 1747
f 1786 1787 1748
f 1787 1788 1749
f 1788 1789 1750
f 1789 1790 1751
f 1790 1791 1752
f 1791 1792 1753
f 1792 1793 1754
f 1793 1794 1755
f 1794 1795 1756
f 1795 1796 1757
f 1796 1797 1758
f 1797 1798 1759
f 1798 1799 1760
f 1799 1800 1761
f 1800 1801 1762
f 1801 1802 1763
f 1802 1803 1764
f 1803 1804 1765
f 1765 1804 1805
f 1766 1805 1806
f 52 1729 1690
f 1729 1730 1691
f 1730 1731 1692
f 1731 1732 1693
f 1732 1733 1694
f 1733 1734 1695
f 1734 1735 1696
f 1735 1736 1697
f 1736 1737 1698
f 1737 1738 1699
f 1738 1739 1700
f 1739 1740 1701
f 1740 1741 1702
f 1741 1742 1703
f 1742 1743 1704
f 1743 1744 1705
f 1744 1745 1706
f 1745 1746 1707
f 1746 1747 1708
f 1747 1748 1709
f 1748 1749 1710
f 1749 1750 1711
f 1750 1751 1712
f 1751 1752 1713
f 1752 1753 1714
f 1753 1754 1715
f 1754 1755 1716
f 1755 1756 1717
f 1756 1757 1718
f 1757 1758 1719
f 1758 1759 1720
f 1759 1760 1721
f 1760 1761 1722
f 1761 1762 1723
f 1723 1762 1763
f 1763 1764 1725
f 1764 1765 1726
f 1726 1765 1766
f 1727 1766 1767
f 53 1690 1651
f 1690 1691 1652
f 1691 1692 1653
f 1692 1693 1654
f 1693 1694 1655
f 1694 1695 1656
f 1695 1696 1657
f 1696 1697 1658
f 1697 1698 1659
f 1698 1699 1660
f 1699 1700 1661
f 1700 1701 1662
f 1701 1702 1663
f 1702 1703 1664
f 1703 1704 1665
f 1704 1705 1666
f 1705 1706 1667
f 1706 1707 1668
f 1707 1708 1669
f 1708 1709 1670
f 1709 1710 1671
f 1710 1711 1672
f 1711 1712 1673
f 1712 1713 1674
f 1713 1714 1675
f 1714 1715 1676
f 1715 1716 1677
f 1716 1717 1678
f 1717 1718 1679
f 1718 1719 1680
f 1719 1720 1681
f 1720 1721 1682
f 1721 1722 1683
f 1722 1723 1684
f 1684 1723 1724
f 1685 1724 1725
f 1686 1725 1726
f 1687 1726 1727
f 1688 1727 1728
f 54 1651 1612
f 1651 1652 1613
f 1652 1653 1614
f 1653 1654 1615
f 1654 1655 1616
f 1655 1656 1617
f 1656 1657 1618
f 1657 1658 1619
f 1658 1659 1620
f 1659 1660 1621
f 1660 1661 1622
f 1661 1662 1623
f 1662 1663 1624
f 1663 1664 1625
f 1664 1665 1626
f 1665 1666 1627
f 1666 1667 1628
f 1667 1668 1629
f 1668 1669 1630
f 1669 1670 1631
f 1670 1671 1632
f 1671 1672 1633
f 1672 1673 1634
f 1673 1674 1635
f 1674 1675 1636
f 1675 1676 1637
f 1676 1677 1638
f 1677 1678 1639
f 1678 1679 1640
f 1679 1680 1641
f 1680 1681 1642
f 1681 1682 1643
f 1682 1683 1644
f 1683 1684 1645
f 1645 1684 1685
f 1646 1685 1686
f 1647 1686 1687
f 1648 1687 1688
f 1649 1688 1689
f 55 1612 1573
f 1612 1613 1574
f 1613 1614 1575
f 1614 1615 1576
f 1615 1616 1577
f 1616 1617 1578
f 1617 1618 1579
f 1618 1619 1580
f 1619 1620 1581
f 1620 1621 1582
f 1621 1622 1583
f 1622 1623 1584
f 1623 1624 1585
f 1624 1625 1586
f 1625 1626 1587
f 1626 1627 1588
f 1627 1628 1589
f 1628 1629 1590
f 1629 1630 1591
f 1630 1631 1592
f 1631 1632 1593
f 1632 1633 1594
f 1633 1634 1595
f 1634 1635 1596
f 1635 1636 1597
f 1636 1637 1598
f 1637 1638 1599
f 1638 1639 1600
f 1639 1640 1601
f 1640 1641 1602
f 1641 1642 1603
f 1642 1643 1604
f 1643 1644 1605
f 1644 1645 1606
f 1606 1645 1646
f 1607 1646 1647
f 1608 1647 1648
f 1609 1648 1649
f 1610 1649 1650
f 56 1573 1534
f 1573 1574 1535
f 1574 1575 1536
f 1575 1576 1537
f 1576 1577 1538
f 1577 1578 1539
f 1578 1579 1540
f 1579 1580 1541
f 1580 1581 1542
f 1581 1582 1543
f 1582 1583 1544
f 1583 1584 1545
f 1584 1585 1546
f 1585 1586 1547
f 1586 1587 1548
f 1587 1588 1549
f 1588 1589 1550
f 1589 1590 1551
f 1590 1591 1552
f 1591 1592 1553
f 1592 1593 1554
f 1593 1594 1555
f 1594 1595 1556
f 1595 1596 1557
f 1596 1597 1558
f 1597 1598 1559
f 1598 1599 1560
f 1599 1600 1561
f 1600 1601 1562
f 1601 1602 1563
f 1602 1603 1564
f 1603 1604 1565
f 1604 1605 1566
f 1605 1606 1567
f 1567 1606 1607
f 1568 1607 1608
f 1569 1608 1609
f 1570 1609 1610
f 1571 1610 1611
f 57 1534 1495
f 1534 1535 1496
f 1535 1536 1497
f 1536 1537 1498
f 1537 1538 1499
f 1538 1539 1500
f 1539 1540 1501
f 1540 1541 1502
f 1541 1542 1503
f 1542 1543 1504
f 1543 1544 1505
f 1544 1545 1506
f 1545 1546 1507
f 1546 1547 1508
f 1547 1548 1509
f 1548 1549 1510
f 1549 1550 1511
f 1550 1551 1512
f 1551 1552 1513
f 1552 1553 1514
f 1553 1554 1515
f 1554 1555 1516
f 1555 1556 1517
f 1556 1557 1518
f 1557 1558 1519
f 1558 1559 1520
f 1559 1560 1521
f 1560 1561 1522
f 1561 1562 1523
f 1562 1563 1524
f 1563 1564 1525
f 1564 1565 1526
f 1565 1566 1527
f 1566 1567 1528
f 1528 1567 1568
f 1529 1568 1569
f 1530 1569 1570
f 1531 1570 1571
f 1532 1571 1572
f 58 1495 1456
f 1495 1496 1457
f 1496 1497 1458
f 1497 1498 1459
f 1498 1499 1460
f 1499 1500 1461
f 1500 1501 1462
f 1501 1502 1463
f 1502 1503 1464
f 1503 1504 1465
f 1504 1505 1466
f 1505 1506 1467
f 1506 1507 1468
f 1507 1508 1469
f 1508 1509 1470
f 1509 1510 1471
f 1510 1511 1472
f 1511 1512 1473
f 1512 1513 1474
f 1513 1514 1475
f 1514 1515 1476
f 1515 1516 1477
f 1516 1517 1478
f 1517 1518 1479
f 1518 1519 1480
f 1519 1520 1481
f 1520 1521 1482
f 1521 1522 1483
f 1522 1523 1484
f 1523 1524 1485
f 1485 1524 1525
f 1525 1526 1487
f 1526 1527 1488
f 1527 1528 1489
f 1489 1528 1529
f 1490 1529 1530
f 1491 1530 1531
f 1492 1531 1532
f 1493 1532 1533
f 59 1456 1417
f 1456 1457 1418
f 1457 1458 1419
f 1458 1459 1420
f 1459 1460 1421
f 1460 1461 1422
f 1461 1462 1423
f 1462 1463 1424
f 1463 1464 1425
f 1464 1465 1426
f 1465 1466 1427
f 1466 1467 1428
f 1467 1468 1429
f 1468 1469 1430
f 1469 1470 1431
f 1470 1471 1432
f 1471 1472 1433
f 1472 1473 1434
f 1473 1474 1435
f 1474 1475 1436
f 1475 1476 1437
f 1476 1477 1438
f 1477 1478 1439
f 1478 1479 1440
f 1479 1480 1441
f 1480 1481 1442
f 1481 1482 1443
f 1482 1483 1444
f 1483 1484 1445
f 1484 1485 1446
f 1446 1485 1486
f 1447 1486 1487
f 1448 1487 1488
f 1449 1488 1489
f 1450 1489 1490
f 1451 1490 1491
f 1452 1491 1492
f 1453 1492 1493
f 1454 1493 1494
f 60 1417 1378
f 1417 1418 1379
f 1418 1419 1380
f 1419 1420 1381
f 1420 1421 1382
f 1421 1422 1383
f 1422 1423 1384
f 1423 1424 1385
f 1424 1425 1386
f 1425 1426 1387
f 1426 1427 1388
f 1427 1428 1389
f 1428 1429 1390
f 1429 1430 1391
f 1430 1431 1392
f 1431 1432 1393
f 1432 1433 1394
f 1433 1434 1395
f 1434 1435 1396
f 1435 1436 1397
f 1436 1437 1398
f 1437 1438 1399
f 1438 1439 1400
f 1439 1440 1401
f 1440 1441 1402
f 1441 1442 1403
f 1442 1443 1404
f 1443 1444 1405
f 1444 1445 1406
f 1445 1446 1407
f 1407 1446 1447
f 1408 1447 1448
f 1409 1448 1449
f 1410 1449 1450
f 1411 1450 1451
f 1412 1451 1452
f 1413 1452 1453
f 1414 1453 1454
f 1415 1454 1455
f 61 1378 1339
f 1378 1379 1340
f 1379 1380 1341
f 1380 1381 1342
f 1381 1382 1343
f 1382 1383 1344
f 1383 1384 1345
f 1384 1385 1346
f 1385 1386 1347
f 1386 1387 1348
f 1387 1388 1349
f 1388 1389 1350
f 1389 1390 1351
f 1390 1391 1352
f 1391 1392 1353
f 1392 1393 1354
f 1393 1394 1355
f 1394 1395 1356
f 1395 1396 1357
f 1396 1397 1358
f 1397 1398 1359
f 1398 1399 1360
f 1399 1400 1361
f 1400 1401 1362
f 1401 1402 1363
f 1402 1403 1364
f 1403 1404 1365
f 1404 1405 1366
f 1405 1406 1367
f 1406 1407 1368
f 1368 1407 1408
f 1369 1408 1409
f 1370 1409 1410
f 1371 1410 1411
f 1372 1411 1412
f 1373 1412 1413
f 1374 1413 1414
f 1375 1414 1415
f 1376 1415 1416
f 62 1339 1300
f 1339 1340 1301
f 1340 1341 1302
f 1341 1342 1303
f 1342 1343 1304
f 1343 1344 1305
f 1344 1345 1306
f 1345 1346 1307
f 1346 1347 1308
f 1347 1348 1309
f 1348 1349 1310
f 1349 1350 1311
f 1350 1351 1312
f 1351 1352 1313
f 1352 1353 1314
f 1353 1354 1315
f 1354 1355 1316
f 1355 1356 1317
f 1356 1357 1318
f 1357 1358 1319
f 1358 1359 1320
f 1359 1360 1321
f 1360 1361 1322
f 1361 1362 1323
f 1362 1363 1324
f 1363 1364 1325
f 1364 1365 1326
f 1365 1366 1327
f 1366 1367 1328
f 1367 1368 1329
f 1329 1368 1369
f 1330 1369 1370
f 1331 1370 1371
f 1332 1371 1372
f 1333 1372 1373
f 1334 1373 1374
f 1335 1374 1375
f 1336 1375 1376
f 1337 1376 1377
f 63 1300 1261
f 1300 1301 1262
f 1301 1302 1263
f 1302 1303 1264
f 1303 1304 1265
f 1304 1305 1266
f 1305 1306 1267
f 1306 1307 1268
f 1307 1308 1269
f 1308 1309 1270
f 1309 1310 1271
f 1310 1311 1272
f 1311 1312 1273
f 1312 1313 1274
f 1313 1314 1275
f 1314 1315 1276
f 1315 1316 1277
f 1316 1317 1278
f 1278 1317 1318
f 1318 1319 1280
f 1319 1320 1281
f 1281 1320 1321
f 1282 1321 1322
f 1322 1323 1284
f 1323 1324 1285
f 1285 1324 1325
f 1286 1325 1326
f 1326 1327 1288
f 1327 1328 1289
f 1328 1329 1290
f 1290 1329 1330
f 1330 1331 1292
f 1331 1332 1293
f 1293 1332 1333
f 1294 1333 1334
f 1334 1335 1296
f 1335 1336 1297
f 1297 1336 1337
f 1298 1337 1338
f 64 1261 1222
f 1261 1262 1223
f 1262 1263 1224
f 1263 1264 1225
f 1264 1265 1226
f 1265 1266 1227
f 1266 1267 1228
f 1267 1268 1229
f 1268 1269 1230
f 1269 1270 1231
f 1270 1271 1232
f 1271 1272 1233
f 1272 1273 1234
f 1273 1274 1235
f 1274 1275 1236
f 1275 1276 1237
f 1276 1277 1238
f 1277 1278 1239
f 1239 1278 1279
f 1240 1279 1280
f 1241 1280 1281
f 1242 1281 1282
f 1243 1282 1283
f 1244 1283 1284
f 1245 1284 1285
f 1246 1285 1286
f 1247 1286 1287
f 1248 1287 1288
f 1249 1288 1289
f 1250 1289 1290
f 1251 1290 1291
f 1252 1291 1292
f 1253 1292 1293
f 1254 1293 1294
f 1294 1295 1256
f 1256 1295 1296
f 1257 1296 1297
f 1297 1298 1259
f 1298 1299 1260
f 65 1222 1183
f 1222 1223 1184
f 1184 1223 1224
f 1224 1225 1186
f 1225 1226 1187
f 1226 1227 1188
f 1227 1228 1189
f 1228 1229 1190
f 1229 1230 1191
f 1230 1231 1192
f 1231 1232 1193
f 1232 1233 1194
f 1233 1234 1195
f 1234 1235 1196
f 1235 1236 1197
f 1236 1237 1198
f 1237 1238 1199
f 1199 1238 1239
f 1239 1240 1201
f 1240 1241 1202
f 1202 1241 1242
f 1242 1243 1204
f 1204 1243 1244
f 1205 1244 1245
f 1206 1245 1246
f 1246 1247 1208
f 1208 1247 1248
f 1209 1248 1249
f 1210 1249 1250
f 1250 1251 1212
f 1212 1251 1252
f 1213 1252 1253
f 1214 1253 1254
f 1254 1255 1216
f 1255 1256 1217
f 1217 1256 1257
f 1218 1257 1258
f 1219 1258 1259
f 1259 1260 1221
f 66 1183 1144
f 1183 1184 1145
f 1184 1185 1146
f 1185 1186 1147
f 1186 1187 1148
f 1187 1188 1149
f 1188 1189 1150
f 1189 1190 1151
f 1190 1191 1152
f 1152 1191 1192
f 1192 1193 1154
f 1193 1194 1155
f 1194 1195 1156
f 1156 1195 1196
f 1157 1196 1197
f 1197 1198 1159
f 1198 1199 1160
f 1160 1199 1200
f 1161 1200 1201
f 1201 1202 1163
f 1202 1203 1164
f 1164 1203 1204
f 1165 1204 1205
f 1205 1206 1167
f 1206 1207 1168
f 1168 1207 1208
f 1169 1208 1209
f 1209 1210 1171
f 1210 1211 1172
f 1172 1211 1212
f 1173 1212 1213
f 1213 1214 1175
f 1214 1215 1176
f 1176 1215 1216
f 1216 1217 1178
f 1217 1218 1179
f 1218 1219 1180
f 1219 1220 1181
f 1220 1221 1182
f 67 1144 1105
f 1105 1144 1145
f 1106 1145 1146
f 1107 1146 1147
f 1147 1148 1109
f 1109 1148 1149
f 1149 1150 1111
f 1111 1150 1151
f 1151 1152 1113
f 1152 1153 1114
f 1153 1154 1115
f 1115 1154 1155
f 1155 1156 1117
f 1156 1157 1118
f 1118 1157 1158
f 1119 1158 1159
f 1159 1160 1121
f 1160 1161 1122
f 1122 1161 1162
f 1123 1162 1163
f 1163 1164 1125
f 1164 1165 1126
f 1126 1165 1166
f 1127 1166 1167
f 1167 1168 1129
f 1168 1169 1130
f 1130 1169 1170
f 1131 1170 1171
f 1171 1172 1133
f 1172 1173 1134
f 1134 1173 1174
f 1135 1174 1175
f 1175 1176 1137
f 1176 1177 1138
f 1138 1177 1178
f 1139 1178 1179
f 1140 1179 1180
f 1141 1180 1181
f 1181 1182 1143
f 69 68 1105
f 1066 1105 1106
f 1067 1106 1107
f 1068 1107 1108
f 1069 1108 1109
f 1070 1109 1110
f 1110 1111 1072
f 1072 1111 1112
f 1073 1112 1113
f 1074 1113 1114
f 1114 1115 1076
f 1115 1116 1077
f 1077 1116 1117
f 1078 1117 1118
f 1079 1118 1119
f 1080 1119 1120
f 1081 1120 1121
f 1082 1121 1122
f 1083 1122 1123
f 1084 1123 1124
f 1085 1124 1125
f 1086 1125 1126
f 1126 1127 1088
f 1088 1127 1128
f 1089 1128 1129
f 1090 1129 1130
f 1091 1130 1131
f 1092 1131 1132
f 1093 1132 1133
f 1094 1133 1134
f 1095 1134 1135
f 1096 1135 1136
f 1097 1136 1137
f 1137 1138 1099
f 1138 1139 1100
f 1100 1139 1140
f 1101 1140 1141
f 1141 1142 1103
f 1142 1143 1104
f 69 1066 1027
f 1066 1067 1028
f 1067 1068 1029
f 1068 1069 1030
f 1069 1070 1031
f 1070 1071 1032
f 1071 1072 1033
f 1072 1073 1034
f 1073 1074 1035
f 1074 1075 1036
f 1075 1076 1037
f 1076 1077 1038
f 1077 1078 1039
f 1078 1079 1040
f 1040 1079 1080
f 1080 1081 1042
f 1081 1082 1043
f 1082 1083 1044
f 1044 1083 1084
f 1084 1085 1046
f 1085 1086 1047
f 1086 1087 1048
f 1048 1087 1088
f 1088 1089 1050
f 1089 1090 1051
f 1090 1091 1052
f 1052 1091 1092
f 1092 1093 1054
f 1093 1094 1055
f 1094 1095 1056
f 1056 1095 1096
f 1096 1097 1058
f 1097 1098 1059
f 1098 1099 1060
f 1060 1099 1100
f 1061 1100 1101
f 1101 1102 1063
f 1063 1102 1103
f 1064 1103 1104
f 70 1027 988
f 988 1027 1028
f 1028 1029 990
f 1029 1030 991
f 1030 1031 992
f 1031 1032 993
f 1032 1033 994
f 994 1033 1034
f 1034 1035 996
f 1035 1036 997
f 1036 1037 998
f 1037 1038 999
f 1038 1039 1000
f 1039 1040 1001
f 1001 1040 1041
f 1002 1041 1042
f 1042 1043 1004
f 1043 1044 1005
f 1005 1044 1045
f 1006 1045 1046
f 1046 1047 1008
f 1047 1048 1009
f 1009 1048 1049
f 1010 1049 1050
f 1050 1051 1012
f 1051 1052 1013
f 1013 1052 1053
f 1014 1053 1054
f 1054 1055 1016
f 1055 1056 1017
f 1017 1056 1057
f 1018 1057 1058
f 1058 1059 1020
f 1059 1060 1021
f 1021 1060 1061
f 1022 1061 1062
f 1062 1063 1024
f 1063 1064 1025
f 1025 1064 1065
f 71 988 949
f 949 988 989
f 989 990 951
f 990 991 952
f 952 991 992
f 992 993 954
f 993 994 955
f 994 995 956
f 956 995 996
f 996 997 958
f 997 998 959
f 998 999 960
f 999 1000 961
f 1000 1001 962
f 1001 1002 963
f 963 1002 1003
f 1003 1004 965
f 1004 1005 966
f 966 1005 1006
f 967 1006 1007
f 1007 1008 969
f 969 1008 1009
f 970 1009 1010
f 1010 1011 972
f 1011 1012 973
f 1012 1013 974
f 1013 1014 975
f 1014 1015 976
f 976 1015 1016
f 1016 1017 978
f 1017 1018 979
f 1018 1019 980
f 980 1019 1020
f 1020 1021 982
f 1021 1022 983
f 1022 1023 984
f 984 1023 1024
f 1024 1025 986
f 1025 1026 987
f 72 949 910
f 949 950 911
f 950 951 912
f 951 952 913
f 952 953 914
f 953 954 915
f 954 955 916
f 955 956 917
f 956 957 918
f 957 958 919
f 958 959 920
f 959 960 921
f 960 961 922
f 961 962 923
f 962 963 924
f 963 964 925
f 964 965 926
f 965 966 927
f 927 966 967
f 928 967 968
f 929 968 969
f 930 969 970
f 931 970 971
f 932 971 972
f 933 972 973
f 934 973 974
f 935 974 975
f 936 975 976
f 937 976 977
f 938 977 978
f 939 978 979
f 940 979 980
f 941 980 981
f 942 981 982
f 982 983 944
f 944 983 984
f 945 984 985
f 985 986 947
f 986 987 948
f 73 910 871
f 910 911 872
f 911 912 873
f 912 913 874
f 913 914 875
f 914 915 876
f 915 916 877
f 916 917 878
f 917 918 879
f 918 919 880
f 919 920 881
f 920 921 882
f 921 922 883
f 922 923 884
f 923 924 885
f 924 925 886
f 925 926 887
f 926 927 888
f 927 928 889
f 889 928 929
f 890 929 930
f 930 931 892
f 931 932 893
f 932 933 894
f 933 934 895
f 934 935 896
f 935 936 897
f 936 937 898
f 898 937 938
f 938 939 900
f 939 940 901
f 901 940 941
f 902 941 942
f 942 943 904
f 943 944 905
f 905 944 945
f 906 945 946
f 946 947 908
f 947 948 909
f 74 871 832
f 871 872 833
f 872 873 834
f 873 874 835
f 874 875 836
f 875 876 837
f 876 877 838
f 877 878 839
f 878 879 840
f 879 880 841
f 880 881 842
f 881 882 843
f 882 883 844
f 883 884 845
f 884 885 846
f 885 886 847
f 886 887 848
f 887 888 849
f 888 889 850
f 889 890 851
f 890 891 852
f 891 892 853
f 892 893 854
f 893 894 855
f 894 895 856
f 895 896 857
f 896 897 858
f 897 898 859
f 898 899 860
f 899 900 861
f 861 900 901
f 862 901 902
f 863 902 903
f 864 903 904
f 865 904 905
f 866 905 906
f 867 906 907
f 868 907 908
f 869 908 909
f 75 832 793
f 832 833 794
f 833 834 795
f 834 835 796
f 835 836 797
f 836 837 798
f 837 838 799
f 838 839 800
f 839 840 801
f 840 841 802
f 841 842 803
f 842 843 804
f 843 844 805
f 844 845 806
f 845 846 807
f 846 847 808
f 847 848 809
f 848 849 810
f 849 850 811
f 850 851 812
f 851 852 813
f 852 853 814
f 853 854 815
f 854 855 816
f 855 856 817
f 856 857 818
f 857 858 819
f 858 859 820
f 859 860 821
f 860 861 822
f 822 861 862
f 823 862 863
f 824 863 864
f 825 864 865
f 826 865 866
f 827 866 867
f 828 867 868
f 829 868 869
f 830 869 870
f 76 793 754
f 793 794 755
f 794 795 756
f 795 796 757
f 796 797 758
f 797 798 759
f 798 799 760
f 799 800 761
f 800 801 762
f 801 802 763
f 802 803 764
f 803 804 765
f 804 805 766
f 805 806 767
f 806 807 768
f 807 808 769
f 808 809 770
f 809 810 771
f 810 811 772
f 811 812 773
f 812 813 774
f 813 814 775
f 814 815 776
f 815 816 777
f 816 817 778
f 817 818 779
f 818 819 780
f 819 820 781
f 820 821 782
f 821 822 783
f 783 822 823
f 784 823 824
f 785 824 825
f 786 825 826
f 787 826 827
f 788 827 828
f 789 828 829
f 790 829 830
f 791 830 831
f 77 754 715
f 754 755 716
f 755 756 717
f 756 757 718
f 757 758 719
f 758 759 720
f 759 760 721
f 760 761 722
f 761 762 723
f 762 763 724
f 763 764 725
f 764 765 726
f 765 766 727
f 766 767 728
f 767 768 729
f 768 769 730
f 769 770 731
f 770 771 732
f 771 772 733
f 772 773 734
f 773 774 735
f 774 775 736
f 775 776 737
f 776 777 738
f 777 778 739
f 778 779 740
f 779 780 741
f 780 781 742
f 781 782 743
f 782 783 744
f 744 783 784
f 745 784 785
f 746 785 786
f 747 786 787
f 748 787 788
f 749 788 789
f 750 789 790
f 751 790 791
f 752 791 792
f 78 715 676
f 715 716 677
f 716 717 678
f 717 718 679
f 718 719 680
f 719 720 681
f 720 721 682
f 721 722 683
f 722 723 684
f 723 724 685
f 724 725 686
f 725 726 687
f 726 727 688
f 727 728 689
f 728 729 690
f 729 730 691
f 730 731 692
f 731 732 693
f 732 733 694
f 733 734 695
f 734 735 696
f 735 736 697
f 736 737 698
f 737 738 699
f 738 739 700
f 739 740 701
f 740 741 702
f 741 742 703
f 742 743 704
f 743 744 705
f 744 745 706
f 706 745 746
f 707 746 747
f 747 748 709
f 709 748 749
f 710 749 750
f 711 750 751
f 712 751 752
f 713 752 753
f 79 676 637
f 676 677 638
f 677 678 639
f 678 679 640
f 679 680 641
f 680 681 642
f 681 682 643
f 682 683 644
f 683 684 645
f 684 685 646
f 685 686 647
f 686 687 648
f 687 688 649
f 688 689 650
f 689 690 651
f 690 691 652
f 691 692 653
f 692 693 654
f 693 694 655
f 694 695 656
f 695 696 657
f 696 697 658
f 697 698 659
f 698 699 660
f 699 700 661
f 700 701 662
f 701 702 663
f 702 703 664
f 703 704 665
f 704 705 666
f 705 706 667
f 706 707 668
f 707 708 669
f 708 709 670
f 670 709 710
f 671 710 711
f 672 711 712
f 673 712 713
f 674 713 714
f 80 637 598
f 637 638 599
f 638 639 600
f 639 640 601
f 640 641 602
f 641 642 603
f 642 643 604
f 643 644 605
f 644 645 606
f 645 646 607
f 646 647 608
f 647 648 609
f 648 649 610
f 649 650 611
f 650 651 612
f 651 652 613
f 652 653 614
f 653 654 615
f 654 655 616
f 655 656 617
f 656 657 618
f 657 658 619
f 658 659 620
f 659 660 621
f 660 661 622
f 661 662 623
f 662 663 624
f 663 664 625
f 664 665 626
f 665 666 627
f 666 667 628
f 667 668 629
f 668 669 630
f 669 670 631
f 631 670 671
f 632 671 672
f 633 672 673
f 634 673 674
f 635 674 675
f 81 598 559
f 598 599 560
f 599 600 561
f 600 601 562
f 601 602 563
f 602 603 564
f 603 604 565
f 604 605 566
f 605 606 567
f 606 607 568
f 607 608 569
f 608 609 570
f 609 610 571
f 610 611 572
f 611 612 573
f 612 613 574
f 613 614 575
f 614 615 576
f 615 616 577
f 616 617 578
f 617 618 579
f 618 619 580
f 619 620 581
f 620 621 582
f 621 622 583
f 622 623 584
f 623 624 585
f 624 625 586
f 625 626 587
f 626 627 588
f 627 628 589
f 628 629 590
f 629 630 591
f 630 631 592
f 592 631 632
f 593 632 633
f 594 633 634
f 595 634 635
f 596 635 636
f 82 559 520
f 559 560 521
f 560 561 522
f 561 562 523
f 562 563 524
f 563 564 525
f 564 565 526
f 565 566 527
f 566 567 528
f 567 568 529
f 568 569 530
f 569 570 531
f 570 571 532
f 571 572 533
f 572 573 534
f 573 574 535
f 574 575 536
f 575 576 537
f 576 577 538
f 577 578 539
f 578 579 540
f 579 580 541
f 580 581 542
f 581 582 543
f 582 583 544
f 583 584 545
f 584 585 546
f 585 586 547
f 586 587 548
f 587 588 549
f 588 589 550
f 589 590 551
f 590 591 552
f 591 592 553
f 553 592 593
f 554 593 594
f 555 594 595
f 556 595 596
f 557 596 597
f 83 520 481
f 520 521 482
f 521 522 483
f 522 523 484
f 523 524 485
f 524 525 486
f 525 526 487
f 526 527 488
f 527 528 489
f 528 529 490
f 529 530 491
f 530 531 492
f 531 532 493
f 532 533 494
f 533 534 495
f 534 535 496
f 535 536 497
f 536 537 498
f 537 538 499
f 538 539 500
f 539 540 501
f 540 541 502
f 541 542 503
f 542 543 504
f 543 544 505
f 544 545 506
f 545 546 507
f 546 547 508
f 547 548 509
f 548 549 510
f 549 550 511
f 550 551 512
f 551 552 513
f 552 553 514
f 514 553 554
f 515 554 555
f 516 555 556
f 517 556 557
f 518 557 558
f 84 481 442
f 481 482 443
f 482 483 444
f 483 484 445
f 484 485 446
f 485 486 447
f 486 487 448
f 487 488 449
f 488 489 450
f 489 490 451
f 490 491 452
f 491 492 453
f 492 493 454
f 493 494 455
f 494 495 456
f 495 496 457
f 496 497 458
f 497 498 459
f 498 499 460
f 499 500 461
f 500 501 462
f 501 502 463
f 502 503 464
f 503 504 465
f 504 505 466
f 505 506 467
f 506 507 468
f 507 508 469
f 508 509 470
f 509 510 471
f 510 511 472
f 511 512 473
f 512 513 474
f 513 514 475
f 514 515 476
f 476 515 516
f 477 516 517
f 478 517 518
f 479 518 519
f 85 442 403
f 442 443 404
f 443 444 405
f 444 445 406
f 445 446 407
f 446 447 408
f 447 448 409
f 448 449 410
f 449 450 411
f 450 451 412
f 451 452 413
f 452 453 414
f 453 454 415
f 454 455 416
f 455 456 417
f 456 457 418
f 457 458 419
f 458 459 420
f 459 460 421
f 460 461 422
f 461 462 423
f 462 463 424
f 463 464 425
f 464 465 426
f 465 466 427
f 466 467 428
f 467 468 429
f 468 469 430
f 469 470 431
f 470 471 432
f 471 472 433
f 472 473 434
f 473 474 435
f 474 475 436
f 475 476 437
f 476 477 438
f 477 478 439
f 439 478 479
f 440 479 480
f 86 403 364
f 403 404 365
f 404 405 366
f 405 406 367
f 406 407 368
f 407 408 369
f 408 409 370
f 409 410 371
f 410 411 372
f 411 412 373
f 412 413 374
f 413 414 375
f 414 415 376
f 415 416 377
f 416 417 378
f 417 418 379
f 418 419 380
f 419 420 381
f 420 421 382
f 421 422 383
f 422 423 384
f 423 424 385
f 424 425 386
f 425 426 387
f 426 427 388
f 427 428 389
f 428 429 390
f 429 430 391
f 430 431 392
f 431 432 393
f 432 433 394
f 433 434 395
f 434 435 396
f 435 436 397
f 436 437 398
f 437 438 399
f 438 439 400
f 439 440 401
f 401 440 441
f 87 364 325
f 364 365 326
f 365 366 327
f 366 367 328
f 367 368 329
f 368 369 330
f 369 370 331
f 370 371 332
f 371 372 333
f 372 373 334
f 373 374 335
f 374 375 336
f 375 376 337
f 376 377 338
f 377 378 339
f 378 379 340
f 379 380 341
f 380 381 342
f 381 382 343
f 382 383 344
f 383 384 345
f 384 385 346
f 385 386 347
f 386 387 348
f 387 388 349
f 388 389 350
f 389 390 351
f 390 391 352
f 391 392 353
f 392 393 354
f 393 394 355
f 394 395 356
f 395 396 357
f 396 397 358
f 397 398 359
f 398 399 360
f 399 400 361
f 400 401 362
f 362 401 402
f 88 325 286
f 325 326 287
f 326 327 288
f 327 328 289
f 328 329 290
f 329 330 291
f 330 331 292
f 331 332 293
f 332 333 294
f 333 334 295
f 334 335 296
f 335 336 297
f 336 337 298
f 337 338 299
f 338 339 300
f 339 340 301
f 340 341 302
f 341 342 303
f 342 343 304
f 343 344 305
f 344 345 306
f 345 346 307
f 346 347 308
f 347 348 309
f 348 349 310
f 349 350 311
f 350 351 312
f 351 352 313
f 352 353 314
f 353 354 315
f 354 355 316
f 355 356 317
f 356 357 318
f 357 358 319
f 358 359 320
f 359 360 321
f 360 361 322
f 361 362 323
f 362 363 324
f 4 246 1846
f 246 245 1847
f 245 244 1848
f 244 243 1849
f 243 242 1850
f 242 241 1851
f 241 240 1852
f 240 239 1853
f 239 238 1854
f 238 237 1855
f 237 236 1856
f 236 235 1857
f 235 234 1858
f 234 233 1859
f 233 232 1860
f 232 231 1861
f 231 230 1862
f 230 229 1863
f 229 228 1864
f 228 227 1865
f 227 226 1866
f 226 225 1867
f 225 224 1868
f 224 223 1869
f 223 222 1870
f 222 221 1871
f 221 220 1872
f 220 219 1873
f 219 218 1874
f 218 217 1875
f 217 216 1876
f 216 215 1877
f 215 214 1878
f 214 213 1879
f 213 212 1880
f 212 211 1881
f 211 210 1882
f 210 209 1883
f 209 208 1884
f 4697 4336 4337
f 285 284 3407
f 284 283 3408
f 283 282 3409
f 282 281 3410
f 281 280 3411
f 280 279 3412
f 279 278 3413
f 278 277 3414
f 277 276 3415
f 276 275 3416
f 275 274 3417
f 274 273 3418
f 273 272 3419
f 272 271 3420
f 271 270 3421
f 270 269 3422
f 269 268 3423
f 268 267 3424
f 267 266 3425
f 266 265 3426
f 265 264 3427
f 264 263 3428
f 263 262 3429
f 262 261 3430
f 261 260 3431
f 260 259 3432
f 259 258 3433
f 258 257 3434
f 257 256 3435
f 256 255 3436
f 255 254 3437
f 254 253 3438
f 253 252 3439
f 252 251 3440
f 251 250 3441
f 250 249 3442
f 249 248 3443
f 248 247 3444
f 7 8 286
f 285 286 287
f 284 287 288
f 283 288 289
f 282 289 290
f 281 290 291
f 280 291 292
f 279 292 293
f 278 293 294
f 277 294 295
f 276 295 296
f 275 296 297
f 274 297 298
f 273 298 299
f 272 299 300
f 271 300 301
f 270 301 302
f 269 302 303
f 268 303 304
f 267 304 305
f 266 305 306
f 265 306 307
f 264 307 308
f 263 308 309
f 262 309 310
f 261 310 311
f 260 311 312
f 259 312 313
f 258 313 314
f 257 314 315
f 256 315 316
f 255 316 317
f 254 317 318
f 253 318 319
f 252 319 320
f 251 320 321
f 250 321 322
f 249 322 323
f 248 323 324
f 1 2 208
f 207 208 209
f 206 209 210
f 205 210 211
f 204 211 212
f 203 212 213
f 202 213 214
f 201 214 215
f 200 215 216
f 199 216 217
f 198 217 218
f 197 218 219
f 196 219 220
f 195 220 221
f 194 221 222
f 193 222 223
f 192 223 224
f 191 224 225
f 190 225 226
f 189 226 227
f 188 227 228
f 187 228 229
f 186 229 230
f 185 230 231
f 184 231 232
f 183 232 233
f 182 233 234
f 181 234 235
f 180 235 236
f 179 236 237
f 178 237 238
f 177 238 239
f 239 240 175
f 240 241 174
f 241 242 173
f 242 243 172
f 243 244 171
f 244 245 170
f 245 246 169
f 3445 3450 3449
f 3447 3489 3451
f 3489 3490 3452
f 3490 3491 3453
f 3491 3492 3454
f 3492 3493 3455
f 3493 3494 3456
f 3494 3495 3457
f 3495 3496 3458
f 3496 3497 3459
f 3497 3498 3460
f 3498 3499 3461
f 3499 3500 3462
f 3500 3501 3463
f 3501 3502 3464
f 3502 3503 3465
f 3503 3504 3466
f 3504 3505 3467
f 3505 3506 3468
f 3506 3507 3469
f 3507 3508 3470
f 3508 3509 3471
f 3509 3510 3472
f 3510 3511 3473
f 3511 3512 3474
f 3512 3513 3475
f 3513 3514 3476
f 3514 3515 3477
f 3515 3516 3478
f 3516 3517 3479
f 3517 3518 3480
f 3518 3519 3481
f 3519 3520 3482
f 3520 3521 3483
f 3521 3522 3484
f 3522 3523 3485
f 3523 3524 3486
f 3524 3525 3487
f 3525 3526 3488
f 3526 3450 3445
f 3931 3489 3447
f 3896 3487 3488
f 3958 3449 3450
f 3905 3461 3462
f 3985 3516 3515
f 3994 3490 3489
f 3941 3488 3445
f 3968 3462 3463
f 4012 3517 3516
f 3932 3447 3448
f 4021 3491 3490
f 3995 3463 3464
f 4039 3518 3517
f 4048 3492 3491
f 4022 3464 3465
f 4066 3519 3518
f 4075 3493 3492
f 4049 3465 3466
f 4093 3520 3519
f 4102 3494 3493
f 4076 3466 3467
f 4120 3521 3520
f 4129 3495 3494
f 4103 3467 3468
f 4147 3522 3521
f 4156 3496 3495
f 4130 3468 3469
f 4174 3523 3522
f 4183 3497 3496
f 4157 3469 3470
f 4201 3524 3523
f 4210 3498 3497
f 4184 3470 3471
f 4228 3525 3524
f 4237 3499 3498
f 4211 3471 3472
f 4255 3526 3525
f 4264 3500 3499
f 3536 3446 3449
f 4238 3472 3473
f 3959 3450 3526
f 3842 3501 3500
f 1897 3850 4256
f 4256 3850 3849
f 4257 3849 3848
f 4258 3848 3847
f 4259 3847 3846
f 4260 3846 3845
f 4261 3845 3844
f 3844 3843 4263
f 3843 3842 4264
f 1922 1923 3967
f 4247 3967 3966
f 4248 3966 3965
f 4249 3965 3964
f 4250 3964 3963
f 4251 3963 3962
f 4252 3962 3961
f 3961 3960 4254
f 3960 3959 4255
f 191 190 4246
f 3869 4246 4245
f 3870 4245 4244
f 3871 4244 4243
f 3872 4243 4242
f 3873 4242 4241
f 3874 4241 4240
f 4240 4239 3876
f 4239 4238 3877
f 89 1 3544
f 3950 3544 3543
f 3951 3543 3542
f 3952 3542 3541
f 3953 3541 3540
f 3954 3540 3539
f 3955 3539 3538
f 3538 3537 3957
f 3537 3536 3958
f 1896 4256 4229
f 4256 4257 4230
f 4257 4258 4231
f 4258 4259 4232
f 4259 4260 4233
f 4260 4261 4234
f 4261 4262 4235
f 4262 4263 4236
f 4263 4264 4237
f 1922 4247 4220
f 4247 4248 4221
f 4248 4249 4222
f 4249 4250 4223
f 4250 4251 4224
f 4251 4252 4225
f 4252 4253 4226
f 4253 4254 4227
f 4254 4255 4228
f 189 4219 4246
f 4219 4218 4245
f 4218 4217 4244
f 4217 4216 4243
f 4216 4215 4242
f 4215 4214 4241
f 4214 4213 4240
f 4213 4212 4239
f 4212 4211 4238
f 1895 4229 4202
f 4229 4230 4203
f 4230 4231 4204
f 4231 4232 4205
f 4232 4233 4206
f 4233 4234 4207
f 4234 4235 4208
f 4235 4236 4209
f 4236 4237 4210
f 1921 4220 4193
f 4220 4221 4194
f 4221 4222 4195
f 4222 4223 4196
f 4223 4224 4197
f 4224 4225 4198
f 4225 4226 4199
f 4226 4227 4200
f 4227 4228 4201
f 188 4192 4219
f 4192 4191 4218
f 4191 4190 4217
f 4190 4189 4216
f 4189 4188 4215
f 4188 4187 4214
f 4187 4186 4213
f 4186 4185 4212
f 4185 4184 4211
f 1894 4202 4175
f 4202 4203 4176
f 4203 4204 4177
f 4204 4205 4178
f 4205 4206 4179
f 4206 4207 4180
f 4207 4208 4181
f 4208 4209 4182
f 4209 4210 4183
f 1920 4193 4166
f 4193 4194 4167
f 4194 4195 4168
f 4195 4196 4169
f 4196 4197 4170
f 4197 4198 4171
f 4198 4199 4172
f 4199 4200 4173
f 4200 4201 4174
f 187 4165 4192
f 4165 4164 4191
f 4164 4163 4190
f 4163 4162 4189
f 4162 4161 4188
f 4161 4160 4187
f 4160 4159 4186
f 4159 4158 4185
f 4158 4157 4184
f 1893 4175 4148
f 4175 4176 4149
f 4176 4177 4150
f 4177 4178 4151
f 4178 4179 4152
f 4179 4180 4153
f 4180 4181 4154
f 4181 4182 4155
f 4182 4183 4156
f 1919 4166 4139
f 4166 4167 4140
f 4167 4168 4141
f 4168 4169 4142
f 4169 4170 4143
f 4170 4171 4144
f 4171 4172 4145
f 4172 4173 4146
f 4173 4174 4147
f 186 4138 4165
f 4138 4137 4164
f 4137 4136 4163
f 4136 4135 4162
f 4135 4134 4161
f 4134 4133 4160
f 4133 4132 4159
f 4132 4131 4158
f 4131 4130 4157
f 1892 4148 4121
f 4148 4149 4122
f 4149 4150 4123
f 4150 4151 4124
f 4151 4152 4125
f 4152 4153 4126
f 4153 4154 4127
f 4154 4155 4128
f 4155 4156 4129
f 1918 4139 4112
f 4139 4140 4113
f 4140 4141 4114
f 4141 4142 4115
f 4142 4143 4116
f 4143 4144 4117
f 4144 4145 4118
f 4145 4146 4119
f 4146 4147 4120
f 185 4111 4138
f 4111 4110 4137
f 4110 4109 4136
f 4109 4108 4135
f 4108 4107 4134
f 4107 4106 4133
f 4106 4105 4132
f 4105 4104 4131
f 4104 4103 4130
f 1891 4121 4094
f 4121 4122 4095
f 4122 4123 4096
f 4123 4124 4097
f 4124 4125 4098
f 4125 4126 4099
f 4126 4127 4100
f 4127 4128 4101
f 4128 4129 4102
f 1917 4112 4085
f 4112 4113 4086
f 4113 4114 4087
f 4114 4115 4088
f 4115 4116 4089
f 4116 4117 4090
f 4117 4118 4091
f 4118 4119 4092
f 4119 4120 4093
f 184 4084 4111
f 4084 4083 4110
f 4083 4082 4109
f 4082 4081 4108
f 4081 4080 4107
f 4080 4079 4106
f 4079 4078 4105
f 4078 4077 4104
f 4077 4076 4103
f 1890 4094 4067
f 4094 4095 4068
f 4095 4096 4069
f 4096 4097 4070
f 4097 4098 4071
f 4098 4099 4072
f 4099 4100 4073
f 4100 4101 4074
f 4101 4102 4075
f 1916 4085 4058
f 4085 4086 4059
f 4086 4087 4060
f 4087 4088 4061
f 4088 4089 4062
f 4089 4090 4063
f 4090 4091 4064
f 4091 4092 4065
f 4092 4093 4066
f 183 4057 4084
f 4057 4056 4083
f 4056 4055 4082
f 4055 4054 4081
f 4054 4053 4080
f 4053 4052 4079
f 4052 4051 4078
f 4051 4050 4077
f 4050 4049 4076
f 1889 4067 4040
f 4067 4068 4041
f 4068 4069 4042
f 4069 4070 4043
f 4070 4071 4044
f 4071 4072 4045
f 4072 4073 4046
f 4073 4074 4047
f 4074 4075 4048
f 1915 4058 4031
f 4058 4059 4032
f 4059 4060 4033
f 4060 4061 4034
f 4061 4062 4035
f 4062 4063 4036
f 4063 4064 4037
f 4064 4065 4038
f 4065 4066 4039
f 182 4030 4057
f 4030 4029 4056
f 4029 4028 4055
f 4028 4027 4054
f 4027 4026 4053
f 4026 4025 4052
f 4025 4024 4051
f 4024 4023 4050
f 4023 4022 4049
f 1888 4040 4013
f 4040 4041 4014
f 4041 4042 4015
f 4042 4043 4016
f 4043 4044 4017
f 4044 4045 4018
f 4045 4046 4019
f 4046 4047 4020
f 4047 4048 4021
f 1914 4031 4004
f 4031 4032 4005
f 4032 4033 4006
f 4033 4034 4007
f 4034 4035 4008
f 4035 4036 4009
f 4036 4037 4010
f 4037 4038 4011
f 4038 4039 4012
f 181 4003 4030
f 4003 4002 4029
f 4002 4001 4028
f 4001 4000 4027
f 4000 3999 4026
f 3999 3998 4025
f 3998 3997 4024
f 3997 3996 4023
f 3996 3995 4022
f 1887 4013 3986
f 4013 4014 3987
f 4014 4015 3988
f 4015 4016 3989
f 4016 4017 3990
f 4017 4018 3991
f 4018 4019 3992
f 4019 4020 3993
f 4020 4021 3994
f 3 48 3940
f 3788 3940 3939
f 3789 3939 3938
f 3790 3938 3937
f 3791 3937 3936
f 3792 3936 3935
f 3793 3935 3934
f 3934 3933 3795
f 3933 3932 3796
f 1913 4004 3977
f 4004 4005 3978
f 4005 4006 3979
f 4006 4007 3980
f 4007 4008 3981
f 4008 4009 3982
f 4009 4010 3983
f 4010 4011 3984
f 4011 4012 3985
f 180 3976 4003
f 3976 3975 4002
f 3975 3974 4001
f 3974 3973 4000
f 3973 3972 3999
f 3972 3971 3998
f 3971 3970 3997
f 3970 3969 3996
f 3969 3968 3995
f 207 206 3949
f 3545 3949 3948
f 3546 3948 3947
f 3547 3947 3946
f 3548 3946 3945
f 3549 3945 3944
f 3550 3944 3943
f 3943 3942 3552
f 3942 3941 3553
f 1886 3986 3923
f 3986 3987 3924
f 3987 3988 3925
f 3988 3989 3926
f 3989 3990 3927
f 3990 3991 3928
f 3991 3992 3929
f 3992 3993 3930
f 3993 3994 3931
f 1912 3977 3914
f 3977 3978 3915
f 3978 3979 3916
f 3979 3980 3917
f 3980 3981 3918
f 3981 3982 3919
f 3982 3983 3920
f 3983 3984 3921
f 3984 3985 3922
f 179 3913 3976
f 3913 3912 3975
f 3912 3911 3974
f 3911 3910 3973
f 3910 3909 3972
f 3909 3908 3971
f 3908 3907 3970
f 3907 3906 3969
f 3906 3905 3968
f 89 3950 3967
f 3950 3951 3966
f 3951 3952 3965
f 3952 3953 3964
f 3953 3954 3963
f 3954 3955 3962
f 3955 3956 3961
f 3956 3957 3960
f 3957 3958 3959
f 205 3904 3949
f 3904 3903 3948
f 3903 3902 3947
f 3902 3901 3946
f 3901 3900 3945
f 3900 3899 3944
f 3899 3898 3943
f 3898 3897 3942
f 3897 3896 3941
f 1885 3923 3940
f 3923 3924 3939
f 3924 3925 3938
f 3925 3926 3937
f 3926 3927 3936
f 3927 3928 3935
f 3928 3929 3934
f 3929 3930 3933
f 3930 3931 3932
f 191 3869 3868
f 3869 3870 3867
f 3870 3871 3866
f 3871 3872 3865
f 3872 3873 3864
f 3873 3874 3863
f 3874 3875 3862
f 3875 3876 3861
f 3876 3877 3860
f 1898 3851 3850
f 3851 3852 3849
f 3852 3853 3848
f 3853 3854 3847
f 3854 3855 3846
f 3855 3856 3845
f 3856 3857 3844
f 3857 3858 3843
f 3858 3859 3842
f 192 3868 3841
f 3868 3867 3840
f 3867 3866 3839
f 3866 3865 3838
f 3865 3864 3837
f 3864 3863 3836
f 3863 3862 3835
f 3862 3861 3834
f 3861 3860 3833
f 1899 3824 3851
f 3824 3825 3852
f 3825 3826 3853
f 3826 3827 3854
f 3827 3828 3855
f 3828 3829 3856
f 3829 3830 3857
f 3830 3831 3858
f 3831 3832 3859
f 193 3841 3823
f 3841 3840 3822
f 3840 3839 3821
f 3839 3838 3820
f 3838 3837 3819
f 3837 3836 3818
f 3836 3835 3817
f 3835 3834 3816
f 3834 3833 3815
f 1900 3806 3824
f 3806 3807 3825
f 3807 3808 3826
f 3808 3809 3827
f 3809 3810 3828
f 3810 3811 3829
f 3811 3812 3830
f 3812 3813 3831
f 3813 3814 3832
f 194 3823 3805
f 3823 3822 3804
f 3822 3821 3803
f 3821 3820 3802
f 3820 3819 3801
f 3819 3818 3800
f 3818 3817 3799
f 3817 3816 3798
f 3816 3815 3797
f 3 3788 3787
f 3788 3789 3786
f 3789 3790 3785
f 3790 3791 3784
f 3791 3792 3783
f 3792 3793 3782
f 3793 3794 3781
f 3794 3795 3780
f 3795 3796 3779
f 1901 3770 3806
f 3770 3771 3807
f 3771 3772 3808
f 3772 3773 3809
f 3773 3774 3810
f 3774 3775 3811
f 3775 3776 3812
f 3776 3777 3813
f 3777 3778 3814
f 195 3805 3769
f 3805 3804 3768
f 3804 3803 3767
f 3803 3802 3766
f 3802 3801 3765
f 3801 3800 3764
f 3800 3799 3763
f 3799 3798 3762
f 3798 3797 3761
f 169 3787 3760
f 3787 3786 3759
f 3786 3785 3758
f 3785 3784 3757
f 3784 3783 3756
f 3783 3782 3755
f 3782 3781 3754
f 3781 3780 3753
f 3780 3779 3752
f 1902 3743 3770
f 3743 3744 3771
f 3744 3745 3772
f 3745 3746 3773
f 3746 3747 3774
f 3747 3748 3775
f 3748 3749 3776
f 3749 3750 3777
f 3750 3751 3778
f 196 3769 3742
f 3769 3768 3741
f 3768 3767 3740
f 3767 3766 3739
f 3766 3765 3738
f 3765 3764 3737
f 3764 3763 3736
f 3763 3762 3735
f 3762 3761 3734
f 170 3760 3733
f 3760 3759 3732
f 3759 3758 3731
f 3758 3757 3730
f 3757 3756 3729
f 3756 3755 3728
f 3755 3754 3727
f 3754 3753 3726
f 3753 3752 3725
f 1903 3716 3743
f 3716 3717 3744
f 3717 3718 3745
f 3718 3719 3746
f 3719 3720 3747
f 3720 3721 3748
f 3721 3722 3749
f 3722 3723 3750
f 3723 3724 3751
f 197 3742 3715
f 3742 3741 3714
f 3741 3740 3713
f 3740 3739 3712
f 3739 3738 3711
f 3738 3737 3710
f 3737 3736 3709
f 3736 3735 3708
f 3735 3734 3707
f 171 3733 3706
f 3733 3732 3705
f 3732 3731 3704
f 3731 3730 3703
f 3730 3729 3702
f 3729 3728 3701
f 3728 3727 3700
f 3727 3726 3699
f 3726 3725 3698
f 1904 3689 3716
f 3689 3690 3717
f 3690 3691 3718
f 3691 3692 3719
f 3692 3693 3720
f 3693 3694 3721
f 3694 3695 3722
f 3695 3696 3723
f 3696 3697 3724
f 198 3715 3688
f 3715 3714 3687
f 3714 3713 3686
f 3713 3712 3685
f 3712 3711 3684
f 3711 3710 3683
f 3710 3709 3682
f 3709 3708 3681
f 3708 3707 3680
f 172 3706 3679
f 3706 3705 3678
f 3705 3704 3677
f 3704 3703 3676
f 3703 3702 3675
f 3702 3701 3674
f 3701 3700 3673
f 3700 3699 3672
f 3699 3698 3671
f 1905 3662 3689
f 3662 3663 3690
f 3663 3664 3691
f 3664 3665 3692
f 3665 3666 3693
f 3666 3667 3694
f 3667 3668 3695
f 3668 3669 3696
f 3669 3670 3697
f 199 3688 3661
f 3688 3687 3660
f 3687 3686 3659
f 3686 3685 3658
f 3685 3684 3657
f 3684 3683 3656
f 3683 3682 3655
f 3682 3681 3654
f 3681 3680 3653
f 173 3679 3652
f 3679 3678 3651
f 3678 3677 3650
f 3677 3676 3649
f 3676 3675 3648
f 3675 3674 3647
f 3674 3673 3646
f 3673 3672 3645
f 3672 3671 3644
f 1906 3635 3662
f 3635 3636 3663
f 3636 3637 3664
f 3637 3638 3665
f 3638 3639 3666
f 3639 3640 3667
f 3640 3641 3668
f 3641 3642 3669
f 3642 3643 3670
f 200 3661 3634
f 3661 3660 3633
f 3660 3659 3632
f 3659 3658 3631
f 3658 3657 3630
f 3657 3656 3629
f 3656 3655 3628
f 3655 3654 3627
f 3654 3653 3626
f 174 3652 3625
f 3652 3651 3624
f 3651 3650 3623
f 3650 3649 3622
f 3649 3648 3621
f 3648 3647 3620
f 3647 3646 3619
f 3646 3645 3618
f 3645 3644 3617
f 1907 3608 3635
f 3608 3609 3636
f 3609 3610 3637
f 3610 3611 3638
f 3611 3612 3639
f 3612 3613 3640
f 3613 3614 3641
f 3614 3615 3642
f 3615 3616 3643
f 201 3634 3607
f 3634 3633 3606
f 3633 3632 3605
f 3632 3631 3604
f 3631 3630 3603
f 3630 3629 3602
f 3629 3628 3601
f 3628 3627 3600
f 3627 3626 3599
f 175 3625 3598
f 3625 3624 3597
f 3624 3623 3596
f 3623 3622 3595
f 3622 3621 3594
f 3621 3620 3593
f 3620 3619 3592
f 3619 3618 3591
f 3618 3617 3590
f 1908 3581 3608
f 3581 3582 3609
f 3582 3583 3610
f 3583 3584 3611
f 3584 3585 3612
f 3585 3586 3613
f 3586 3587 3614
f 3587 3588 3615
f 3588 3589 3616
f 202 3607 3580
f 3607 3606 3579
f 3606 3605 3578
f 3605 3604 3577
f 3604 3603 3576
f 3603 3602 3575
f 3602 3601 3574
f 3601 3600 3573
f 3600 3599 3572
f 176 3598 3571
f 3598 3597 3570
f 3597 3596 3569
f 3596 3595 3568
f 3595 3594 3567
f 3594 3593 3566
f 3593 3592 3565
f 3592 3591 3564
f 3591 3590 3563
f 1909 3554 3581
f 3554 3555 3582
f 3555 3556 3583
f 3556 3557 3584
f 3557 3558 3585
f 3558 3559 3586
f 3559 3560 3587
f 3560 3561 3588
f 3561 3562 3589
f 207 3545 3544
f 3545 3546 3543
f 3546 3547 3542
f 3547 3548 3541
f 3548 3549 3540
f 3549 3550 3539
f 3550 3551 3538
f 3551 3552 3537
f 3552 3553 3536
f 203 3580 3535
f 3580 3579 3534
f 3579 3578 3533
f 3578 3577 3532
f 3577 3576 3531
f 3576 3575 3530
f 3575 3574 3529
f 3574 3573 3528
f 3573 3572 3527
f 177 3571 3886
f 3571 3570 3885
f 3570 3569 3884
f 3569 3568 3883
f 3568 3567 3882
f 3567 3566 3881
f 3566 3565 3880
f 3565 3564 3879
f 3564 3563 3878
f 1910 3887 3554
f 3887 3888 3555
f 3888 3889 3556
f 3889 3890 3557
f 3890 3891 3558
f 3891 3892 3559
f 3892 3893 3560
f 3893 3894 3561
f 3894 3895 3562
f 204 3535 3904
f 3535 3534 3903
f 3534 3533 3902
f 3533 3532 3901
f 3532 3531 3900
f 3531 3530 3899
f 3530 3529 3898
f 3529 3528 3897
f 3528 3527 3896
f 178 3886 3913
f 3886 3885 3912
f 3885 3884 3911
f 3884 3883 3910
f 3883 3882 3909
f 3882 3881 3908
f 3881 3880 3907
f 3880 3879 3906
f 3879 3878 3905
f 1911 3914 3887
f 3914 3915 3888
f 3915 3916 3889
f 3916 3917 3890
f 3917 3918 3891
f 3918 3919 3892
f 3919 3920 3893
f 3920 3921 3894
f 3921 3922 3895
f 4267 4346 4345
f 4268 4345 4344
f 4269 4344 4343
f 4270 4343 4342
f 4271 4342 4341
f 4272 4341 4340
f 4273 4340 4339
f 4274 4339 4338
f 4275 4338 4337
f 4276 4337 4336
f 4277 4336 4335
f 4278 4335 4334
f 4279 4334 4333
f 4280 4333 4332
f 4281 4332 4331
f 4282 4331 4330
f 4283 4330 4329
f 4284 4329 4328
f 4285 4328 4327
f 4287 4286 4327
f 4287 4326 4325
f 4288 4325 4324
f 4289 4324 4323
f 4290 4323 4322
f 4291 4322 4321
f 4292 4321 4320
f 4293 4320 4319
f 4294 4319 4318
f 4295 4318 4317
f 4296 4317 4316
f 4297 4316 4315
f 4298 4315 4314
f 4299 4314 4313
f 4300 4313 4312
f 4301 4312 4311
f 4302 4311 4310
f 4303 4310 4309
f 4304 4309 4308
f 4306 4305 4308
f 4266 4265 4346
f 4878 4292 4293
f 4608 4341 4342
f 4761 4266 4267
f 4572 4343 4344
f 4536 4308 4309
f 4887 4293 4294
f 4896 4267 4268
f 4518 4345 4346
f 4491 4310 4311
f 4905 4294 4295
f 4914 4268 4269
f 4599 4306 4307
f 4923 4295 4296
f 4932 4269 4270
f 4941 4296 4297
f 4950 4270 4271
f 4473 4312 4313
f 4428 4314 4315
f 4959 4297 4298
f 4968 4271 4272
f 4401 4316 4317
f 4977 4298 4299
f 4383 4318 4319
f 4986 4272 4273
f 4356 4320 4321
f 4995 4299 4300
f 5004 4273 4274
f 4698 4322 4323
f 4725 4324 4325
f 5013 4300 4301
f 5022 4274 4275
f 4752 4326 4327
f 5031 4301 4302
f 4779 4328 4329
f 5040 4275 4276
f 4806 4330 4331
f 5049 4302 4303
f 5058 4276 4277
f 4824 4332 4333
f 4851 4334 4335
f 5067 4303 4304
f 5076 4277 4278
f 19 5084 4635
f 5084 5083 4636
f 5083 5082 4637
f 5082 5081 4638
f 5081 5080 4639
f 5080 5079 4640
f 5079 5078 4641
f 5078 5077 4642
f 5077 5076 4643
f 45 5075 4671
f 5075 5074 4672
f 5074 5073 4673
f 5073 5072 4674
f 5072 5071 4675
f 5071 5070 4676
f 5070 5069 4677
f 5069 5068 4678
f 5068 5067 4679
f 2938 4859 4869
f 4859 4858 4870
f 4858 4857 4871
f 4857 4856 4872
f 4856 4855 4873
f 4855 4854 4874
f 4854 4853 4875
f 4853 4852 4876
f 4852 4851 4877
f 2860 4832 4842
f 4832 4831 4843
f 4831 4830 4844
f 4830 4829 4845
f 4829 4828 4846
f 4828 4827 4847
f 4827 4826 4848
f 4826 4825 4849
f 4825 4824 4850
f 18 5066 5084
f 5066 5065 5083
f 5065 5064 5082
f 5064 5063 5081
f 5063 5062 5080
f 5062 5061 5079
f 5061 5060 5078
f 5060 5059 5077
f 5059 5058 5076
f 44 5057 5075
f 5057 5056 5074
f 5056 5055 5073
f 5055 5054 5072
f 5054 5053 5071
f 5053 5052 5070
f 5052 5051 5069
f 5051 5050 5068
f 5050 5049 5067
f 2782 4814 4815
f 4814 4813 4816
f 4813 4812 4817
f 4812 4811 4818
f 4811 4810 4819
f 4810 4809 4820
f 4809 4808 4821
f 4808 4807 4822
f 4807 4806 4823
f 17 5048 5066
f 5048 5047 5065
f 5047 5046 5064
f 5046 5045 5063
f 5045 5044 5062
f 5044 5043 5061
f 5043 5042 5060
f 5042 5041 5059
f 5041 5040 5058
f 2704 4787 4797
f 4787 4786 4798
f 4786 4785 4799
f 4785 4784 4800
f 4784 4783 4801
f 4783 4782 4802
f 4782 4781 4803
f 4781 4780 4804
f 4780 4779 4805
f 43 5039 5057
f 5039 5038 5056
f 5038 5037 5055
f 5037 5036 5054
f 5036 5035 5053
f 5035 5034 5052
f 5034 5033 5051
f 5033 5032 5050
f 5032 5031 5049
f 2626 4760 4770
f 4760 4759 4771
f 4759 4758 4772
f 4758 4757 4773
f 4757 4756 4774
f 4756 4755 4775
f 4755 4754 4776
f 4754 4753 4777
f 4753 4752 4778
f 16 5030 5048
f 5030 5029 5047
f 5029 5028 5046
f 5028 5027 5045
f 5027 5026 5044
f 5026 5025 5043
f 5025 5024 5042
f 5024 5023 5041
f 5023 5022 5040
f 42 5021 5039
f 5021 5020 5038
f 5020 5019 5037
f 5019 5018 5036
f 5018 5017 5035
f 5017 5016 5034
f 5016 5015 5033
f 5015 5014 5032
f 5014 5013 5031
f 2548 4733 4743
f 4733 4732 4744
f 4732 4731 4745
f 4731 4730 4746
f 4730 4729 4747
f 4729 4728 4748
f 4728 4727 4749
f 4727 4726 4750
f 4726 4725 4751
f 2470 4706 4716
f 4706 4705 4717
f 4705 4704 4718
f 4704 4703 4719
f 4703 4702 4720
f 4702 4701 4721
f 4701 4700 4722
f 4700 4699 4723
f 4699 4698 4724
f 15 5012 5030
f 5012 5011 5029
f 5011 5010 5028
f 5010 5009 5027
f 5009 5008 5026
f 5008 5007 5025
f 5007 5006 5024
f 5006 5005 5023
f 5005 5004 5022
f 41 5003 5021
f 5003 5002 5020
f 5002 5001 5019
f 5001 5000 5018
f 5000 4999 5017
f 4999 4998 5016
f 4998 4997 5015
f 4997 4996 5014
f 4996 4995 5013
f 2392 4364 4347
f 4364 4363 4348
f 4363 4362 4349
f 4362 4361 4350
f 4361 4360 4351
f 4360 4359 4352
f 4359 4358 4353
f 4358 4357 4354
f 4357 4356 4355
f 14 4994 5012
f 4994 4993 5011
f 4993 4992 5010
f 4992 4991 5009
f 4991 4990 5008
f 4990 4989 5007
f 4989 4988 5006
f 4988 4987 5005
f 4987 4986 5004
f 2314 4391 4365
f 4391 4390 4366
f 4390 4389 4367
f 4389 4388 4368
f 4388 4387 4369
f 4387 4386 4370
f 4386 4385 4371
f 4385 4384 4372
f 4384 4383 4373
f 40 4985 5003
f 4985 4984 5002
f 4984 4983 5001
f 4983 4982 5000
f 4982 4981 4999
f 4981 4980 4998
f 4980 4979 4997
f 4979 4978 4996
f 4978 4977 4995
f 2236 4409 4392
f 4409 4408 4393
f 4408 4407 4394
f 4407 4406 4395
f 4406 4405 4396
f 4405 4404 4397
f 4404 4403 4398
f 4403 4402 4399
f 4402 4401 4400
f 13 4976 4994
f 4976 4975 4993
f 4975 4974 4992
f 4974 4973 4991
f 4973 4972 4990
f 4972 4971 4989
f 4971 4970 4988
f 4970 4969 4987
f 4969 4968 4986
f 39 4967 4985
f 4967 4966 4984
f 4966 4965 4983
f 4965 4964 4982
f 4964 4963 4981
f 4963 4962 4980
f 4962 4961 4979
f 4961 4960 4978
f 4960 4959 4977
f 2158 4436 4410
f 4436 4435 4411
f 4435 4434 4412
f 4434 4433 4413
f 4433 4432 4414
f 4432 4431 4415
f 4431 4430 4416
f 4430 4429 4417
f 4429 4428 4418
f 2080 4481 4437
f 4481 4480 4438
f 4480 4479 4439
f 4479 4478 4440
f 4478 4477 4441
f 4477 4476 4442
f 4476 4475 4443
f 4475 4474 4444
f 4474 4473 4445
f 12 4958 4976
f 4958 4957 4975
f 4957 4956 4974
f 4956 4955 4973
f 4955 4954 4972
f 4954 4953 4971
f 4953 4952 4970
f 4952 4951 4969
f 4951 4950 4968
f 38 4949 4967
f 4949 4948 4966
f 4948 4947 4965
f 4947 4946 4964
f 4946 4945 4963
f 4945 4944 4962
f 4944 4943 4961
f 4943 4942 4960
f 4942 4941 4959
f 11 4940 4958
f 4940 4939 4957
f 4939 4938 4956
f 4938 4937 4955
f 4937 4936 4954
f 4936 4935 4953
f 4935 4934 4952
f 4934 4933 4951
f 4933 4932 4950
f 37 4931 4949
f 4931 4930 4948
f 4930 4929 4947
f 4929 4928 4946
f 4928 4927 4945
f 4927 4926 4944
f 4926 4925 4943
f 4925 4924 4942
f 4924 4923 4941
f 48 4607 4545
f 4607 4606 4546
f 4606 4605 4547
f 4605 4604 4548
f 4604 4603 4549
f 4603 4602 4550
f 4602 4601 4551
f 4601 4600 4552
f 4600 4599 4553
f 10 4922 4940
f 4922 4921 4939
f 4921 4920 4938
f 4920 4919 4937
f 4919 4918 4936
f 4918 4917 4935
f 4917 4916 4934
f 4916 4915 4933
f 4915 4914 4932
f 36 4913 4931
f 4913 4912 4930
f 4912 4911 4929
f 4911 4910 4928
f 4910 4909 4927
f 4909 4908 4926
f 4908 4907 4925
f 4907 4906 4924
f 4906 4905 4923
f 2002 4499 4482
f 4499 4498 4483
f 4498 4497 4484
f 4497 4496 4485
f 4496 4495 4486
f 4495 4494 4487
f 4494 4493 4488
f 4493 4492 4489
f 4492 4491 4490
f 3367 4526 4563
f 4526 4525 4564
f 4525 4524 4565
f 4524 4523 4566
f 4523 4522 4567
f 4522 4521 4568
f 4521 4520 4569
f 4520 4519 4570
f 4519 4518 4571
f 9 4904 4922
f 4904 4903 4921
f 4903 4902 4920
f 4902 4901 4919
f 4901 4900 4918
f 4900 4899 4917
f 4899 4898 4916
f 4898 4897 4915
f 4897 4896 4914
f 35 4895 4913
f 4895 4894 4912
f 4894 4893 4911
f 4893 4892 4910
f 4892 4891 4909
f 4891 4890 4908
f 4890 4889 4907
f 4889 4888 4906
f 4888 4887 4905
f 1924 4544 4500
f 4544 4543 4501
f 4543 4542 4502
f 4542 4541 4503
f 4541 4540 4504
f 4540 4539 4505
f 4539 4538 4506
f 4538 4537 4507
f 4537 4536 4508
f 3289 4580 4527
f 4580 4579 4528
f 4579 4578 4529
f 4578 4577 4530
f 4577 4576 4531
f 4576 4575 4532
f 4575 4574 4533
f 4574 4573 4534
f 4573 4572 4535
f 7 4769 4904
f 4769 4768 4903
f 4768 4767 4902
f 4767 4766 4901
f 4766 4765 4900
f 4765 4764 4899
f 4764 4763 4898
f 4763 4762 4897
f 4762 4761 4896
f 3211 4616 4581
f 4616 4615 4582
f 4615 4614 4583
f 4614 4613 4584
f 4613 4612 4585
f 4612 4611 4586
f 4611 4610 4587
f 4610 4609 4588
f 4609 4608 4589
f 34 4886 4895
f 4886 4885 4894
f 4885 4884 4893
f 4884 4883 4892
f 4883 4882 4891
f 4882 4881 4890
f 4881 4880 4889
f 4880 4879 4888
f 4879 4878 4887
f 3016 4689 4688
f 4689 4690 4687
f 4690 4691 4686
f 4686 4691 4692
f 4685 4692 4693
f 4684 4693 4694
f 4683 4694 4695
f 4682 4695 4696
f 4681 4696 4697
f 46 4671 4670
f 4671 4672 4669
f 4672 4673 4668
f 4668 4673 4674
f 4667 4674 4675
f 4666 4675 4676
f 4665 4676 4677
f 4664 4677 4678
f 4663 4678 4679
f 3094 4653 4652
f 4653 4654 4651
f 4654 4655 4650
f 4650 4655 4656
f 4649 4656 4657
f 4648 4657 4658
f 4647 4658 4659
f 4646 4659 4660
f 4645 4660 4661
f 20 4635 4634
f 4635 4636 4633
f 4636 4637 4632
f 4632 4637 4638
f 4631 4638 4639
f 4630 4639 4640
f 4629 4640 4641
f 4628 4641 4642
f 4627 4642 4643
f 3172 4617 4616
f 4617 4618 4615
f 4618 4619 4614
f 4614 4619 4620
f 4613 4620 4621
f 4612 4621 4622
f 4611 4622 4623
f 4610 4623 4624
f 4609 4624 4625
f 47 4670 4607
f 4670 4669 4606
f 4669 4668 4605
f 4668 4667 4604
f 4667 4666 4603
f 4666 4665 4602
f 4665 4664 4601
f 4664 4663 4600
f 4663 4662 4599
f 21 4634 4598
f 4634 4633 4597
f 4633 4632 4596
f 4632 4631 4595
f 4631 4630 4594
f 4630 4629 4593
f 4629 4628 4592
f 4628 4627 4591
f 4627 4626 4590
f 3250 4581 4580
f 4581 4582 4579
f 4582 4583 4578
f 4578 4583 4584
f 4577 4584 4585
f 4576 4585 4586
f 4575 4586 4587
f 4574 4587 4588
f 4573 4588 4589
f 3406 4563 4562
f 4563 4564 4561
f 4564 4565 4560
f 4560 4565 4566
f 4559 4566 4567
f 4558 4567 4568
f 4557 4568 4569
f 4556 4569 4570
f 4555 4570 4571
f 1885 4545 4544
f 4545 4546 4543
f 4546 4547 4542
f 4542 4547 4548
f 4541 4548 4549
f 4540 4549 4550
f 4539 4550 4551
f 4538 4551 4552
f 4537 4552 4553
f 3328 4527 4526
f 4527 4528 4525
f 4528 4529 4524
f 4524 4529 4530
f 4523 4530 4531
f 4522 4531 4532
f 4521 4532 4533
f 4520 4533 4534
f 4519 4534 4535
f 22 4598 4517
f 4598 4597 4516
f 4597 4596 4515
f 4596 4595 4514
f 4595 4594 4513
f 4594 4593 4512
f 4593 4592 4511
f 4592 4591 4510
f 4591 4590 4509
f 1963 4500 4499
f 4500 4501 4498
f 4501 4502 4497
f 4497 4502 4503
f 4496 4503 4504
f 4495 4504 4505
f 4494 4505 4506
f 4493 4506 4507
f 4492 4507 4508
f 2041 4482 4481
f 4482 4483 4480
f 4483 4484 4479
f 4479 4484 4485
f 4478 4485 4486
f 4477 4486 4487
f 4476 4487 4488
f 4475 4488 4489
f 4474 4489 4490
f 23 4517 4472
f 4517 4516 4471
f 4516 4515 4470
f 4515 4514 4469
f 4514 4513 4468
f 4513 4512 4467
f 4512 4511 4466
f 4511 4510 4465
f 4510 4509 4464
f 24 4472 4463
f 4472 4471 4462
f 4471 4470 4461
f 4470 4469 4460
f 4469 4468 4459
f 4468 4467 4458
f 4467 4466 4457
f 4466 4465 4456
f 4465 4464 4455
f 25 4463 4454
f 4463 4462 4453
f 4462 4461 4452
f 4461 4460 4451
f 4460 4459 4450
f 4459 4458 4449
f 4458 4457 4448
f 4457 4456 4447
f 4456 4455 4446
f 2119 4437 4436
f 4437 4438 4435
f 4438 4439 4434
f 4434 4439 4440
f 4433 4440 4441
f 4432 4441 4442
f 4431 4442 4443
f 4430 4443 4444
f 4429 4444 4445
f 26 4454 4427
f 4454 4453 4426
f 4453 4452 4425
f 4452 4451 4424
f 4451 4450 4423
f 4450 4449 4422
f 4449 4448 4421
f 4448 4447 4420
f 4447 4446 4419
f 2197 4410 4409
f 4410 4411 4408
f 4411 4412 4407
f 4407 4412 4413
f 4406 4413 4414
f 4405 4414 4415
f 4404 4415 4416
f 4403 4416 4417
f 4402 4417 4418
f 2275 4392 4391
f 4392 4393 4390
f 4393 4394 4389
f 4389 4394 4395
f 4388 4395 4396
f 4387 4396 4397
f 4386 4397 4398
f 4385 4398 4399
f 4384 4399 4400
f 27 4427 4382
f 4427 4426 4381
f 4426 4425 4380
f 4425 4424 4379
f 4424 4423 4378
f 4423 4422 4377
f 4422 4421 4376
f 4421 4420 4375
f 4420 4419 4374
f 2353 4365 4364
f 4365 4366 4363
f 4366 4367 4362
f 4362 4367 4368
f 4361 4368 4369
f 4360 4369 4370
f 4359 4370 4371
f 4358 4371 4372
f 4357 4372 4373
f 2431 4347 4706
f 4347 4348 4705
f 4348 4349 4704
f 4704 4349 4350
f 4703 4350 4351
f 4702 4351 4352
f 4701 4352 4353
f 4700 4353 4354
f 4699 4354 4355
f 28 4382 4715
f 4382 4381 4714
f 4381 4380 4713
f 4380 4379 4712
f 4379 4378 4711
f 4378 4377 4710
f 4377 4376 4709
f 4376 4375 4708
f 4375 4374 4707
f 2509 4716 4733
f 4716 4717 4732
f 4717 4718 4731
f 4731 4718 4719
f 4730 4719 4720
f 4729 4720 4721
f 4728 4721 4722
f 4727 4722 4723
f 4726 4723 4724
f 29 4715 4742
f 4715 4714 4741
f 4714 4713 4740
f 4713 4712 4739
f 4712 4711 4738
f 4711 4710 4737
f 4710 4709 4736
f 4709 4708 4735
f 4708 4707 4734
f 2587 4743 4760
f 4743 4744 4759
f 4744 4745 4758
f 4758 4745 4746
f 4757 4746 4747
f 4756 4747 4748
f 4755 4748 4749
f 4754 4749 4750
f 4753 4750 4751
f 285 4562 4769
f 4562 4561 4768
f 4561 4560 4767
f 4560 4559 4766
f 4559 4558 4765
f 4558 4557 4764
f 4557 4556 4763
f 4556 4555 4762
f 4555 4554 4761
f 2665 4770 4787
f 4770 4771 4786
f 4771 4772 4785
f 4785 4772 4773
f 4784 4773 4774
f 4783 4774 4775
f 4782 4775 4776
f 4781 4776 4777
f 4780 4777 4778
f 30 4742 4796
f 4742 4741 4795
f 4741 4740 4794
f 4740 4739 4793
f 4739 4738 4792
f 4738 4737 4791
f 4737 4736 4790
f 4736 4735 4789
f 4735 4734 4788
f 2743 4797 4814
f 4797 4798 4813
f 4798 4799 4812
f 4812 4799 4800
f 4811 4800 4801
f 4810 4801 4802
f 4809 4802 4803
f 4808 4803 4804
f 4807 4804 4805
f 2821 4815 4832
f 4815 4816 4831
f 4816 4817 4830
f 4830 4817 4818
f 4829 4818 4819
f 4828 4819 4820
f 4827 4820 4821
f 4826 4821 4822
f 4825 4822 4823
f 31 4796 4841
f 4796 4795 4840
f 4795 4794 4839
f 4794 4793 4838
f 4793 4792 4837
f 4792 4791 4836
f 4791 4790 4835
f 4790 4789 4834
f 4789 4788 4833
f 2899 4842 4859
f 4842 4843 4858
f 4843 4844 4857
f 4857 4844 4845
f 4856 4845 4846
f 4855 4846 4847
f 4854 4847 4848
f 4853 4848 4849
f 4852 4849 4850
f 32 4841 4868
f 4841 4840 4867
f 4840 4839 4866
f 4839 4838 4865
f 4838 4837 4864
f 4837 4836 4863
f 4836 4835 4862
f 4835 4834 4861
f 4834 4833 4860
f 2977 4869 4689
f 4869 4870 4690
f 4870 4871 4691
f 4871 4872 4692
f 4872 4873 4693
f 4873 4874 4694
f 4874 4875 4695
f 4875 4876 4696
f 4876 4877 4697
f 3055 4688 4653
f 4688 4687 4654
f 4687 4686 4655
f 4686 4685 4656
f 4685 4684 4657
f 4684 4683 4658
f 4683 4682 4659
f 4682 4681 4660
f 4681 4680 4661
f 33 4868 4886
f 4868 4867 4885
f 4867 4866 4884
f 4866 4865 4883
f 4865 4864 4882
f 4864 4863 4881
f 4863 4862 4880
f 4862 4861 4879
f 4861 4860 4878
f 3133 4652 4617
f 4652 4651 4618
f 4651 4650 4619
f 4650 4649 4620
f 4649 4648 4621
f 4648 4647 4622
f 4647 4646 4623
f 4646 4645 4624
f 4645 4644 4625
